Departure station (id);Departure station;Arrival station (id);Arrival station;Length;geo_point_2d
520;HARELBEKE;1212;WAREGEM;8.82800046018578;50.87442202665018, 3.3700840949611575
218;BRUXELL-LUX;227;BRUX-SCHUMAN;0.676257719003781;50.84147538861841, 4.376519137106536
1031;ST-D-BOVESSE;148;BEUZET;1.80135439586103;50.52718924715696, 4.7590287679432866
1131;TERNAT;378;ESSENE-LOMB;3.7037482330348896;50.87874586535031, 4.140346334825467
288;COUR-HEURE;147;BERZEE;2.31772383066874;50.29186025343689, 4.395707381474245
1058;SCHELLEBELLE;1068;SERSKAMP;3.44278611719614;50.994616153568415, 3.9406721162679967
1082;ST-JOR-WEERT;941;OUD-HEVERLEE;3.91492476229195;50.81885472666148, 4.6501577459877215
235;BURST;1130;TERHAGEN;1.75765399167621;50.904872764703995, 3.909108164558169
401;FLEMALLE-GDE;619;JEMEPPE-S-M;1.8992367711934202;50.612133151432445, 5.48924651016581
956;PEPINSTER;957;PEPINST-CITE;0.853194387849495;50.56685876469153, 5.806181143640225
877;LIERSESTWG;590;HOVE;1.89757846538772;51.16201484673867, 4.464834828391569
1021;RUISBROEK;759;LOT;3.37992084527007;50.77818963112536, 4.284333856944451
171;BLERET;991;REMICOURT;2.60685874144961;50.68197837644746, 5.303741539397302
1195;VISE;208;BRESSOUX;13.0097613364015;50.68343713359083, 5.663287782590265
819;MELSELE;58;ANTW-N'DOK'N;36.2720004391276;51.26876976864244, 4.307806098595592
1265;ZELE;319;DENDERMONDE;8.25105720206281;51.05056710586726, 4.083655104560933
58;ANTW-N'DOK'N;1278;ZWIJNDRECHT;36.9333251396287;51.26759557390354, 4.308464959035577
1278;ZWIJNDRECHT;1084;ST-MARIABURG;34.5186094345234;51.26751243216899, 4.3007889734052975
579;HONY;375;ESNEUX;1.1871316938918701;50.53501546504547, 5.572971639918472
1223;WAVRE;120;BASSE-WAVRE;1.46070967937092;50.720661436042356, 4.612882060226238
216;BRUX-CONGRES;215;BRUX-CENTRAL;0.8325454103390819;50.848697362078774, 4.3592700355656095
958;PERUWELZ;246;CALLENELLE;4.9561658557836;50.520528686367086, 3.5592275586425757
683;LANDELIES;585;HOURPES;3.60648077415765;50.372214157797785, 4.328257281991002
12;ACREN;710;LESSINES;2.3373919394454;50.72298158728837, 3.8416974908509918
1761;DELTA;826;MERODE;2.3689521624153898;50.82954356385478, 4.403173973122647
1186;VIJFHUIZEN;104;AALST-KERREB;3.07170162553244;50.946637116319515, 4.0035820056488065
654;KWATRECHT;1234;WETTEREN;3.6012854088346997;50.995940658064946, 3.857713343768993
814;MELKOUWEN;541;HEIST-BERG;3.59507362650207;51.084357752351416, 4.690281618428599
862;MORLANWELZ;250;CARNIERES;1.73800818594006;50.45233163321704, 4.255768321460885
218;BRUXELL-LUX;1973;GERMOIR;0.96288367055149;50.83470146094475, 4.375538692997527
347;EICHEM;67;APPELTERRE;1.92040581342835;50.81830689562545, 3.9830964128895823
801;MARLOIE;788;MARCHE-FAM;3.14992625492155;50.21312385014238, 5.330076170915434
519;HARCHIES;169;BLATON;3.5726006816179403;50.49421033899731, 3.6826469894238976
405;FLOREE;75;ASSESSE;2.87159718009464;50.36428408526749, 5.039565803648768
710;LESSINES;12;ACREN;2.3373919394454;50.72298158728837, 3.8416974908509918
1087;ST-M-BODEGEM;328;DILBEEK;2.76324682227273;50.86784826776146, 4.224333600869691
378;ESSENE-LOMB;1131;TERNAT;3.7037482330348896;50.87874586535031, 4.140346334825467
540;HEIST;212;BRUGGE-ST-P;15.188696942557801;51.283673759584715, 3.2247607952587414
289;COURT-ST-ET;395;FAUX;3.04873913071683;50.63249785372732, 4.560493693314263
366;ERNAGE;261;CHASTRE;2.07162275597765;50.60000320338574, 4.65864144292998
249;CARLSBOURG;480;GRAIDE;5.18020271234475;49.918158009766444, 5.070421516430865
187;BOOISCHOT;541;HEIST-BERG;5.98940128980416;51.05555399694361, 4.741091933206842
630;KALMTHOUT;637;KIJKUIT;1.1693627786521599;51.384488432699555, 4.467015017504103
1213;WAREMME;171;BLERET;2.82377476097421;50.68973099532285, 5.267446990684676
1274;ZOTTEGEM;106;BALEGEM-ZUID;3.62273157968346;50.88530231301668, 3.811514174356411
212;BRUGGE-ST-P;540;HEIST;15.188696942557801;51.283673759584715, 3.2247607952587414
747;LODELINSART;258;CHARL-OUEST;3.06253802443037;50.42431616044728, 4.448326563909867
1145;TIELT;10;AARSELE;6.40420595217736;50.98866939077634, 3.3734139345519134
791;MARCH-AU-PT;1018;ROUX;3.52321021350737;50.42714231186055, 4.392833378267411
318;DENDERLEEUW;725;LIEDEKERKE;2.01733521925494;50.88617841853356, 4.083081510607696
1145;TIELT;724;LICHTERVELDE;17.1185449912703;50.99330217163816, 3.2218412772853373
768;LUTTRE;919;OBAIX-BUZET;3.86866638578236;50.518079117235246, 4.370693967609804
449;GENT-DAMP;447;GENTBRUGGE;2.315575810855;51.04702958861655, 3.747209004973637
553;HERENT;715;LEUVEN;4.791191590417959;50.89886836377066, 4.698477166702547
907;NIJLEN;199;BOUWEL;5.85481554905203;51.16269568380298, 4.706031044187195
313;DAVE-ST-MART;896;NANINNE;3.51192077469265;50.424219030322014, 4.907251798219151
726;LIEGE-GUILL;728;LIEGE-CARRE;1.74582125988393;50.63270562522474, 5.561399870622
615;JEMAPPES;848;MONS;4.37072261207732;50.451143801632284, 3.9145866273506327
277;COMBL-TOUR;996;RIVAGE;4.10346058199586;50.46974286548425, 5.5790114133513224
995;RHISNES;895;NAMUR;5.95509263549377;50.48158520527886, 4.831646501415649
827;MERY;1147;TILFF;3.12235851097456;50.55944140745596, 5.5781758907097005
996;RIVAGE;277;COMBL-TOUR;4.10346058199586;50.46974286548425, 5.5790114133513224
1256;ZANDBERGEN;67;APPELTERRE;1.2952106352267798;50.80969019861747, 3.964787753748556
1973;GERMOIR;218;BRUXELL-LUX;0.96288367055149;50.83470146094475, 4.375538692997527
1368;HAMONT;899;NEERPELT;8.684387215063952;51.23993263445879, 5.484953353153051
277;COMBL-TOUR;510;HAMOIR;4.9118647540091;50.44250042097187, 5.551680741381622
1061;SCHULEN;1350;ZONHOVEN;15.9180619016336;50.95381955977811, 5.278263152760259
977;PUURS;1245;WILLEBROEK;5.25433700034547;51.07044296495213, 4.319595020305486
1912;ARCADES;189;BOONDAEL;0.922614517461714;50.80580874530859, 4.396015681245376
1084;ST-MARIABURG;632;KAPELLEN;2.37054427321055;51.30321580003788, 4.432171692112015
127;BEERNEM;931;OOSTKAMP;5.83862609468763;51.14096047870305, 3.293692288704566
318;DENDERLEEUW;365;EREMBODEGEM;3.39220447147905;50.90387023947304, 4.061323964975107
371;ERQUEL-VILL;1093;SOLRE-SAMBRE;2.04868879110638;50.31166862816273, 4.144134787860377
185;BOMAL;1113;SY;3.66520060494182;50.38935630291319, 5.5287104335586195
1189;VILLERS-LA-V;692;LA ROCHE;3.84487617823721;50.59346869408318, 4.533306180450321
1174;VELTEM;368;ERPS-KWERPS;3.44921306312771;50.89857763407665, 4.609220760673716
267;CH'DFONTAINE;1159;TROOZ;3.58227557418227;50.57927730980482, 5.666056445194795
1189;VILLERS-LA-V;1149;TILLY;3.38746842758513;50.56963314594156, 4.5488718663671595
617;ROCH-JEMELLE;418;FORRIERES;3.23090342249126;50.14705071995819, 5.270514202523411
781;MALDEREN;751;LONDERZEEL;4.63667129087943;51.01243607480529, 4.264201843232561
523;HASSELT;324;DIEPENBEEK;7.12542068250409;50.9214811312723, 5.3704397851734695
1048;SCHAERBEEK;219;BRU AIRPORT;9.6292624531481;50.89838700278043, 4.430732799440681
992;COO;1157;TROIS-PONTS;2.58324913573318;50.38001810370775, 5.877249781217353
27;ANGLEUR;2011;OUGREE;4.99000023867114;50.608439287893354, 5.569446496251015
447;GENTBRUGGE;449;GENT-DAMP;2.315575810855;51.04702958861655, 3.747209004973637
602;IEPER;973;POPERINGE;10.1349721111696;50.85289731904728, 2.807292532005671
621;JETTE;243;BERCHEM-ST-A;3.17825665118003;50.87871378519017, 4.311438482903143
1090;SINT-TRUIDEN;19;ALKEN;11.2556227761405;50.85108611406724, 5.234467645818386
1079;RHODE-ST-G;316;DE HOEK;1.1590775910472801;50.74346168567251, 4.365860538370198
1060;SCHOONAARDE;938;OUDEGEM;3.8163107819225;51.00893719136349, 4.036850218912
637;KIJKUIT;630;KALMTHOUT;1.1693627786521599;51.384488432699555, 4.467015017504103
133;BEIGNEE;514;HAM-S-HEURE;1.4245733679658399;50.32687164338198, 4.406340041571731
368;ERPS-KWERPS;1174;VELTEM;3.44921306312771;50.89857763407665, 4.609220760673716
664;LABUISSIERE;412;FONTAINE-VAL;1.8562334767866902;50.31823789261201, 4.199083068794854
319;DENDERMONDE;102;BAASRODE-ZD;3.75975101673125;51.021873267927205, 4.127624198665662
1265;ZELE;748;LOKEREN;6.28603967017478;51.08892833226516, 4.0070761576766945
496;HABAY;786;MARBEHAN;7.1196425169536495;49.72006755005623, 5.584804380729875
560;HERSEAUX;427;FROYENNES;12.3333024539848;50.670343982346076, 3.2990270505493813
105;BALEGEM-DORP;106;BALEGEM-ZUID;2.38045609791264;50.91064893355483, 3.7987269402949035
382;EUPEN;1226;WELKENRAEDT;5.92286698048543;50.65271578263948, 6.007031750927324
348;EINE;1272;ZINGEM;4.80271084601572;50.88894216962507, 3.636819546196751
1224;WEERDE;363;EPPEGEM;2.317992142068;50.967860964143306, 4.464348538981805
58;ANTW-N'DOK'N;764;LUCHTBAL;2.0413438005841997;51.25263050395021, 4.4259285960657655
559;HERNE;1150;TOLLEMBEEK;2.01737848761227;50.73017085381513, 4.003981409981234
1018;ROUX;791;MARCH-AU-PT;3.52321021350737;50.42714231186055, 4.392833378267411
392;FARCIENNES;700;CAMPINAIRE;0.940344439715458;50.425966391554645, 4.548044876860959
532;HAVERSIN;100;AYE;9.32411571935758;50.24284182669195, 5.24824099073428
255;CHAP-DIEU;438;GEMBLOUX;1.83128787667431;50.564911213619865, 4.697481231536533
266;CHENEE;267;CH'DFONTAINE;3.44558844559281;50.597680885706325, 5.62992176991043
1256;ZANDBERGEN;601;IDEGEM;2.66866093009551;50.80592740590775, 3.938906753765522
699;LEBBEKE;1730;SINT-GILLIS;2.3003490027805302;51.01315556592019, 4.125793677975539
1113;SY;185;BOMAL;3.66520060494182;50.38935630291319, 5.5287104335586195
797;MARIA-AALTER;127;BEERNEM;4.5816677317088;51.11777954316044, 3.358283812208117
351;EKE-NAZARETH;320;DE PINTE;4.81092171837891;50.98318142175888, 3.638158155954317
768;LUTTRE;286;COURC-MOTTE;5.51354406189795;50.485676323583334, 4.393170986841423
1180;VERVIERS-PAL;1177;VERVIERS-C;0.864574182428276;50.58995777492805, 5.859753880580933
615;JEMAPPES;979;QUAREGNON;2.13666268969413;50.45171302193967, 3.87033088943423
565;HEUSDEN;1348;BERINGEN;3.4859826650309;51.042889432202536, 5.257883819137972
957;PEPINST-CITE;629;JUSLENVILLE;2.66680306405604;50.555683491249226, 5.808829579903468
1079;RHODE-ST-G;578;HOLLEKEN;2.1774712695498804;50.75787040982693, 4.3588945877882725
243;BERCHEM-ST-A;621;JETTE;3.17825665118003;50.87871378519017, 4.311438482903143
540;HEIST;337;DUINBERGEN;1.63144968763091;51.33639843607778, 3.251684512053289
380;ETTERBEEK;1973;GERMOIR;1.36804177277411;50.826251400601976, 4.384624518199455
637;KIJKUIT;539;HEIDE;1.61098002352575;51.37217997721423, 4.464460686092282
104;AALST-KERREB;6;AALST;1.1578295747566698;50.9461633691515, 4.03186538737594
1979;TOUR-TAXIS;1768;SIMONIS;0.778884242355081;50.8687715026093, 4.337505332048166
519;HARCHIES;1187;V-POMMEROEUL;2.6458555457356403;50.47309900381949, 3.7117451807857997
617;ROCH-JEMELLE;801;MARLOIE;5.9602406037975895;50.18105560211271, 5.291000616133162
209;BRUGELETTE;832;MEVERG-ATTRE;1.5782165296289699;50.597117293804565, 3.8429302734242388
748;LOKEREN;130;BEERVELDE;7.73170875151176;51.09639616928983, 3.932885905460372
1076;ST-D-BOEKEL;873;MUNKZWALM;2.34704192749606;50.87540572177245, 3.714964985339025
1068;SERSKAMP;1058;SCHELLEBELLE;3.44278611719614;50.994616153568415, 3.9406721162679967
868;MOUSCRON;560;HERSEAUX;3.51888751713172;50.72496486336471, 3.229394150576864
1139;THUIN;744;LOBBES;2.0753576163042498;50.34438606606721, 4.274941593651165
286;COURC-MOTTE;1018;ROUX;2.17882448001213;50.452892387306186, 4.3963872274394875
1135;THEUX;423;FRANCHIMONT;1.38166837331015;50.53049135735151, 5.818381708828037
1234;WETTEREN;1058;SCHELLEBELLE;2.79693611845541;51.003030105856986, 3.901635934398254
784;MANAGE;471;GODARVILLE;4.44363329589168;50.49596930218277, 4.2617299904301635
442;GENDRON-CELL;589;HOUYET;4.8105261614507695;50.200100697368256, 4.984383024443197
636;KIEWIT;1061;SCHULEN;12.7986623585389;50.949803701957265, 5.268873368540411
146;BERTRIX;723;LIBRAMONT;12.0822139473706;49.8885036848054, 5.319989834944906
973;POPERINGE;602;IEPER;10.1349721111696;50.85289731904728, 2.807292532005671
1195;VISE;1151;TONGEREN;21.773670616596903;50.754675635568084, 5.598680491998394
9;AARSCHOT;1238;WEZEMAAL;6.32441236336817;50.969357669907055, 4.786443402414151
58;ANTW-N'DOK'N;819;MELSELE;36.2720004391276;51.26876976864244, 4.307806098595592
1181;VEURNE;327;DIKSMUIDE;15.182164105215499;51.052935303344675, 2.7705896064652054
378;ESSENE-LOMB;725;LIEDEKERKE;1.40213173817226;50.88252875988961, 4.105217838600503
320;DE PINTE;455;GENT-ST-P;6.53827221648006;51.022280186013425, 3.6816295124034935
733;LIERS;835;MILMORT;2.5049803987003303;50.69757282201379, 5.583758764702331
743;LISSEWEGE;1262;ZEEBR-DORP;3.99772472835066;51.31314022286867, 3.191058974281943
201;BRACQUEGNIES;1136;THIEU;2.04694201280507;50.47199939258656, 4.112412231723654
153;BIERGES-WAL;739;LIMAL;2.23500149831494;50.7004793448538, 4.584895751191923
328;DILBEEK;488;G-BIJGAARDEN;2.20379730908584;50.8669756731505, 4.259041971082232
743;LISSEWEGE;1723;ZEEBR-STRAND;3.3758033807868;51.30969665072242, 3.190500507577958
1084;ST-MARIABURG;819;MELSELE;33.8572847340224;51.26875713758405, 4.299909934508523
402;FLEMALLE-HTE;705;LEMAN;0.818782784193107;50.59677830803122, 5.460998488646895
819;MELSELE;1084;ST-MARIABURG;33.8572847340224;51.26875713758405, 4.299909934508523
759;LOT;1021;RUISBROEK;3.37992084527007;50.77818963112536, 4.284333856944451
1194;VIRTON;502;HALANZY;16.6111227739425;49.55300752196852, 5.629743960275536
592;HUY;1102;STATTE;1.1808527153497;50.52632679475918, 5.226778418301167
199;BOUWEL;907;NIJLEN;5.85481554905203;51.16269568380298, 4.706031044187195
807;MAUBRAY;246;CALLENELLE;3.12320672878648;50.53744979683782, 3.511231787422089
1084;ST-MARIABURG;1278;ZWIJNDRECHT;34.518609434523505;51.26751243216899, 4.3007889734052975
369;ERQUELINNES;371;ERQUEL-VILL;1.33171435080629;50.30694493185445, 4.121867129525009
114;BARVAUX;818;MELR-HOTTON;8.6254184264816;50.31801177472987, 5.470189338664005
1061;SCHULEN;636;KIEWIT;12.7986623585388;50.949803701957265, 5.268873368540411
457;GENVAL;997;RIXENSART;1.8764698244967601;50.72018770729717, 4.522482571295309
291;COUVIN;798;MARIEMBOURG;5.24895816130638;50.076903972592895, 4.512845206671124
318;DENDERLEEUW;600;IDDERGEM;1.89724377723968;50.884740575009296, 4.073009996718941
962;PIETON;250;CARNIERES;2.3463443377611304;50.44043464660334, 4.274684413822367
902;NEUFVILLES;805;MASNUY-ST-P;3.65473290062456;50.537676081628675, 3.9869003910228216
404;FLEURUS;82;AUVELAIS;9.351732190184642;50.45461601746983, 4.5793993373582484
567;HEVERLEE;941;OUD-HEVERLEE;4.27256433370117;50.85096837838094, 4.673027072972086
24;AMPSIN;592;HUY;4.27848800719017;50.535930500673395, 5.260742131258775
470;GLONS;733;LIERS;7.21386401964768;50.720081550659415, 5.54557343845397
1272;ZINGEM;434;GAVERE-ASPER;2.45163376229098;50.91996495106783, 3.643632747123773
750;LOMMEL;1666;OVERPELT;7.88020701392755;51.213539320415265, 5.366831650400503
936;OTTIGNIES;975;PROFONDSART;2.87523894227314;50.68299075825538, 4.560186484510586
975;PROFONDSART;997;RIXENSART;2.56976699140769;50.704271823880426, 4.5408046092559795
788;MARCHE-FAM;801;MARLOIE;3.14992625492155;50.21312385014238, 5.330076170915434
1048;SCHAERBEEK;325;DIEGEM;6.72025706808927;50.89099076990905, 4.410447921534436
1244;WILDERT;376;ESSEN;4.00529035906362;51.44515710489826, 4.457279701848945
75;ASSESSE;287;COURRIERE;2.90683407644085;50.37732889898335, 5.0076608965405045
375;ESNEUX;579;HONY;1.1871316938918701;50.53501546504547, 5.572971639918472
514;HAM-S-HEURE;133;BEIGNEE;1.4245733679658399;50.32687164338198, 4.406340041571731
1663;HAREN;1048;SCHAERBEEK;6.073782277891779;50.89076725203895, 4.405810647003902
647;KORTEMARK;724;LICHTERVELDE;5.96108641602288;51.02748520510587, 3.0856832350848933
10;AARSELE;317;DEINZE;8.383183688507101;50.97909848429431, 3.476945743205856
1043;SART-BERNARD;896;NANINNE;1.93451963935651;50.41266241470908, 4.939194075690524
153;BIERGES-WAL;1223;WAVRE;1.17802786930241;50.71186285114349, 4.600167173478206
313;DAVE-ST-MART;610;JAMBES-EST;2.98044454484968;50.44110084148519, 4.879826013755399
235;BURST;345;EDE;4.76032997522386;50.909099003524645, 3.9542975547018138
1228;WELLE;318;DENDERLEEUW;1.9766592737523598;50.89785107207781, 4.061414308821339
1136;THIEU;535;HAVRE;2.93629414907999;50.46861735557736, 4.078402405009076
133;BEIGNEE;612;JAMIOULX;2.80713265543637;50.34329179978765, 4.408473543185549
479;GOUY-PIETON;471;GODARVILLE;2.79297341323937;50.49203881019193, 4.3081691185326205
2011;OUGREE;208;BRESSOUX;8.09471270238334;50.61941229230247, 5.577449660168782
1253;WICHELEN;1060;SCHOONAARDE;2.57729646558143;51.00170708115745, 3.9931220416994537
939;OUDENAARDE;66;ANZEGEM;8.24665566305924;50.835564484703944, 3.5487339848514328
1192;VILVOORDE;229;BUDA;2.0856446780595403;50.91614199623116, 4.42519921080461
566;HEVER;190;BOORTMEERB;2.83576825819117;50.989152213147925, 4.55738205593974
707;LENS;247;CAMBRON-CAST;3.77635082246385;50.57422317390527, 3.889927644127568
446;GENLY;982;QUEVY;5.73752216531307;50.36704003894795, 3.9157146008557273
410;FLORIVAL;954;PECROT;2.09092858346933;50.76974943238414, 4.650632968202086
708;LEOPOLDSBURG;143;BEVERLO;3.85702347648524;51.10446393096888, 5.244653500508638
563;HERZELE;1130;TERHAGEN;1.37698764778239;50.89927010670567, 3.8885308183028124
644;KONTICH-LINT;590;HOVE;2.41077382751372;51.14388111399376, 4.471060062120163
899;NEERPELT;1666;OVERPELT;1.47197082157592;51.21716713301428, 5.431518718888051
364;ERBISOEUL;628;JURBISE;2.98065681042941;50.5195463756285, 3.899225447259235
620;JEMEPPE-S-S;515;HAM-S-SAMBRE;0.774603359769017;50.45227131489945, 4.667693902968159
434;GAVERE-ASPER;1272;ZINGEM;2.45163376229098;50.91996495106783, 3.643632747123773
1146;TIENEN;384;EZEMAAL;6.3079732907403905;50.789743703132935, 4.959720251821919
215;BRUX-CENTRAL;217;BRUXELL-CHAP;0.789979517572293;50.842924122868666, 4.352454486316005
797;MARIA-AALTER;8;AALTER;4.6223638930631;51.09918935859406, 3.4170758250407705
1261;ZEDELGEM;1152;TORHOUT;7.9836934878512;51.09595450797151, 3.1339622993336507
367;ERPE-MERE;110;BAMBRUGGE;2.56116170417345;50.92019702976216, 3.950103007121369
325;DIEGEM;1048;SCHAERBEEK;6.72025706808928;50.89099076990905, 4.410447921534436
488;G-BIJGAARDEN;328;DILBEEK;2.20379730908584;50.8669756731505, 4.259041971082232
685;LANDSKOUTER;474;GONTRODE;1.25201773339745;50.975188670043764, 3.796483574289894
590;HOVE;644;KONTICH-LINT;2.41077382751372;51.14388111399376, 4.471060062120163
1161;TURNHOUT;1144;TIELEN;9.70777400645152;51.28137330063775, 4.916752622199718
259;CHARL-CENTR;281;COUILLET;2.6836630976197497;50.3991308012149, 4.454134476391226
22;AMAY;530;HAUTE-FLONE;1.19794582976461;50.549957792901694, 5.3260454891702125
67;APPELTERRE;1256;ZANDBERGEN;1.2952106352267798;50.80969019861747, 3.964787753748556
585;HOURPES;1139;THUIN;3.24824855788172;50.35033542499596, 4.303212168191932
380;ETTERBEEK;218;BRUXELL-LUX;2.33888870383221;50.829500344083016, 4.381025040690125
894;NAMECHE;1062;SCLAIGNEAUX;3.2014846822609;50.48095462348564, 5.012608658262318
433;GASTUCHE;68;ARCHENNES;2.36969814004111;50.74392408959586, 4.6591243118089265
126;BEAURAING;589;HOUYET;9.73342940130064;50.15372597450995, 4.982283235134702
1081;SAINT-JOB;824;VIVIER D'OIE;1.00327391321572;50.795238746131616, 4.36708518038303
232;BUIZINGEN;759;LOT;1.8015984144312098;50.75833832214224, 4.265614317561855
217;BRUXELL-CHAP;215;BRUX-CENTRAL;0.789979517572293;50.842924122868666, 4.352454486316005
514;HAM-S-HEURE;288;COUR-HEURE;2.3982509336011897;50.31075438783992, 4.398717604372781
1144;TIELEN;1161;TURNHOUT;9.70777400645152;51.28137330063775, 4.916752622199718
682;LANDEGEM;335;DRONGEN;5.679393221149811;51.055859561792815, 3.615315960757812
952;PAPIGNIES;583;HOURAING;1.86747046876375;50.695082574049664, 3.830087010908215
364;ERBISOEUL;462;GHLIN;3.03184537688916;50.494868485939165, 3.892974145669169
342;ECAUSSINNES;790;MARCHE-ECAUS;2.30790909491612;50.55428313924171, 4.166886871053878
316;DE HOEK;1079;RHODE-ST-G;1.1590775910472801;50.74346168567251, 4.365860538370198
848;MONS;615;JEMAPPES;4.37072261207732;50.451143801632284, 3.9145866273506327
589;HOUYET;442;GENDRON-CELL;4.8105261614507695;50.200100697368256, 4.984383024443197
409;FLORENVILLE;146;BERTRIX;20.2909262243548;49.78191710798435, 5.305995831165846
438;GEMBLOUX;754;LONZEE;2.9981827733687703;50.56142494648467, 4.7052513646032965
16;AISEAU;1125;TAMINES;1.79604370104547;50.43001537901756, 4.59673017606216
873;MUNKZWALM;1274;ZOTTEGEM;7.43172118425392;50.86469289078943, 3.776197980072057
210;BRUGGE;212;BRUGGE-ST-P;3.12230384618844;51.20883437334514, 3.2068754805496877
1088;SINT-NIKLAAS;138;BELSELE;4.4365950193757095;51.16122215392683, 4.1161752065767985
730;LIEGE-ST-LAM;728;LIEGE-CARRE;1.12211406370089;50.6442596837052, 5.566674603185239
317;DEINZE;1212;WAREGEM;12.298373367423402;50.93647339707538, 3.4796280120684537
610;JAMBES-EST;313;DAVE-ST-MART;2.98044454484968;50.44110084148519, 4.879826013755399
1242;WIJGMAAL;507;HAMBOS;3.52628096662913;50.93387978760099, 4.681993894713398
515;HAM-S-SAMBRE;620;JEMEPPE-S-S;0.774603359769017;50.45227131489945, 4.667693902968159
642;KNOKKE;337;DUINBERGEN;1.5643771584608301;51.339102303702376, 3.2740810773594866
1212;WAREGEM;520;HARELBEKE;8.82800046018578;50.87442202665018, 3.3700840949611575
568;HILLEGEM;1274;ZOTTEGEM;4.13929815688898;50.88213961658701, 3.833801716931259
919;OBAIX-BUZET;768;LUTTRE;3.86866638578236;50.518079117235246, 4.370693967609804
809;MAZY;255;CHAP-DIEU;5.4858892630526395;50.535958842213184, 4.6873856309606134
805;MASNUY-ST-P;902;NEUFVILLES;3.65473290062456;50.537676081628675, 3.9869003910228216
782;MAFFLE;832;MEVERG-ATTRE;2.7972644463620298;50.60614187619265, 3.816233591920663
366;ERNAGE;438;GEMBLOUX;2.8839986181002;50.58188588012526, 4.678936023817497
866;M-OUDE GOD;590;HOVE;2.0915590842501603;51.16291422069462, 4.460279669298646
1270;ZICHEM;326;DIEST;5.067859872733931;50.99647493128669, 5.018034225253127
406;FLOREFFE;400;FLAWINNE;3.70280637475485;50.448328293903366, 4.7852045110655
215;BRUX-CENTRAL;216;BRUX-CONGRES;0.8325454103390819;50.848697362078774, 4.3592700355656095
1184;VICHTE;66;ANZEGEM;7.34691525359177;50.83122105980077, 3.444377994965092
404;FLEURUS;736;LIGNY;3.51671691262813;50.49647964300913, 4.556731139231012
77;ATH;782;MAFFLE;2.34229208786649;50.62132727350202, 3.788607644602232
1113;SY;510;HAMOIR;4.02315069741812;50.41666771173069, 5.520092045171864
984;QUIEVRAIN;1141;THULIN;4.5156207484558;50.41684327843477, 3.7159004200800605
319;DENDERMONDE;1730;SINT-GILLIS;1.17647508251223;51.023376460032836, 4.109322024489874
1255;YVOIR;329;DINANT;7.5141961574247;50.291635513491265, 4.893222034427802
820;MENEN;1229;WERVIK;5.17075143025056;50.789321644446694, 3.0809366540778313
380;ETTERBEEK;1219;WATERMAEL;1.46872272408301;50.81595918173912, 4.395814076724327
720;LEVAL;158;BINCHE;3.81710479279515;50.418137048012674, 4.192949882721958
724;LICHTERVELDE;647;KORTEMARK;5.96108641602288;51.02748520510587, 3.0856832350848933
977;PUURS;192;BORNEM;3.89283715218467;51.08702907932655, 4.261635025252256
2011;OUGREE;27;ANGLEUR;4.99000023867114;50.608439287893354, 5.569446496251015
1185;VIELSALM;477;GOUVY;11.4247572670028;50.231360735739564, 5.923217362061911
583;HOURAING;952;PAPIGNIES;1.86747046876375;50.695082574049664, 3.830087010908215
744;LOBBES;1139;THUIN;2.0753576163042498;50.34438606606721, 4.274941593651165
231;BUGGENHOUT;781;MALDEREN;2.1622608464621;51.015216452885824, 4.216074997231957
941;OUD-HEVERLEE;567;HEVERLEE;4.27256433370117;50.85096837838094, 4.673027072972086
432;GALMAARDEN;1150;TOLLEMBEEK;2.1968143403725797;50.740071917102924, 3.97903558935048
897;NATOYE;405;FLOREE;1.61504173907981;50.35048409753925, 5.058929645793561
195;BOUSSU;501;HAININ;2.25671910194005;50.431983729948726, 3.781396078187458
501;HAININ;1141;THULIN;1.5672014099493998;50.42572005471247, 3.7563725680913653
1034;ST-GHISLAIN;195;BOUSSU;1.8632705988232001;50.439387339572605, 3.8079937553435563
725;LIEDEKERKE;378;ESSENE-LOMB;1.40213173817226;50.88252875988961, 4.105217838600503
754;LONZEE;438;GEMBLOUX;2.9981827733687703;50.56142494648467, 4.7052513646032965
1274;ZOTTEGEM;568;HILLEGEM;4.13929815688898;50.88213961658701, 3.833801716931259
868;MOUSCRON;649;KORTRIJK;12.730555237484198;50.789395672631, 3.226464366500989
335;DRONGEN;682;LANDEGEM;5.679393221149811;51.055859561792815, 3.615315960757812
192;BORNEM;1128;TEMSE;3.6080933722683697;51.110656793199155, 4.226441973461726
1254;YVES-GOMEZEE;1207;WALCOURT;5.329023676972319;50.245328387236, 4.4600846584788965
261;CHASTRE;167;BLANMONT;1.6344184116429201;50.61354949625303, 4.6434086668178205
392;FARCIENNES;16;AISEAU;2.7331826844654503;50.43305665856462, 4.5680264074009385
811;NEKKERSPOEL;810;MECHELEN;1.50627171557316;51.02327210229693, 4.488016962459996
363;EPPEGEM;1192;VILVOORDE;4.19576877038589;50.94149855072871, 4.444784189307718
38;ANTW-DAM;764;LUCHTBAL;1.33030548437577;51.237533576684434, 4.425305365922539
1130;TERHAGEN;563;HERZELE;1.37698764778239;50.89927010670567, 3.8885308183028124
421;FRAIPONT;901;NESSONVAUX;1.5871855508040902;50.56751148663609, 5.732905188494846
327;DIKSMUIDE;647;KORTEMARK;12.6886138468579;51.024460196415184, 2.9561523964703453
1125;TAMINES;82;AUVELAIS;2.56947052827892;50.441992428787295, 4.618956244474873
120;BASSE-WAVRE;1223;WAVRE;1.46070967937092;50.720661436042356, 4.612882060226238
840;MOL;107;BALEN;4.86503629676836;51.18292006173814, 5.141035158743524
820;MENEN;1235;WEVELGEM;5.26623802006681;50.807422836603834, 3.147476466296918
128;BEERSEL;591;HUIZINGEN;3.15820688728573;50.757436125479394, 4.284701682204071
1152;TORHOUT;724;LICHTERVELDE;4.78074361924811;51.0429250935256, 3.113415029064629
187;BOOISCHOT;132;BEGIJNENDIJK;2.59345466868338;51.02982716690104, 4.786654273020846
518;HANSBEKE;136;BELLEM;3.72263966424408;51.07823125523354, 3.512370501298646
748;LOKEREN;1265;ZELE;6.28603967017478;51.08892833226516, 4.0070761576766945
1141;THULIN;984;QUIEVRAIN;4.5156207484558;50.41684327843477, 3.7159004200800605
400;FLAWINNE;406;FLOREFFE;3.70280637475485;50.448328293903366, 4.7852045110655
318;DENDERLEEUW;1228;WELLE;1.9766592737523598;50.89785107207781, 4.061414308821339
1085;LIERDE;1274;ZOTTEGEM;6.51671151668658;50.84074552825609, 3.815164424097151
110;BAMBRUGGE;235;BURST;1.3335925030828;50.90976029934375, 3.928671229928757
578;HOLLEKEN;742;LINKEBEEK;1.28115577821496;50.77024495868168, 4.34737156817352
442;GENDRON-CELL;34;ANSEREMME;7.05202716100634;50.22075859019033, 4.926690130664421
1093;SOLRE-SAMBRE;371;ERQUEL-VILL;2.04868879110638;50.31166862816273, 4.144134787860377
383;EVERE;191;BORDET;1.2264929316283102;50.8729889180115, 4.405686395095354
319;DENDERMONDE;1265;ZELE;8.25105720206281;51.05056710586726, 4.083655104560933
1168;UCCLE-STALLE;414;FOREST-EST;0.913443737535838;50.80615165583955, 4.321521894312546
1350;ZONHOVEN;1061;SCHULEN;15.9180619016336;50.95381955977811, 5.278263152760259
195;BOUSSU;1034;ST-GHISLAIN;1.8632705988232001;50.439387339572605, 3.8079937553435563
908;NIMY;920;OBOURG;3.7061675368328704;50.47179820322271, 3.981507821778043
415;FOREST-MIDI;220;BRUXELL-MIDI;3.42079482176169;50.82352466971106, 4.322808174073912
976;PRY;1207;WALCOURT;1.36798638191595;50.264668903305264, 4.43521831497757
167;BLANMONT;855;MONT-ST-GUIB;2.71667347110058;50.629778484091894, 4.62536654835847
418;FORRIERES;617;ROCH-JEMELLE;3.23090342249126;50.14705071995819, 5.270514202523411
363;EPPEGEM;1224;WEERDE;2.317992142068;50.967860964143306, 4.464348538981805
22;AMAY;24;AMPSIN;2.4146869537835802;50.54146354260882, 5.305019233981278
1058;SCHELLEBELLE;1253;WICHELEN;3.7556049826404503;51.002431835866666, 3.9481562871705003
592;HUY;24;AMPSIN;4.27848800719017;50.535930500673395, 5.260742131258775
272;CINEY;704;LEIGNON;3.11462254438189;50.27824272634302, 5.097355357911391
199;BOUWEL;1232;WOLFSTEE;2.9683843944033;51.16735727116611, 4.768659505578626
991;REMICOURT;842;MOMALLE;3.40539191695837;50.674279056068826, 5.344510932990958
1231;ZOLDER;1350;ZONHOVEN;6.09047333648202;51.01788920131956, 5.346454180349112
436;GEEL;840;MOL;9.09240953433115;51.179666150062765, 5.052343765852812
183;BOITSFORT;1219;WATERMAEL;1.80481717228469;50.801686242484124, 4.403325129523633
287;COURRIERE;75;ASSESSE;2.90683407644085;50.37732889898335, 5.0076608965405045
472;GODINNE;767;LUSTIN;2.98028620030779;50.35709246780793, 4.876133269550007
1147;TILFF;27;ANGLEUR;6.773363041472391;50.588967019027734, 5.595874957698662
1017;RUISBR-SAUV;977;PUURS;3.1703711852937397;51.07784999903472, 4.305214382132291
715;LEUVEN;553;HERENT;4.791191590417959;50.89886836377066, 4.698477166702547
546;HEMIKSEM;1066;SCHELLE;1.23008126484986;51.130890969211976, 4.339082302940288
136;BELLEM;518;HANSBEKE;3.72263966424408;51.07823125523354, 3.512370501298646
938;OUDEGEM;319;DENDERMONDE;2.88198721034914;51.01905027082966, 4.081846492697603
345;EDE;235;BURST;4.76032997522386;50.909099003524645, 3.9542975547018138
767;LUSTIN;611;JAMBES;10.3122831024572;50.41305853495018, 4.87749580816369
105;BALEGEM-DORP;1056;SCHELDEWIND;2.2371026977688198;50.92826691099838, 3.7833060754498384
563;HERZELE;568;HILLEGEM;1.6725142134553301;50.89410977270345, 3.8684984007443877
1135;THEUX;629;JUSLENVILLE;0.983034769606415;50.54031044318645, 5.812555389439774
1223;WAVRE;153;BIERGES-WAL;1.17802786930241;50.71186285114349, 4.600167173478206
1768;SIMONIS;1979;TOUR-TAXIS;0.778884242355081;50.8687715026093, 4.337505332048166
351;EKE-NAZARETH;434;GAVERE-ASPER;3.54602621727027;50.94594758012391, 3.6332137473250876
375;ESNEUX;974;POULSEUR;3.6197387493268303;50.5149391829739, 5.568827859966619
975;PROFONDSART;936;OTTIGNIES;2.87523894227314;50.68299075825538, 4.560186484510586
8;AALTER;797;MARIA-AALTER;4.6223638930631;51.09918935859406, 3.4170758250407705
895;NAMUR;1009;RONET;3.29885184654795;50.46741250649085, 4.843752085080938
252;CEROUX-MOUST;936;OTTIGNIES;1.49874937517703;50.66586014819816, 4.571374573020141
1177;VERVIERS-C;956;PEPINSTER;3.95175393295989;50.57583736648478, 5.83323827713971
535;HAVRE;1136;THIEU;2.93629414907999;50.46861735557736, 4.078402405009076
1009;RONET;895;NAMUR;3.29885184654795;50.46741250649085, 4.843752085080938
1192;VILVOORDE;1048;SCHAERBEEK;7.017952647271141;50.89677313835698, 4.408993336457313
590;HOVE;877;LIERSESTWG;1.89757846538772;51.16201484673867, 4.464834828391569
188;BOOM;905;NIEL;3.2005070275593397;51.101991369427864, 4.3558708334344685
901;NESSONVAUX;956;PEPINSTER;5.329885825221201;50.56736566672723, 5.775636354011948
261;CHASTRE;366;ERNAGE;2.07162275597765;50.60000320338574, 4.65864144292998
1235;WEVELGEM;820;MENEN;5.26623802006681;50.807422836603834, 3.147476466296918
719;LEUZE;77;ATH;11.9913771722272;50.61519468066922, 3.6964250250909068
523;HASSELT;19;ALKEN;6.49428614587748;50.907319100178164, 5.319490215464105
1128;TEMSE;192;BORNEM;3.6080933722683697;51.110656793199155, 4.226441973461726
24;AMPSIN;22;AMAY;2.4146869537835802;50.54146354260882, 5.305019233981278
629;JUSLENVILLE;957;PEPINST-CITE;2.66680306405604;50.555683491249226, 5.808829579903468
728;LIEGE-CARRE;730;LIEGE-ST-LAM;1.12211406370089;50.6442596837052, 5.566674603185239
504;HALLE;706;LEMBEEK;2.37905195040345;50.724254334820586, 4.230543942300855
979;QUAREGNON;615;JEMAPPES;2.13666268969413;50.45171302193967, 3.87033088943423
77;ATH;989;REBAIX;4.84941228367382;50.64215202386564, 3.7776815287356604
405;FLOREE;897;NATOYE;1.61504173907981;50.35048409753925, 5.058929645793561
600;IDDERGEM;923;OKEGEM;2.4171668333134697;50.866981163198815, 4.061341646327548
70;ARLON;1198;VIVILLE;2.0639221932701997;49.68423066960719, 5.798058948375041
337;DUINBERGEN;642;KNOKKE;1.5643771584608301;51.339102303702376, 3.2740810773594866
1207;WALCOURT;976;PRY;1.36798638191595;50.264668903305264, 4.43521831497757
848;MONS;908;NIMY;2.23928850951676;50.46349808193403, 3.949197796072739
114;BARVAUX;185;BOMAL;3.35742084187726;50.36216928904436, 5.511939994288911
957;PEPINST-CITE;956;PEPINSTER;0.853194387849495;50.56685876469153, 5.806181143640225
489;GRUPONT;418;FORRIERES;5.65674918607321;50.11208046290667, 5.288885538169144
814;MELKOUWEN;142;BERLAAR;3.0955368788505297;51.10445391748378, 4.654743025478656
258;CHARL-OUEST;747;LODELINSART;3.06253802443037;50.42431616044728, 4.448326563909867
1274;ZOTTEGEM;1085;LIERDE;6.51671151668658;50.84074552825609, 3.815164424097151
1073;SINAAI;138;BELSELE;1.63925546433243;51.14728592979761, 4.0789104211434575
19;ALKEN;1090;SINT-TRUIDEN;11.2556227761405;50.85108611406724, 5.234467645818386
1063;SCLESSIN;726;LIEGE-GUILL;2.8097577882607;50.61526274878356, 5.567587801140194
221;BRUXELLES-ND;216;BRUX-CONGRES;0.943358352388166;50.8556291587779, 4.361903839042669
848;MONS;462;GHLIN;5.68743336573186;50.476258993102356, 3.9344019971110824
636;KIEWIT;184;BOKRIJK;4.14080312611445;50.9550663858253, 5.37951877178934
462;GHLIN;364;ERBISOEUL;3.03184537688916;50.494868485939165, 3.892974145669169
752;NEUFCHATEAU;723;LIBRAMONT;9.34092778399956;49.887100624837025, 5.41558223246829
781;MALDEREN;231;BUGGENHOUT;2.1622608464621;51.015216452885824, 4.216074997231957
611;JAMBES;767;LUSTIN;10.3122831024572;50.41305853495018, 4.87749580816369
1141;THULIN;501;HAININ;1.5672014099493998;50.42572005471247, 3.7563725680913653
110;BAMBRUGGE;367;ERPE-MERE;2.56116170417345;50.92019702976216, 3.950103007121369
686;LANGDORP;1134;TESTELT;5.88359350482339;51.00784625872556, 4.904586576923305
954;PECROT;410;FLORIVAL;2.09092858346933;50.76974943238414, 4.650632968202086
414;FOREST-EST;1168;UCCLE-STALLE;0.913443737535838;50.80615165583955, 4.321521894312546
252;CEROUX-MOUST;289;COURT-ST-ET;1.57165718651297;50.6522138466195, 4.568165704361427
643;KOKSIJDE;1181;VEURNE;1.21842429949905;51.07622707806273, 2.66192328250595
413;FORCHIES;962;PIETON;2.6674050890643897;50.433774749105005, 4.304789699192712
169;BLATON;519;HARCHIES;3.5726006816179403;50.49421033899731, 3.6826469894238976
962;PIETON;413;FORCHIES;2.6674050890643897;50.433774749105005, 4.304789699192712
384;EZEMAAL;1146;TIENEN;6.3079732907403905;50.789743703132935, 4.959720251821919
1842;MESSANCY;78;ATHUS;3.73046868884355;49.579086617188715, 5.8263056716719595
821;MERCHTEM;933;OPWIJK;3.49900637920167;50.96589940443018, 4.206649951495931
1278;ZWIJNDRECHT;64;ANTW-ZUID;5.64438228154816;51.20998868167171, 4.359303337611593
938;OUDEGEM;1060;SCHOONAARDE;3.8163107819225;51.00893719136349, 4.036850218912
493;HAACHT;1230;WESPEL-TILD;1.9312125727601799;50.96290979777537, 4.62572883571167
337;DUINBERGEN;540;HEIST;1.63144968763091;51.33639843607778, 3.251684512053289
968;POIX-ST-HUB;489;GRUPONT;10.3528538953018;50.05206525346314, 5.269191811745364
120;BASSE-WAVRE;433;GASTUCHE;2.45111612431456;50.72990939772499, 4.6357483139548075
504;HALLE;232;BUIZINGEN;2.45016354764297;50.7422708860038, 4.2492648892478675
184;BOKRIJK;636;KIEWIT;4.14080312611445;50.9550663858253, 5.37951877178934
710;LESSINES;583;HOURAING;1.12282754151906;50.707928393598394, 3.835867016633159
895;NAMUR;995;RHISNES;5.95509263549377;50.48158520527886, 4.831646501415649
1031;ST-D-BOVESSE;995;RHISNES;3.43607233760005;50.510332511164485, 4.784819765472161
826;MERODE;1761;DELTA;2.3689521624153898;50.82954356385478, 4.403173973122647
458;G'BERGEN;1059;SCHENDELBEKE;3.78825075214971;50.7871980685086, 3.882531953437997
585;HOURPES;683;LANDELIES;3.60648077415765;50.372214157797785, 4.328257281991002
1067;SERAING;2011;OUGREE;1.6812477866121802;50.607443485431276, 5.525547919666631
1087;ST-M-BODEGEM;1131;TERNAT;2.92546046428619;50.87102580706981, 4.185278506286046
2011;OUGREE;1067;SERAING;1.6812477866121802;50.607443485431276, 5.525547919666631
223;BRUX-OUEST;1768;SIMONIS;1.76223482754087;50.85955294664201, 4.32783865692252
325;DIEGEM;1260;ZAVENTEM;2.04855390115139;50.88805619745567, 4.4559166264952355
899;NEERPELT;1368;HAMONT;8.684387215063952;51.23993263445879, 5.484953353153051
707;LENS;628;JURBISE;3.45550373911328;50.544114205784346, 3.910366505058906
1034;ST-GHISLAIN;1187;V-POMMEROEUL;7.84646394155818;50.453768028287364, 3.7728367570955905
649;KORTRIJK;520;HARELBEKE;5.04642023556063;50.83757409265821, 3.292494964297192
821;MERCHTEM;841;MOLLEM;2.45542483750497;50.94327666057636, 4.221738891135661
336;DUFFEL;644;KONTICH-LINT;4.82110815201205;51.11318561714851, 4.4861546463539295
104;AALST-KERREB;1186;VIJFHUIZEN;3.07170162553244;50.946637116319515, 4.0035820056488065
810;MECHELEN;1224;WEERDE;4.736951278110561;50.998588679018525, 4.475923464407026
961;PHILIPPEVILL;798;MARIEMBOURG;13.2194557277946;50.143835297802376, 4.507876599778667
732;LIER;177;BOECHOUT;5.86154367791134;51.14721271838646, 4.5272924370884295
832;MEVERG-ATTRE;782;MAFFLE;2.7972644463620298;50.60614187619265, 3.816233591920663
1084;ST-MARIABURG;352;EKEREN;1.74372573601558;51.284912761530926, 4.434718934060392
692;LA ROCHE;395;FAUX;1.46279708493928;50.61615260861758, 4.5443108641809795
360;ENGHIEN;559;HERNE;3.85929022620632;50.709021126559755, 4.029993330681685
705;LEMAN;402;FLEMALLE-HTE;0.818782784193107;50.59677830803122, 5.460998488646895
910;NINOVE;923;OKEGEM;2.96200137227107;50.84572919400867, 4.041807277391889
664;LABUISSIERE;1093;SOLRE-SAMBRE;2.04945137397069;50.31450873893292, 4.172411229236345
815;MELLE;2089;ANDERLECHT;40.9181333091406;50.904472772864914, 4.041781887381999
1056;SCHELDEWIND;860;MOORTSELE;1.7538708681514;50.945631379085825, 3.7777206875500355
837;MOENSBERG;128;BEERSEL;2.35567068504075;50.77279836542443, 4.315710012454023
855;MONT-ST-GUIB;167;BLANMONT;2.71667347110058;50.629778484091894, 4.62536654835847
128;BEERSEL;837;MOENSBERG;2.35567068504075;50.77279836542443, 4.315710012454023
991;REMICOURT;171;BLERET;2.60685874144961;50.68197837644746, 5.303741539397302
818;MELR-HOTTON;788;MARCHE-FAM;9.75392973469474;50.25031128431647, 5.394939430826888
1068;SERSKAMP;701;LEDE;2.34405051921528;50.977754475064884, 3.9723079095959175
788;MARCHE-FAM;818;MELR-HOTTON;9.75392973469474;50.25031128431647, 5.394939430826888
167;BLANMONT;261;CHASTRE;1.6344184116429201;50.61354949625303, 4.6434086668178205
819;MELSELE;151;BEVEREN(W);1.95633230834169;51.20973596317462, 4.274632277116798
82;AUVELAIS;1125;TAMINES;2.56947052827892;50.441992428787295, 4.618956244474873
954;PECROT;1082;ST-JOR-WEERT;2.49620838192776;50.79022372799072, 4.650313135087112
976;PRY;147;BERZEE;2.60549807265321;50.27604545114984, 4.417382272844284
855;MONT-ST-GUIB;936;OTTIGNIES;4.95940282148638;50.652778305672456, 4.588772791280153
1177;VERVIERS-C;1180;VERVIERS-PAL;0.864574182428276;50.58995777492805, 5.859753880580933
936;OTTIGNIES;855;MONT-ST-GUIB;4.95940282148638;50.652778305672456, 4.588772791280153
997;RIXENSART;975;PROFONDSART;2.56976699140769;50.704271823880426, 4.5408046092559795
936;OTTIGNIES;762;LOUVAIN-LA-N;6.35155414175685;50.657703066546155, 4.594788237348687
997;RIXENSART;457;GENVAL;1.8764698244967601;50.72018770729717, 4.522482571295309
1180;VERVIERS-PAL;331;DOLHAIN-GIL;7.384996741158919;50.60625921506343, 5.9051006077140045
507;HAMBOS;1230;WESPEL-TILD;2.38385647649375;50.95151268811129, 4.650543442175028
331;DOLHAIN-GIL;1180;VERVIERS-PAL;7.384996741158919;50.60625921506343, 5.9051006077140045
1083;ST-KAT-WAVER;336;DUFFEL;2.33836179671462;51.0814630323527, 4.495166600314349
1062;SCLAIGNEAUX;262;CHAT-DE-SEIL;4.14384700438492;50.496082939019665, 5.0538482800862
212;BRUGGE-ST-P;210;BRUGGE;3.12230384618844;51.20883437334514, 3.2068754805496877
1744;LA LOUV-SUD;673;LA LOUV-CTRE;2.71109875458321;50.47062585482951, 4.177878371214524
1226;WELKENRAEDT;382;EUPEN;5.92286698048543;50.65271578263948, 6.007031750927324
673;LA LOUV-CTRE;1744;LA LOUV-SUD;2.71109875458321;50.47062585482951, 4.177878371214524
345;EDE;494;HAALTERT;2.46808674210651;50.90997737869515, 4.004823403071436
939;OUDENAARDE;1013;RENAIX;13.576942428686099;50.791078118364865, 3.6156031201261896
367;ERPE-MERE;1186;VIJFHUIZEN;2.20819375005045;50.93710343221743, 3.9715296999696927
1842;MESSANCY;70;ARLON;11.3521494924974;49.639485059675, 5.83008012992985
1134;TESTELT;686;LANGDORP;5.88359350482339;51.00784625872556, 4.904586576923305
70;ARLON;1842;MESSANCY;11.3521494924974;49.639485059675, 5.83008012992985
706;LEMBEEK;504;HALLE;2.37905195040345;50.724254334820586, 4.230543942300855
139;ANTW-BERCHEM;864;DEURNESTWG;2.1160331207332903;51.190584442401466, 4.439749290403717
801;MARLOIE;100;AYE;2.77336160462047;50.21438478768934, 5.31019030037556
738;LILLOIS;911;NIVELLES;5.6945674923389396;50.6214196286484, 4.348996079429426
933;OPWIJK;542;HEIZIJDE;2.6698716059344;50.98108810130469, 4.172080452655247
205;BRAINE-LE-CT;1092;SOIGNIES;6.15494673010358;50.58597193277727, 4.105330763939828
191;BORDET;383;EVERE;1.2264929316283102;50.8729889180115, 4.405686395095354
1912;ARCADES;380;ETTERBEEK;1.49364064587464;50.81593442561382, 4.395918770891046
873;MUNKZWALM;1076;ST-D-BOEKEL;2.34704192749606;50.87540572177245, 3.714964985339025
1663;HAREN;1192;VILVOORDE;4.227627743551929;50.90718988949581, 4.42445680169605
1843;EVERGEM;1248;WONDELGEM;2.5421946212302102;51.099328816292875, 3.712538034741551
474;GONTRODE;815;MELLE;2.7052279697998403;50.992164201990605, 3.8018282342393626
759;LOT;232;BUIZINGEN;1.8015984144312098;50.75833832214224, 4.265614317561855
1151;TONGEREN;1195;VISE;21.773670616597;50.75467563556816, 5.598680491998394
562;HERSTAL;730;LIEGE-ST-LAM;3.91753917842682;50.654101172472245, 5.597431274092607
604;INGELMUNSTER;606;IZEGEM;3.05362738054106;50.91922758852351, 3.2343618817478297
723;LIBRAMONT;146;BERTRIX;12.0822139473706;49.8885036848054, 5.319989834944906
2011;OUGREE;726;LIEGE-GUILL;5.673038996584349;50.61063419241948, 5.565778121858629
708;LEOPOLDSBURG;107;BALEN;8.735108278380679;51.144881720520026, 5.214089112844788
1348;BERINGEN;143;BEVERLO;4.45271847725327;51.06822345053087, 5.2312725971004985
477;GOUVY;1185;VIELSALM;11.4247572670028;50.231360735739564, 5.923217362061911
143;BEVERLO;1348;BERINGEN;4.45271847725327;51.06822345053087, 5.2312725971004985
1245;WILLEBROEK;977;PUURS;5.25433700034547;51.07044296495213, 4.319595020305486
78;ATHUS;1841;AUBANGE;2.94977113461446;49.559251498707305, 5.816315890712603
941;OUD-HEVERLEE;1082;ST-JOR-WEERT;3.91492476229195;50.81885472666148, 4.6501577459877215
458;G'BERGEN;12;ACREN;4.822783016219001;50.75339387324022, 3.857214320055931
628;JURBISE;364;ERBISOEUL;2.98065681042941;50.5195463756285, 3.899225447259235
621;JETTE;1266;ZELLIK;4.3573054346366;50.88240511287671, 4.303515367640725
1005;ROESELARE;606;IZEGEM;6.85973588542648;50.93255708833939, 3.170168641702251
401;FLEMALLE-GDE;1067;SERAING;5.535939384887319;50.60184961275056, 5.484986068978261
568;HILLEGEM;563;HERZELE;1.6725142134553301;50.89410977270345, 3.8684984007443877
325;DIEGEM;219;BRU AIRPORT;7.06166500407667;50.9018116359355, 4.449001974943198
764;LUCHTBAL;38;ANTW-DAM;1.33030548437577;51.237533576684434, 4.425305365922539
1063;SCLESSIN;971;PONT-SERAING;3.50638585906561;50.61710540962015, 5.534226786740593
970;PONT-CELLES;768;LUTTRE;2.3339924219211396;50.5104841336671, 4.369270534606617
906;NIEUWKERKEN;1088;SINT-NIKLAAS;3.24817919939992;51.178174870930114, 4.163908484262213
399;FEXHE;842;MOMALLE;2.1883210711238696;50.667107140316354, 5.382433202273109
683;LANDELIES;793;MARCH-ZONE;3.97439641057849;50.388927235902806, 4.36900183739208
1973;GERMOIR;380;ETTERBEEK;1.36804177277411;50.826251400601976, 4.384624518199455
815;MELLE;822;MERELBEKE;2.96888218067864;51.011410963556706, 3.780865095949925
1192;VILVOORDE;363;EPPEGEM;4.19576877038589;50.94149855072871, 4.444784189307718
822;MERELBEKE;815;MELLE;2.96888218067864;51.011410963556706, 3.780865095949925
647;KORTEMARK;327;DIKSMUIDE;12.6886138468579;51.024460196415184, 2.9561523964703453
458;G'BERGEN;1182;VIANE-MOERB;4.67376062511729;50.75646651490694, 3.8896286612404447
2089;ANDERLECHT;223;BRUX-OUEST;5.74352256405749;50.82851259849212, 4.313997916571012
684;LANDEN;1213;WAREMME;13.800926954126501;50.72469416691176, 5.165528261039297
924;OLEN;436;GEEL;6.157885737165611;51.17032198030347, 4.9460716672916885
316;DE HOEK;1218;WATERLOO;2.88559759829687;50.72825602900505, 4.379191634499196
208;BRESSOUX;1195;VISE;13.0097613364015;50.68343713359083, 5.663287782590265
920;OBOURG;535;HAVRE;3.67137828361112;50.4704963843792, 4.032549872152908
956;PEPINSTER;901;NESSONVAUX;5.329885825221201;50.56736566672723, 5.775636354011948
924;OLEN;554;HERENTALS;6.04101965088922;51.18083205988739, 4.864245814800873
1350;ZONHOVEN;1231;ZOLDER;6.09047333648202;51.01788920131956, 5.346454180349112
58;ANTW-N'DOK'N;352;EKEREN;1.7841754461744699;51.2693676151918, 4.430296785767446
185;BOMAL;114;BARVAUX;3.35742084187726;50.36216928904436, 5.511939994288911
409;FLORENVILLE;1194;VIRTON;24.777121851737;49.64192867296113, 5.441105976533807
790;MARCHE-ECAUS;342;ECAUSSINNES;2.30790909491612;50.55428313924171, 4.166886871053878
220;BRUXELL-MIDI;414;FOREST-EST;3.17043549932059;50.82429750177266, 4.327112367076354
384;EZEMAAL;900;NEERWINDEN;3.23863700458445;50.76572885803401, 5.014716135426582
532;HAVERSIN;257;CHAPOIS;6.01740388047074;50.26136600938013, 5.1608135488852795
346;EEKLO;1206;WAARSCHOOT;4.0324086861153905;51.16724827923279, 3.5951318549764295
257;CHAPOIS;532;HAVERSIN;6.01740388047074;50.26136600938013, 5.1608135488852795
510;HAMOIR;277;COMBL-TOUR;4.9118647540091;50.44250042097187, 5.551680741381622
591;HUIZINGEN;504;HALLE;2.87907424194344;50.74400972473961, 4.2518620779152325
724;LICHTERVELDE;1152;TORHOUT;4.78074361924811;51.0429250935256, 3.113415029064629
243;BERCHEM-ST-A;488;G-BIJGAARDEN;1.27976700974966;50.87005821885453, 4.2828172886062
281;COUILLET;259;CHARL-CENTR;2.6836630976197497;50.3991308012149, 4.454134476391226
811;NEKKERSPOEL;1083;ST-KAT-WAVER;4.57447050558597;51.05042376234274, 4.493381986104411
1056;SCHELDEWIND;105;BALEGEM-DORP;2.2371026977688198;50.92826691099838, 3.7833060754498384
278;COMINES;602;IEPER;12.782097156812801;50.80995826654803, 2.938214318604273
824;VIVIER D'OIE;189;BOONDAEL;1.6506849367613199;50.797642507362205, 4.384407254114568
931;OOSTKAMP;210;BRUGGE;5.70287125462335;51.17323700031165, 3.2345592553375293
160;BISSEGEM;1235;WEVELGEM;3.3658791926419798;50.818885705757346, 3.2031093563315824
602;IEPER;278;COMINES;12.782097156812801;50.80995826654803, 2.938214318604273
866;M-OUDE GOD;864;DEURNESTWG;1.3045476632576198;51.17722477353391, 4.451503456204706
916;NOSSEGEM;648;KORTENBERG;2.8523239925441497;50.888747491915446, 4.524582235916399
1154;TOURNAI;35;ANTOING;7.2612582506648895;50.59844061293452, 3.424763097073793
565;HEUSDEN;1231;ZOLDER;3.5525675359791697;51.035998872991236, 5.30573623175898
723;LIBRAMONT;752;NEUFCHATEAU;9.34092778399956;49.887100624837025, 5.41558223246829
447;GENTBRUGGE;815;MELLE;5.57760306965422;51.018909943502386, 3.770439663910212
1136;THIEU;201;BRACQUEGNIES;2.04694201280507;50.47199939258656, 4.112412231723654
201;BRACQUEGNIES;673;LA LOUV-CTRE;4.28344861669418;50.4730354492587, 4.153370486648916
933;OPWIJK;821;MERCHTEM;3.49900637920167;50.96589940443018, 4.206649951495931
1663;HAREN;191;BORDET;1.42148073152001;50.88332289369513, 4.41502227104133
895;NAMUR;400;FLAWINNE;5.16293778370442;50.46272538327765, 4.834261255185318
673;LA LOUV-CTRE;201;BRACQUEGNIES;4.28344861669418;50.4730354492587, 4.153370486648916
289;COURT-ST-ET;252;CEROUX-MOUST;1.57165718651297;50.6522138466195, 4.568165704361427
1085;LIERDE;458;G'BERGEN;6.62193740594126;50.79715926045494, 3.855101719227019
37;ANTWERPEN-C;764;LUCHTBAL;3.02424434939072;51.230191295685024, 4.423636765580954
518;HANSBEKE;682;LANDEGEM;2.93200486368439;51.068463061901454, 3.5572465284606785
1062;SCLAIGNEAUX;894;NAMECHE;3.2014846822609;50.48095462348564, 5.012608658262318
682;LANDEGEM;518;HANSBEKE;2.93200486368439;51.068463061901454, 3.5572465284606785
471;GODARVILLE;479;GOUY-PIETON;2.79297341323937;50.49203881019193, 4.3081691185326205
320;DE PINTE;317;DEINZE;8.79058879805361;50.98772721814524, 3.5953985965241744
1130;TERHAGEN;235;BURST;1.75765399167621;50.904872764703995, 3.909108164558169
812;MEISER;826;MERODE;1.6916482767207999;50.84732387363954, 4.396866885158904
835;MILMORT;733;LIERS;2.5049803987003303;50.69757282201379, 5.583758764702331
227;BRUX-SCHUMAN;812;MEISER;2.05023589792891;50.846582277902286, 4.390031929817397
739;LIMAL;153;BIERGES-WAL;2.23500149831494;50.7004793448538, 4.584895751191923
870;MOUSTIER;515;HAM-S-SAMBRE;1.55282376699507;50.45172120417661, 4.683366848778084
400;FLAWINNE;895;NAMUR;5.16293778370442;50.46272538327765, 4.834261255185318
221;BRUXELLES-ND;1048;SCHAERBEEK;2.52527122155048;50.87039367582249, 4.368380096725291
630;KALMTHOUT;1244;WILDERT;4.2201108279672095;51.40873629436038, 4.465507863038504
848;MONS;422;FRAMERIES;6.5227244547183;50.42848571614579, 3.927571092467826
1730;SINT-GILLIS;699;LEBBEKE;2.3003490027805302;51.01315556592019, 4.125793677975539
648;KORTENBERG;368;ERPS-KWERPS;2.95668361112064;50.89479522688556, 4.564119785595712
227;BRUX-SCHUMAN;218;BRUXELL-LUX;0.676257719003781;50.84147538861841, 4.376519137106536
422;FRAMERIES;848;MONS;6.5227244547183;50.42848571614579, 3.927571092467826
257;CHAPOIS;704;LEIGNON;1.31814255121291;50.26517842489933, 5.115989001076955
620;JEMEPPE-S-S;82;AUVELAIS;2.54876558329422;50.447516122791235, 4.647016100186139
835;MILMORT;562;HERSTAL;4.79831140336085;50.674000164714215, 5.6123865732435485
146;BERTRIX;951;PALISEUL;11.9779451151666;49.876340593747365, 5.194573142521021
281;COUILLET;700;CAMPINAIRE;6.4254724976851305;50.405494261108416, 4.507112626278784
166;BLANKENBERGE;212;BRUGGE-ST-P;11.7415975823228;51.273091277815375, 3.1794482094818606
472;GODINNE;1255;YVOIR;4.04297430151845;50.33737228915606, 4.869746873238296
368;ERPS-KWERPS;648;KORTENBERG;2.95668361112064;50.89479522688556, 4.564119785595712
672;LA HULPE;457;GENVAL;1.7378342243873102;50.732191727428884, 4.5055716828265115
895;NAMUR;610;JAMBES-EST;2.53764358378404;50.465252328303905, 4.874862016538687
827;MERY;579;HONY;1.47795494158508;50.543265619212605, 5.581748832081814
610;JAMBES-EST;895;NAMUR;2.53764358378404;50.465252328303905, 4.874862016538687
700;CAMPINAIRE;281;COUILLET;6.4254724976851305;50.405494261108416, 4.507112626278784
732;LIER;644;KONTICH-LINT;6.28232320895415;51.13212403169003, 4.518454357488759
395;FAUX;289;COURT-ST-ET;3.04873913071683;50.63249785372732, 4.560493693314263
1242;WIJGMAAL;715;LEUVEN;4.84227266258064;50.90314173610438, 4.709886261991148
1157;TROIS-PONTS;992;COO;2.58324913573318;50.38001810370775, 5.877249781217353
819;MELSELE;1278;ZWIJNDRECHT;2.5465051408215498;51.21223367301882, 4.306589042400974
319;DENDERMONDE;938;OUDEGEM;2.88198721034914;51.01905027082966, 4.081846492697603
810;MECHELEN;1048;SCHAERBEEK;19.832521382104797;50.93609120935308, 4.452535078430823
1066;SCHELLE;546;HEMIKSEM;1.23008126484986;51.130890969211976, 4.339082302940288
1202;VOROUX;726;LIEGE-GUILL;16.1947847979467;50.62887301862459, 5.516121829296959
106;BALEGEM-ZUID;105;BALEGEM-DORP;2.38045609791264;50.91064893355483, 3.7987269402949035
184;BOKRIJK;1670;GENK;6.56878262168561;50.963642088893195, 5.453279593881133
6;AALST;104;AALST-KERREB;1.1578295747566698;50.9461633691515, 4.03186538737594
447;GENTBRUGGE;822;MERELBEKE;2.61148765019315;51.02827762228061, 3.7571030700913983
810;MECHELEN;811;NEKKERSPOEL;1.50627171557316;51.02327210229693, 4.488016962459996
822;MERELBEKE;447;GENTBRUGGE;2.61148765019315;51.02827762228061, 3.7571030700913983
572;HOEILAART;486;GROENENDAAL;1.4372609548952;50.763165317714076, 4.45839290874061
142;BERLAAR;732;LIER;6.94008005628894;51.13231580184993, 4.600830275675295
1234;WETTEREN;654;KWATRECHT;3.6012854088346997;50.995940658064946, 3.857713343768993
726;LIEGE-GUILL;1202;VOROUX;16.194784797946802;50.62887301862459, 5.516121829296959
320;DE PINTE;351;EKE-NAZARETH;4.81092171837891;50.98318142175888, 3.638158155954317
139;ANTW-BERCHEM;61;ANTW-OOST;1.0990143080659;51.20324400527288, 4.43161536171634
1768;SIMONIS;223;BRUX-OUEST;1.76223482754087;50.85955294664201, 4.32783865692252
414;FOREST-EST;223;BRUX-OUEST;4.8669933313975395;50.8315300819701, 4.321754629513665
767;LUSTIN;472;GODINNE;2.98028620030779;50.35709246780793, 4.876133269550007
1048;SCHAERBEEK;227;BRUX-SCHUMAN;4.61530196315156;50.862082960100906, 4.379120985877332
1979;TOUR-TAXIS;221;BRUXELLES-ND;3.81848270295848;50.87250887892657, 4.3567112794165235
574;HOFSTADE;566;HEVER;3.44219199614579;50.99560821290461, 4.5195320102729255
956;PEPINSTER;1177;VERVIERS-C;3.95175393295989;50.57583736648478, 5.83323827713971
784;MANAGE;673;LA LOUV-CTRE;6.89538028197813;50.49519211521331, 4.208617443458074
221;BRUXELLES-ND;1979;TOUR-TAXIS;3.81848270295848;50.87250887892657, 4.3567112794165235
612;JAMIOULX;259;CHARL-CENTR;9.14075879531722;50.38710429763439, 4.405764435920665
1202;VOROUX;399;FEXHE;2.4397766370117804;50.662124718416734, 5.4141094499589695
263;CHATELET;281;COUILLET;4.25692022595131;50.399820590483024, 4.495809873293768
907;NIJLEN;635;KESSEL;3.3809035938469503;51.15626131588654, 4.641312719729811
281;COUILLET;263;CHATELET;4.25692022595131;50.399820590483024, 4.495809873293768
327;DIKSMUIDE;1181;VEURNE;15.182164105215499;51.052935303344675, 2.7705896064652054
726;LIEGE-GUILL;31;ANS;5.8893038830044695;50.647744103401465, 5.540562760625702
422;FRAMERIES;446;GENLY;1.7329080236835;50.397691392373495, 3.9078111146584087
325;DIEGEM;521;HAREN-SUD;1.95899721866755;50.891317033667136, 4.428484899075552
824;VIVIER D'OIE;1081;SAINT-JOB;1.00327391321572;50.795238746131616, 4.36708518038303
1021;RUISBROEK;415;FOREST-MIDI;2.2895347048273003;50.800921656118966, 4.302933538760657
612;JAMIOULX;133;BEIGNEE;2.80713265543637;50.34329179978765, 4.408473543185549
415;FOREST-MIDI;1021;RUISBROEK;2.2895347048273003;50.800921656118966, 4.302933538760657
423;FRANCHIMONT;1097;SPA;6.096324554447641;50.50030930350234, 5.832924941411228
566;HEVER;574;HOFSTADE;3.44219199614579;50.99560821290461, 4.5195320102729255
870;MOUSTIER;424;FRANIERE;3.39495375983216;50.44599968755585, 4.713476936965972
725;LIEDEKERKE;2089;ANDERLECHT;15.9835643603001;50.847476064788886, 4.19250561220205
127;BEERNEM;797;MARIA-AALTER;4.5816677317088;51.11777954316044, 3.358283812208117
574;HOFSTADE;871;MUIZEN;3.3449626439264297;50.99715000608259, 4.5138214963477665
395;FAUX;692;LA ROCHE;1.46279708493928;50.61615260861758, 4.5443108641809795
2089;ANDERLECHT;725;LIEDEKERKE;15.983564360300202;50.847476064788886, 4.19250561220205
424;FRANIERE;870;MOUSTIER;3.39495375983216;50.44599968755585, 4.713476936965972
27;ANGLEUR;726;LIEGE-GUILL;3.00141033913587;50.617422795115566, 5.582445246375116
905;NIEL;1066;SCHELLE;1.85137330615605;51.11734711248472, 4.337647332931579
504;HALLE;360;ENGHIEN;15.5764354466686;50.710901668947535, 4.145193534763649
601;IDEGEM;1059;SCHENDELBEKE;1.63169265108409;50.79960988759316, 3.910321975285423
263;CHATELET;700;CAMPINAIRE;2.2697321436146;50.41723405334566, 4.531543413494996
480;GRAIDE;249;CARLSBOURG;5.18020271234475;49.918158009766444, 5.070421516430865
1084;ST-MARIABURG;30;ANTW-HAVEN;4.51531490007701;51.28829416348445, 4.409320607964144
171;BLERET;1213;WAREMME;2.82377476097421;50.68973099532285, 5.267446990684676
1167;UCCLE-CALEV;742;LINKEBEEK;2.2781844992225904;50.7820369130547, 4.334599441057362
842;MOMALLE;399;FEXHE;2.1883210711238696;50.667107140316354, 5.382433202273109
132;BEGIJNENDIJK;9;AARSCHOT;5.27493276125206;51.00566968778887, 4.8212975352762735
436;GEEL;924;OLEN;6.157885737165611;51.17032198030347, 4.9460716672916885
1202;VOROUX;27;ANGLEUR;15.5117460400336;50.628675878323214, 5.515863985647589
229;BUDA;1192;VILVOORDE;2.0856446780595403;50.91614199623116, 4.42519921080461
877;LIERSESTWG;863;MORTSEL;2.54831275631972;51.17854994497654, 4.462720711593461
923;OKEGEM;600;IDDERGEM;2.4171668333134697;50.866981163198815, 4.061341646327548
793;MARCH-ZONE;791;MARCH-AU-PT;3.1288480993104;50.40352082611406, 4.400892136439214
255;CHAP-DIEU;809;MAZY;5.4858892630526395;50.535958842213184, 4.6873856309606134
27;ANGLEUR;1202;VOROUX;15.5117460400336;50.628675878323214, 5.515863985647589
432;GALMAARDEN;1182;VIANE-MOERB;3.5016461789054203;50.7486982440821, 3.941178292976035
566;HEVER;871;MUIZEN;2.29580156619449;51.002260528880065, 4.527385636759455
1048;SCHAERBEEK;1192;VILVOORDE;7.017952647271141;50.89677313835698, 4.408993336457313
1184;VICHTE;649;KORTRIJK;9.53491915450548;50.83405242795605, 3.328847390878861
376;ESSEN;1244;WILDERT;4.00529035906362;51.44515710489826, 4.457279701848945
649;KORTRIJK;1184;VICHTE;9.53491915450548;50.83405242795605, 3.328847390878861
1186;VIJFHUIZEN;367;ERPE-MERE;2.20819375005045;50.93710343221743, 3.9715296999696927
220;BRUXELL-MIDI;1021;RUISBROEK;5.77606020566167;50.81507069931783, 4.314981208993911
1097;SPA;459;GERONSTERE;0.758586483166945;50.48985052892362, 5.861005495282056
553;HERENT;1238;WEZEMAAL;9.66916595293485;50.92029185455731, 4.714812622063112
146;BERTRIX;409;FLORENVILLE;20.2909262243548;49.78191710798435, 5.305995831165846
1260;ZAVENTEM;219;BRU AIRPORT;2.7166452474619502;50.88696229877444, 4.482231647019755
724;LICHTERVELDE;1005;ROESELARE;8.69129447170781;50.98850278517619, 3.1259400287611747
219;BRU AIRPORT;1260;ZAVENTEM;2.7166452474619502;50.88696229877444, 4.482231647019755
530;HAUTE-FLONE;22;AMAY;1.19794582976461;50.549957792901694, 5.3260454891702125
266;CHENEE;825;HERGENRATH;36.9860676378607;50.63706332431026, 5.8481332088702365
1091;SLEIDINGE;1206;WAARSCHOOT;4.84601460381176;51.13972050392632, 3.640882594156456
825;HERGENRATH;266;CHENEE;36.9860676378607;50.63706332431026, 5.8481332088702365
1181;VEURNE;643;KOKSIJDE;1.21842429949905;51.07622707806273, 2.66192328250595
916;NOSSEGEM;219;BRU AIRPORT;2.73069732868316;50.88607284714931, 4.4929534879881246
1255;YVOIR;472;GODINNE;4.04297430151845;50.33737228915606, 4.869746873238296
139;ANTW-BERCHEM;37;ANTWERPEN-C;2.22166116612981;51.20721989450565, 4.425750956405077
1219;WATERMAEL;380;ETTERBEEK;1.46872272408301;50.81595918173912, 4.395814076724327
139;ANTW-BERCHEM;64;ANTW-ZUID;3.57933980977918;51.193401187685886, 4.413998232935854
246;CALLENELLE;807;MAUBRAY;3.12320672878648;50.53744979683782, 3.511231787422089
64;ANTW-ZUID;139;ANTW-BERCHEM;3.57933980977918;51.193401187685886, 4.413998232935854
1131;TERNAT;1087;ST-M-BODEGEM;2.92546046428619;50.87102580706981, 4.185278506286046
793;MARCH-ZONE;259;CHARL-CENTR;4.03464710886593;50.40340935655887, 4.4137943203621886
1244;WILDERT;630;KALMTHOUT;4.2201108279672095;51.40873629436038, 4.465507863038504
77;ATH;121;SILLY;13.093790113796901;50.634937146572916, 3.8575610150965285
78;ATHUS;1842;MESSANCY;3.73046868884355;49.579086617188715, 5.8263056716719595
1761;DELTA;1219;WATERMAEL;1.11742968259562;50.814565345716, 4.401620267582116
64;ANTW-ZUID;1278;ZWIJNDRECHT;5.64438228154816;51.20998868167171, 4.359303337611593
1979;TOUR-TAXIS;1048;SCHAERBEEK;3.3703764603252697;50.8757316450881, 4.359425397558988
968;POIX-ST-HUB;723;LIBRAMONT;13.281629809819501;49.96472829029509, 5.332034605824304
219;BRU AIRPORT;810;MECHELEN;15.306330633810099;50.95270265248624, 4.476891609551305
723;LIBRAMONT;968;POIX-ST-HUB;13.281629809819501;49.96472829029509, 5.332034605824304
810;MECHELEN;219;BRU AIRPORT;15.306330633810099;50.95270265248624, 4.476891609551305
489;GRUPONT;968;POIX-ST-HUB;10.3528538953018;50.05206525346314, 5.269191811745364
139;ANTW-BERCHEM;177;BOECHOUT;5.84558194223341;51.18115401074732, 4.463279537250233
232;BUIZINGEN;504;HALLE;2.45016354764297;50.7422708860038, 4.2492648892478675
612;JAMIOULX;258;CHARL-OUEST;9.33173844239923;50.38767433993492, 4.406018706797524
790;MARCHE-ECAUS;391;FAMILLEUREUX;3.8597610448828;50.53265202419709, 4.19426832036673
707;LENS;805;MASNUY-ST-P;5.97543763202848;50.54036601613011, 3.928362488767272
583;HOURAING;710;LESSINES;1.12282754151906;50.707928393598394, 3.835867016633159
805;MASNUY-ST-P;707;LENS;5.97543763202848;50.54036601613011, 3.928362488767272
995;RHISNES;1031;ST-D-BOVESSE;3.43607233760005;50.510332511164485, 4.784819765472161
470;GLONS;1151;TONGEREN;5.92181689636024;50.76554484216921, 5.502925267947227
486;GROENENDAAL;183;BOITSFORT;4.33216375320699;50.77893967902935, 4.427818170191411
132;BEGIJNENDIJK;686;LANGDORP;5.73840528233896;51.00675559291946, 4.831054953624564
992;COO;84;AYWAILLE;23.9314891214335;50.43029421856719, 5.772307676315353
157;BILZEN;324;DIEPENBEEK;8.69047220507005;50.8950735630368, 5.467671758264011
1059;SCHENDELBEKE;458;G'BERGEN;3.78825075214971;50.7871980685086, 3.882531953437997
540;HEIST;743;LISSEWEGE;12.1229009538366;51.29728793676596, 3.227612893927705
789;MARCHE-DAMES;894;NAMECHE;2.82967861853197;50.47493861413259, 4.981531839205489
523;HASSELT;1350;ZONHOVEN;8.11889817661126;50.95484610098005, 5.33121050962739
894;NAMECHE;789;MARCHE-DAMES;2.82967861853197;50.47493861413259, 4.981531839205489
810;MECHELEN;1245;WILLEBROEK;12.875823704371;51.02881390534607, 4.413890470642205
550;HENNUYERES;205;BRAINE-LE-CT;5.8384131826573205;50.62701303188348, 4.158201407881109
1767;BOCKSTAEL;221;BRUXELLES-ND;2.97620666210048;50.87199674634348, 4.360238859224188
1260;ZAVENTEM;325;DIEGEM;2.04855390115139;50.88805619745567, 4.4559166264952355
227;BRUX-SCHUMAN;221;BRUXELLES-ND;5.59752988333056;50.86177983047179, 4.3752661885359725
644;KONTICH-LINT;336;DUFFEL;4.82110815201205;51.11318561714851, 4.4861546463539295
415;FOREST-MIDI;504;HALLE;9.92565325872752;50.770532703325436, 4.2761936520853
936;OTTIGNIES;739;LIMAL;2.5047312675645697;50.68196661666898, 4.569961118515296
649;KORTRIJK;604;INGELMUNSTER;11.410691276612301;50.86240226289622, 3.2493700680298727
177;BOECHOUT;732;LIER;5.86154367791134;51.14721271838646, 4.5272924370884295
743;LISSEWEGE;540;HEIST;12.1229009538366;51.29728793676587, 3.227612893927706
559;HERNE;360;ENGHIEN;3.85929022620632;50.709021126559755, 4.029993330681685
61;ANTW-OOST;38;ANTW-DAM;3.7473550467650396;51.21994336924611, 4.439088597293255
923;OKEGEM;910;NINOVE;2.96200137227107;50.84572919400867, 4.041807277391889
523;HASSELT;1061;SCHULEN;10.5590895712521;50.948123280240274, 5.255892287838339
223;BRUX-OUEST;220;BRUXELL-MIDI;3.69516481897967;50.83786288162233, 4.323798219100443
455;GENT-ST-P;447;GENTBRUGGE;4.39011525596125;51.032507567880764, 3.736834763259341
1043;SART-BERNARD;287;COURRIERE;4.465825097347589;50.40139092925471, 4.9748153267168504
447;GENTBRUGGE;455;GENT-ST-P;4.39011525596125;51.03250756788077, 3.736834763259343
1048;SCHAERBEEK;229;BUDA;4.86935818820788;50.88911662547033, 4.401698931161918
742;LINKEBEEK;1081;SAINT-JOB;3.1662736078315;50.78501158028399, 4.345164428724077
2089;ANDERLECHT;815;MELLE;40.918133309140906;50.904472772864914, 4.041781887381999
220;BRUXELL-MIDI;455;GENT-ST-P;51.9628343764362;50.91382011053206, 4.022637683399205
1107;STOCKEM;1198;VIVILLE;1.29718335708578;49.68966475252152, 5.7767327267126545
455;GENT-ST-P;220;BRUXELL-MIDI;51.96283437643601;50.91382011053206, 4.022637683399205
151;BEVEREN(W);819;MELSELE;1.95633230834169;51.20973596317462, 4.274632277116798
819;MELSELE;30;ANTW-HAVEN;30.1031691937064;51.26535114599321, 4.28240445830302
684;LANDEN;1090;SINT-TRUIDEN;11.3029201226855;50.78265819619063, 5.125505907086065
504;HALLE;77;ATH;37.4705074356006;50.66819154673724, 4.011565725359046
118;BAS-OHA;25;ANDENNE;7.41705407778493;50.509699836859646, 5.143541172111355
77;ATH;504;HALLE;37.470507435600396;50.66819154673724, 4.011565725359046
786;MARBEHAN;752;NEUFCHATEAU;16.0747091967526;49.793118094634515, 5.495983521408335
1278;ZWIJNDRECHT;30;ANTW-HAVEN;30.7644938942076;51.26401869831626, 4.2838650560011775
2089;ANDERLECHT;455;GENT-ST-P;47.9414990475186;50.92113261434061, 3.999059978838729
318;DENDERLEEUW;455;GENT-ST-P;30.2582766371717;50.962095752027075, 3.890215354905471
750;LOMMEL;840;MOL;13.8677493611185;51.201526499220414, 5.212708144368143
208;BRESSOUX;1202;VOROUX;18.616458503745797;50.63069636286923, 5.526550558368494
748;LOKEREN;1073;SINAAI;7.1164345671951;51.12535131356225, 4.0270728525061275
455;GENT-ST-P;223;BRUX-OUEST;53.6848872903273;50.9123818399673, 4.0288099603677745
574;HOFSTADE;363;EPPEGEM;4.5987329060991895;50.97639992014319, 4.475784692032699
725;LIEDEKERKE;220;BRUXELL-MIDI;20.0048996892178;50.842751629460544, 4.216269338984423
363;EPPEGEM;574;HOFSTADE;4.5987329060991895;50.97639992014319, 4.475784692032699
810;MECHELEN;871;MUIZEN;3.0965613322971097;51.01720988795819, 4.499022101961491
871;MUIZEN;810;MECHELEN;3.0965613322971097;51.01720988795819, 4.499022101961491
864;DEURNESTWG;139;ANTW-BERCHEM;2.1160331207332903;51.190584442401466, 4.439749290403717
383;EVERE;812;MEISER;1.6109871874625001;50.861921503838936, 4.396722570279881
812;MEISER;383;EVERE;1.6109871874625001;50.861921503838936, 4.396722570279881
744;LOBBES;412;FONTAINE-VAL;4.77980314847274;50.33322857429824, 4.23671814201684
412;FONTAINE-VAL;744;LOBBES;4.77980314847274;50.33322857429824, 4.23671814201684
553;HERENT;1174;VELTEM;2.7409654776001897;50.9021011575993, 4.652827608175429
1192;VILVOORDE;325;DIEGEM;4.87410253374943;50.90408079282371, 4.427725723504221
706;LEMBEEK;1160;TUBIZE;2.86971461229117;50.704195749242, 4.212410567952989
764;LUCHTBAL;1839;NOORD'KEMPEN;20.961412149767998;51.29650792564206, 4.526355993088482
391;FAMILLEUREUX;790;MARCHE-ECAUS;3.8597610448828;50.53265202419709, 4.19426832036673
837;MOENSBERG;1081;SAINT-JOB;2.8057816292194997;50.78615775955326, 4.344922485312913
1081;SAINT-JOB;837;MOENSBERG;2.8057816292194997;50.78615775955326, 4.344922485312913
1009;RONET;400;FLAWINNE;1.69718966349131;50.455522668643056, 4.8176157519676455
421;FRAIPONT;1159;TROOZ;2.7822231357384397;50.56762121538097, 5.705587357829673
1192;VILVOORDE;1663;HAREN;4.227627743551929;50.90718988949581, 4.42445680169605
1226;WELKENRAEDT;825;HERGENRATH;8.34312238025496;50.67947450420359, 6.017038374863322
791;MARCH-AU-PT;413;FORCHIES;6.3681835663348005;50.427676915743795, 4.362671925865247
1229;WERVIK;278;COMINES;3.58153729811929;50.77805704061865, 3.0229989052046387
413;FORCHIES;791;MARCH-AU-PT;6.3681835663348005;50.427676915743795, 4.362671925865247
1841;AUBANGE;78;ATHUS;2.94977113461446;49.559251498707305, 5.816315890712603
348;EINE;939;OUDENAARDE;2.83846913578377;50.86029499681674, 3.6130124226177736
155;BIERSET-AW;1202;VOROUX;2.1289140919369003;50.6591595496677, 5.445906352692579
12;ACREN;458;G'BERGEN;4.822783016219001;50.75339387324022, 3.857214320055931
35;ANTOING;807;MAUBRAY;4.02353527906653;50.55840456710785, 3.4736226802411063
621;JETTE;1767;BOCKSTAEL;1.14692614578279;50.88100916500525, 4.340799544717782
1767;BOCKSTAEL;621;JETTE;1.14692614578279;50.88100916500525, 4.340799544717782
406;FLOREFFE;424;FRANIERE;2.4725597671145203;50.438411865347256, 4.74869650837387
793;MARCH-ZONE;683;LANDELIES;3.97439641057849;50.388927235902806, 4.36900183739208
1182;VIANE-MOERB;458;G'BERGEN;4.67376062511729;50.75646651490694, 3.8896286612404447
352;EKEREN;1084;ST-MARIABURG;1.74372573601558;51.284912761530926, 4.434718934060392
401;FLEMALLE-GDE;705;LEMAN;1.29778999764382;50.60207418508793, 5.47339131622995
1061;SCHULEN;326;DIEST;10.054659167573;50.97965525548508, 5.1179186075921255
1144;TIELEN;554;HERENTALS;8.14124138243421;51.21006367782221, 4.861323688511461
361;ENGIS;402;FLEMALLE-HTE;4.07660302793387;50.588648679054664, 5.429267604157493
402;FLEMALLE-HTE;361;ENGIS;4.07660302793387;50.588648679054664, 5.429267604157493
272;CINEY;897;NATOYE;6.27460580365419;50.315936115232695, 5.07288591160992
979;QUAREGNON;1034;ST-GHISLAIN;2.64990965067755;50.446523537149176, 3.837740597357057
352;EKEREN;58;ANTW-N'DOK'N;1.7841754461744699;51.2693676151918, 4.430296785767446
1194;VIRTON;409;FLORENVILLE;24.777121851737;49.64192867296113, 5.441105976533807
996;RIVAGE;974;POULSEUR;4.03770507288899;50.50077405618827, 5.588674944116075
335;DRONGEN;455;GENT-ST-P;4.20719003568979;51.04131381820389, 3.681871586221051
455;GENT-ST-P;335;DRONGEN;4.20719003568979;51.04131381820389, 3.681871586221051
449;GENT-DAMP;1248;WONDELGEM;5.1311386402896;51.07303405111632, 3.729409010842435
414;FOREST-EST;220;BRUXELL-MIDI;3.17043549932059;50.82429750177266, 4.327112367076354
504;HALLE;591;HUIZINGEN;2.87907424194344;50.74400972473961, 4.2518620779152325
809;MAZY;620;JEMEPPE-S-S;7.37786847483701;50.48222850239966, 4.67069089358204
620;JEMEPPE-S-S;809;MAZY;7.37786847483701;50.48222850239966, 4.67069089358204
184;BOKRIJK;157;BILZEN;16.1396272074051;50.93569098833389, 5.474398376454037
1979;TOUR-TAXIS;227;BRUX-SCHUMAN;6.52420829934143;50.86663220068738, 4.368684418805927
488;G-BIJGAARDEN;243;BERCHEM-ST-A;1.27976700974966;50.87005821885453, 4.2828172886062
1083;ST-KAT-WAVER;811;NEKKERSPOEL;4.57447050558597;51.05042376234274, 4.493381986104411
210;BRUGGE;931;OOSTKAMP;5.70287125462335;51.17323700031165, 3.2345592553375293
1231;ZOLDER;565;HEUSDEN;3.5525675359791697;51.035998872991236, 5.30573623175898
815;MELLE;447;GENTBRUGGE;5.57760306965422;51.018909943502386, 3.770439663910212
191;BORDET;1663;HAREN;1.42148073152001;50.88332289369513, 4.41502227104133
911;NIVELLES;919;OBAIX-BUZET;7.71498437129624;50.57029977858746, 4.351596985974932
919;OBAIX-BUZET;911;NIVELLES;7.71498437129624;50.57029977858746, 4.351596985974932
502;HALANZY;1841;AUBANGE;4.6233676632586205;49.56283171856951, 5.770509474128408
1841;AUBANGE;502;HALANZY;4.6233676632586205;49.56283171856951, 5.770509474128408
329;DINANT;34;ANSEREMME;3.20210822190213;50.24770597139507, 4.913068929747442
34;ANSEREMME;329;DINANT;3.20210822190213;50.24770597139507, 4.913068929747442
317;DEINZE;320;DE PINTE;8.79058879805361;50.98772721814524, 3.5953985965241744
826;MERODE;812;MEISER;1.6916482767207999;50.84732387363954, 4.396866885158904
812;MEISER;227;BRUX-SCHUMAN;2.05023589792891;50.846582277902286, 4.390031929817397
515;HAM-S-SAMBRE;870;MOUSTIER;1.55282376699507;50.45172120417661, 4.683366848778084
1048;SCHAERBEEK;221;BRUXELLES-ND;2.52527122155048;50.87039367582249, 4.368380096725291
1744;LA LOUV-SUD;862;MORLANWELZ;4.36282071628155;50.46228921113688, 4.219246711706917
862;MORLANWELZ;1744;LA LOUV-SUD;4.36282071628155;50.46228921113688, 4.219246711706917
496;HABAY;1107;STOCKEM;10.562930051811499;49.69871913857435, 5.6989125288832
611;JAMBES;895;NAMUR;2.6692754969152004;50.46440665999762, 4.874563364192084
895;NAMUR;611;JAMBES;2.6692754969152004;50.46440665999762, 4.874563364192084
715;LEUVEN;1242;WIJGMAAL;4.84227266258064;50.90314173610438, 4.709886261991148
9;AARSCHOT;686;LANGDORP;3.73152401946613;50.9968840795503, 4.841691951300525
1048;SCHAERBEEK;810;MECHELEN;19.8325213821049;50.93609120935308, 4.452535078430823
1278;ZWIJNDRECHT;819;MELSELE;2.5465051408215498;51.21223367301882, 4.306589042400974
546;HEMIKSEM;570;HOBOKEN-POLD;5.35583137427149;51.16048198486323, 4.342966083574048
570;HOBOKEN-POLD;546;HEMIKSEM;5.35583137427149;51.16048198486323, 4.342966083574048
1670;GENK;184;BOKRIJK;6.5687826216856005;50.963642088893195, 5.453279593881133
863;MORTSEL;177;BOECHOUT;3.90732454865703;51.175092515063874, 4.472086814447359
635;KESSEL;732;LIER;4.34748886097368;51.14383143111181, 4.589969724636451
732;LIER;635;KESSEL;4.34748886097368;51.14383143111181, 4.589969724636451
61;ANTW-OOST;139;ANTW-BERCHEM;1.0990143080659;51.20324400527288, 4.43161536171634
360;ENGHIEN;121;SILLY;9.098335852784931;50.68545776523595, 3.9912997963635064
1761;DELTA;380;ETTERBEEK;1.5342452647775302;50.81757461768943, 4.3975717092717534
64;ANTW-ZUID;570;HOBOKEN-POLD;4.286287964230549;51.194643878197205, 4.369777252550077
570;HOBOKEN-POLD;64;ANTW-ZUID;4.286287964230549;51.194643878197205, 4.369777252550077
673;LA LOUV-CTRE;784;MANAGE;6.89538028197813;50.49519211521331, 4.208617443458074
201;BRACQUEGNIES;1744;LA LOUV-SUD;5.10935467960376;50.47062598649689, 4.158423155374804
715;LEUVEN;567;HEVERLEE;3.31752918434491;50.867946276480986, 4.710463363500105
715;LEUVEN;1176;VERTRIJK;10.7271583177856;50.85302087582798, 4.771638739454744
634;KAP-O-D-BOS;810;MECHELEN;8.9370304821239;51.013053925199934, 4.421697102986088
31;ANS;726;LIEGE-GUILL;5.8893038830044695;50.647744103401465, 5.540562760625702
871;MUIZEN;574;HOFSTADE;3.3449626439264297;50.99715000608259, 4.5138214963477665
1048;SCHAERBEEK;1767;BOCKSTAEL;2.52810041946727;50.87616374802406, 4.363837102974604
360;ENGHIEN;504;HALLE;15.5764354466686;50.710901668947535, 4.145193534763649
30;ANTW-HAVEN;1084;ST-MARIABURG;4.51531490007701;51.28829416348445, 4.409320607964144
621;JETTE;1979;TOUR-TAXIS;2.07555485004425;50.87854682884837, 4.3420811374270984
720;LEVAL;1744;LA LOUV-SUD;5.54836811026759;50.45345127271919, 4.211652500030935
1744;LA LOUV-SUD;720;LEVAL;5.54836811026759;50.45345127271919, 4.211652500030935
1767;BOCKSTAEL;1048;SCHAERBEEK;2.52810041946727;50.876163748024055, 4.363837102974604
742;LINKEBEEK;1167;UCCLE-CALEV;2.2781844992225904;50.7820369130547, 4.334599441057362
649;KORTRIJK;160;BISSEGEM;3.49412664076202;50.82738283999432, 3.2458687093646303
530;HAUTE-FLONE;361;ENGIS;6.00020141703953;50.568357835438654, 5.366736326438186
863;MORTSEL;877;LIERSESTWG;2.54831275631972;51.17854994497654, 4.462720711593461
612;JAMIOULX;791;MARCH-AU-PT;8.23495978576169;50.38454689872485, 4.398915464474727
1195;VISE;1226;WELKENRAEDT;29.667058347973402;50.72850303600843, 5.854456024140197
126;BEAURAING;435;GEDINNE;21.267678984642302;50.06655495567978, 4.987465228631052
871;MUIZEN;566;HEVER;2.29580156619449;51.002260528880065, 4.527385636759455
1238;WEZEMAAL;553;HERENT;9.66916595293485;50.92029185455731, 4.714812622063112
715;LEUVEN;1238;WEZEMAAL;9.01294226077748;50.92138405063117, 4.725005102622559
258;CHARL-OUEST;791;MARCH-AU-PT;3.5100874083470797;50.40841411321059, 4.416503512631705
2089;ANDERLECHT;220;BRUXELL-MIDI;4.02146965016619;50.82310437891915, 4.315203105020303
6;AALST;365;EREMBODEGEM;3.0594797629027997;50.93313085659505, 4.049346492424852
259;CHARL-CENTR;793;MARCH-ZONE;4.03464710886593;50.40340935655887, 4.4137943203621886
572;HOEILAART;672;LA HULPE;3.29030153888745;50.75024173675097, 4.483085205766871
121;SILLY;77;ATH;13.093790113796901;50.634937146572916, 3.8575610150965285
208;BRESSOUX;2011;OUGREE;8.09471270238334;50.61941229230247, 5.577449660168782
1219;WATERMAEL;1761;DELTA;1.11742968259562;50.814565345716, 4.401620267582116
870;MOUSTIER;809;MAZY;8.635733264349021;50.47604383762143, 4.674220387436119
258;CHARL-OUEST;612;JAMIOULX;9.33173844239924;50.38767433993492, 4.406018706797524
793;MARCH-ZONE;258;CHARL-OUEST;4.225626755947951;50.40423325491643, 4.414148602191729
258;CHARL-OUEST;793;MARCH-ZONE;4.225626755947951;50.40423325491643, 4.414148602191729
1198;VIVILLE;496;HABAY;11.8672119377369;49.69770837801852, 5.707639648347166
895;NAMUR;789;MARCHE-DAMES;7.92501290261934;50.47232402911178, 4.914133891449285
789;MARCHE-DAMES;895;NAMUR;7.92501290261934;50.47232402911178, 4.914133891449285
324;DIEPENBEEK;157;BILZEN;8.69047220507006;50.8950735630368, 5.467671758264011
1092;SOIGNIES;342;ECAUSSINNES;7.84950380215507;50.57861532140678, 4.115009884495982
342;ECAUSSINNES;1092;SOIGNIES;7.84950380215507;50.57861532140678, 4.115009884495982
523;HASSELT;636;KIEWIT;4.99949863351647;50.94423967717832, 5.325951395861648
636;KIEWIT;523;HASSELT;4.99949863351648;50.94423967717832, 5.325951395861648
210;BRUGGE;929;OOSTENDE;21.8978620148835;51.20620465460177, 3.071738180804644
449;GENT-DAMP;130;BEERVELDE;12.165550420004099;51.07495084985469, 3.803805547180227
130;BEERVELDE;449;GENT-DAMP;12.165550420004;51.07495084985469, 3.803805547180227
1245;WILLEBROEK;810;MECHELEN;12.8758237043709;51.02881390534607, 4.413890470642205
188;BOOM;1017;RUISBR-SAUV;2.73383720640504;51.08384665519843, 4.344410410620808
732;LIER;336;DUFFEL;9.639366332510521;51.12495304851908, 4.511329913675023
221;BRUXELLES-ND;227;BRUX-SCHUMAN;5.59752988333056;50.86177983047179, 4.3752661885359725
604;INGELMUNSTER;649;KORTRIJK;11.410691276612301;50.86240226289622, 3.2493700680298727
325;DIEGEM;1663;HAREN;1.72877070005934;50.89146210717731, 4.4305861759077105
325;DIEGEM;810;MECHELEN;17.264923933033398;50.944290113835784, 4.465191469088611
38;ANTW-DAM;61;ANTW-OOST;3.7473550467650396;51.21994336924611, 4.439088597293255
9;AARSCHOT;132;BEGIJNENDIJK;5.27493276125206;51.00566968778886, 4.821297535276272
1061;SCHULEN;523;HASSELT;10.5590895712521;50.948123280240274, 5.255892287838339
726;LIEGE-GUILL;208;BRESSOUX;5.77253291027571;50.62951282812115, 5.588132245710085
504;HALLE;220;BRUXELL-MIDI;13.4121787595619;50.78461176949782, 4.288409388777399
815;MELLE;220;BRUXELL-MIDI;44.9394686380583;50.897446242231055, 4.065386699934558
219;BRU AIRPORT;1663;HAREN;6.41519021387917;50.90314923820591, 4.45028458542168
325;DIEGEM;1192;VILVOORDE;4.87410253374943;50.90408079282371, 4.427725723504221
30;ANTW-HAVEN;819;MELSELE;30.1031691937065;51.26535114599321, 4.28240445830302
1663;HAREN;219;BRU AIRPORT;6.41519021387917;50.90314923820573, 4.450284585421669
1202;VOROUX;208;BRESSOUX;18.6164585037457;50.63069636286923, 5.526550558368494
868;MOUSCRON;160;BISSEGEM;14.4645809008488;50.79467479190882, 3.2264280418360456
1226;WELKENRAEDT;1151;TONGEREN;46.129012917464806;50.738831811786795, 5.749700650263507
223;BRUX-OUEST;455;GENT-ST-P;53.684887290327495;50.9123818399673, 4.0288099603677745
220;BRUXELL-MIDI;725;LIEDEKERKE;20.0048996892178;50.842751629460544, 4.216269338984423
1151;TONGEREN;1226;WELKENRAEDT;46.1290129174649;50.73883181178683, 5.749700650263504
715;LEUVEN;31;ANS;66.2199129490686;50.73811530884174, 5.100172906364506
31;ANS;715;LEUVEN;66.2199129490685;50.73811530884174, 5.100172906364506
841;MOLLEM;821;MERCHTEM;2.45542483750497;50.94327666057636, 4.221738891135661
246;CALLENELLE;958;PERUWELZ;4.9561658557836;50.520528686367086, 3.5592275586425757
457;GENVAL;672;LA HULPE;1.7378342243873102;50.732191727428884, 4.5055716828265115
782;MAFFLE;77;ATH;2.34229208786649;50.62132727350202, 3.788607644602232
1102;STATTE;592;HUY;1.1808527153497;50.52632679475918, 5.226778418301167
157;BILZEN;1151;TONGEREN;10.481805303215701;50.82568343050886, 5.495003656195332
1912;ARCADES;1761;DELTA;1.14022598015542;50.81443691035577, 4.401381944953153
143;BEVERLO;708;LEOPOLDSBURG;3.85702347648524;51.10446393096888, 5.244653500508638
901;NESSONVAUX;421;FRAIPONT;1.5871855508040902;50.56751148663609, 5.732905188494846
1761;DELTA;1912;ARCADES;1.14022598015542;50.81443691035577, 4.401381944953153
952;PAPIGNIES;989;REBAIX;3.6911704595434;50.67466866345055, 3.8085905128509685
578;HOLLEKEN;1079;RHODE-ST-G;2.1774712695498804;50.75787040982693, 4.3588945877882725
754;LONZEE;148;BEUZET;3.00036668872004;50.542480559100866, 4.735175626348108
733;LIERS;470;GLONS;7.21386401964768;50.720081550659415, 5.54557343845397
619;JEMEPPE-S-M;971;PONT-SERAING;0.978975131183195;50.61919965574218, 5.504565263676513
1146;TIENEN;1176;VERTRIJK;7.3744483134838505;50.822024280502426, 4.8812664279468
493;HAACHT;190;BOORTMEERB;3.2721243359677903;50.97360698084757, 4.593485745272848
220;BRUXELL-MIDI;415;FOREST-MIDI;3.42079482176169;50.82352466971106, 4.322808174073912
900;NEERWINDEN;684;LANDEN;3.6837066754134797;50.75813959709301, 5.058682607999545
494;HAALTERT;345;EDE;2.46808674210651;50.90997737869515, 4.004823403071436
427;FROYENNES;560;HERSEAUX;12.3333024539848;50.670343982346076, 3.2990270505493813
107;BALEN;708;LEOPOLDSBURG;8.735108278380679;51.144881720520026, 5.214089112844788
249;CARLSBOURG;951;PALISEUL;1.84270365802114;49.89965118989873, 5.108517889629446
560;HERSEAUX;868;MOUSCRON;3.51888751713172;50.72496486336471, 3.229394150576864
132;BEGIJNENDIJK;187;BOOISCHOT;2.59345466868338;51.02982716690104, 4.786654273020846
1185;VIELSALM;1157;TROIS-PONTS;11.9663248395352;50.3254197173355, 5.898753379021505
347;EICHEM;910;NINOVE;2.93889446771948;50.8329884035052, 4.009421648303825
1278;ZWIJNDRECHT;58;ANTW-N'DOK'N;36.9333251396287;51.26759557390354, 4.308464959035577
736;LIGNY;404;FLEURUS;3.51671691262813;50.49647964300913, 4.556731139231012
1060;SCHOONAARDE;1253;WICHELEN;2.57729646558143;51.00170708115745, 3.9931220416994537
1266;ZELLIK;74;ASSE;5.50058853401637;50.89519385658391, 4.2407868354172615
1091;SLEIDINGE;1843;EVERGEM;3.18706027043334;51.11639437205544, 3.6841874775710948
1157;TROIS-PONTS;1185;VIELSALM;11.9663248395352;50.3254197173355, 5.898753379021505
936;OTTIGNIES;252;CEROUX-MOUST;1.49874937517703;50.66586014819816, 4.571374573020141
118;BAS-OHA;1102;STATTE;2.29071637447212;50.52757202928731, 5.2049740289311845
19;ALKEN;523;HASSELT;6.49428614587748;50.907319100178164, 5.319490215464105
130;BEERVELDE;748;LOKEREN;7.73170875151176;51.09639616928983, 3.932885905460372
27;ANGLEUR;1147;TILFF;6.773363041472391;50.588967019027734, 5.595874957698662
818;MELR-HOTTON;114;BARVAUX;8.6254184264816;50.31801177472987, 5.470189338664005
905;NIEL;188;BOOM;3.2005070275593397;51.101991369427864, 4.3558708334344685
1176;VERTRIJK;1146;TIENEN;7.3744483134838505;50.822024280502426, 4.8812664279468
764;LUCHTBAL;58;ANTW-N'DOK'N;2.0413438005841997;51.25263050395021, 4.4259285960657655
8;AALTER;136;BELLEM;2.92134601367045;51.08799084432625, 3.4675713711468483
142;BERLAAR;814;MELKOUWEN;3.0955368788505297;51.10445391748378, 4.654743025478656
728;LIEGE-CARRE;726;LIEGE-GUILL;1.74582125988393;50.63270562522474, 5.561399870622
267;CH'DFONTAINE;266;CHENEE;3.44558844559281;50.597680885706325, 5.62992176991043
148;BEUZET;1031;ST-D-BOVESSE;1.80135439586103;50.52718924715696, 4.7590287679432866
192;BORNEM;977;PUURS;3.89283715218467;51.08702907932655, 4.261635025252256
704;LEIGNON;257;CHAPOIS;1.31814255121291;50.26517842489933, 5.115989001076955
435;GEDINNE;480;GRAIDE;7.70515278063239;49.95570953270612, 5.005832255999275
1198;VIVILLE;70;ARLON;2.0639221932701997;49.68423066960719, 5.798058948375041
1226;WELKENRAEDT;331;DOLHAIN-GIL;4.86194828782386;50.64578253921641, 5.9546272687004755
725;LIEDEKERKE;318;DENDERLEEUW;2.01733521925494;50.88617841853356, 4.083081510607696
250;CARNIERES;862;MORLANWELZ;1.73800818594006;50.45233163321704, 4.255768321460885
1229;WERVIK;820;MENEN;5.17075143025056;50.789321644446694, 3.0809366540778313
102;BAASRODE-ZD;231;BUGGENHOUT;3.2982533563135097;51.01782592311826, 4.177385069796708
1843;EVERGEM;1091;SLEIDINGE;3.18706027043334;51.11639437205544, 3.6841874775710948
190;BOORTMEERB;493;HAACHT;3.2721243359677903;50.97360698084757, 4.593485745272848
151;BEVEREN(W);906;NIEUWKERKEN;5.93968645843813;51.19715907867027, 4.222494122381686
989;REBAIX;952;PAPIGNIES;3.6911704595434;50.67466866345055, 3.8085905128509685
74;ASSE;841;MOLLEM;3.1887706818953303;50.920906064261345, 4.208223644073865
1168;UCCLE-STALLE;1167;UCCLE-CALEV;1.27315785190399;50.797351549745926, 4.32776407628846
649;KORTRIJK;868;MOUSCRON;12.730555237484198;50.789395672631, 3.226464366500989
438;GEMBLOUX;366;ERNAGE;2.8839986181002;50.58188588012526, 4.678936023817497
1238;WEZEMAAL;9;AARSCHOT;6.32441236336817;50.969357669907055, 4.786443402414151
480;GRAIDE;435;GEDINNE;7.70515278063239;49.95570953270612, 5.005832255999275
840;MOL;436;GEEL;9.09240953433115;51.179666150062765, 5.052343765852812
68;ARCHENNES;433;GASTUCHE;2.36969814004111;50.74392408959586, 4.6591243118089265
259;CHARL-CENTR;258;CHARL-OUEST;1.33247620523115;50.407320319325706, 4.435072326034116
399;FEXHE;1202;VOROUX;2.4397766370117804;50.662124718416734, 5.4141094499589695
786;MARBEHAN;496;HABAY;7.1196425169536495;49.72006755005623, 5.584804380729875
329;DINANT;1255;YVOIR;7.5141961574247;50.291635513491265, 4.893222034427802
404;FLEURUS;747;LODELINSART;8.269628470184351;50.45851638393935, 4.5036016812638175
1167;UCCLE-CALEV;1168;UCCLE-STALLE;1.27315785190399;50.797351549745926, 4.32776407628846
219;BRU AIRPORT;325;DIEGEM;7.06166500407667;50.90181163593566, 4.449001974943211
77;ATH;719;LEUZE;11.9913771722272;50.61519468066922, 3.6964250250909068
446;GENLY;422;FRAMERIES;1.7329080236835;50.397691392373495, 3.9078111146584087
27;ANGLEUR;266;CHENEE;1.0887962411429;50.610442196592174, 5.6079023490504465
974;POULSEUR;375;ESNEUX;3.6197387493268303;50.5149391829739, 5.568827859966619
1226;WELKENRAEDT;1195;VISE;29.667058347973402;50.72850303600841, 5.8544560241401955
331;DOLHAIN-GIL;1226;WELKENRAEDT;4.86194828782386;50.64578253921641, 5.9546272687004755
606;IZEGEM;1005;ROESELARE;6.85973588542648;50.93255708833939, 3.170168641702251
169;BLATON;958;PERUWELZ;5.86332320082063;50.515499398333546, 3.629808312194545
1102;STATTE;118;BAS-OHA;2.29071637447212;50.52757202928731, 5.2049740289311845
747;LODELINSART;404;FLEURUS;8.269628470184351;50.45851638393935, 4.5036016812638175
459;GERONSTERE;1097;SPA;0.758586483166945;50.48985052892362, 5.861005495282056
1018;ROUX;286;COURC-MOTTE;2.17882448001213;50.452892387306186, 4.3963872274394875
1059;SCHENDELBEKE;601;IDEGEM;1.63169265108409;50.79960988759316, 3.910321975285423
147;BERZEE;976;PRY;2.60549807265321;50.27604545114984, 4.417382272844284
100;AYE;532;HAVERSIN;9.32411571935758;50.24284182669195, 5.24824099073428
6;AALST;701;LEDE;4.87963594888531;50.956844035610025, 4.011787240120338
738;LILLOIS;203;BRAINE-L'ALL;4.74825996778155;50.66298997187816, 4.3718098856024685
494;HAALTERT;1228;WELLE;2.10021199750497;50.90516456040626, 4.036310818514933
1150;TOLLEMBEEK;559;HERNE;2.01737848761227;50.73017085381513, 4.003981409981234
25;ANDENNE;262;CHAT-DE-SEIL;1.0121663560788499;50.496990623435586, 5.0888589963581445
66;ANZEGEM;1184;VICHTE;7.34691525359177;50.83122105980077, 3.444377994965092
219;BRU AIRPORT;1048;SCHAERBEEK;9.6292624531481;50.89838700278043, 4.430732799440681
1182;VIANE-MOERB;432;GALMAARDEN;3.5016461789054203;50.7486982440821, 3.941178292976035
258;CHARL-OUEST;259;CHARL-CENTR;1.33247620523115;50.407320319325706, 4.435072326034116
1219;WATERMAEL;183;BOITSFORT;1.80481717228469;50.801686242484124, 4.403325129523633
1088;SINT-NIKLAAS;1128;TEMSE;8.07037132503377;51.15351660375488, 4.184433441731934
138;BELSELE;1073;SINAAI;1.63925546433243;51.14728592979761, 4.0789104211434575
148;BEUZET;754;LONZEE;3.00036668872004;50.542480559100866, 4.735175626348108
102;BAASRODE-ZD;319;DENDERMONDE;3.75975101673125;51.021873267927205, 4.127624198665662
1206;WAARSCHOOT;1091;SLEIDINGE;4.84601460381176;51.13972050392632, 3.640882594156456
67;APPELTERRE;347;EICHEM;1.92040581342835;50.81830689562545, 3.9830964128895823
1274;ZOTTEGEM;873;MUNKZWALM;7.43172118425392;50.86469289078943, 3.776197980072057
742;LINKEBEEK;578;HOLLEKEN;1.28115577821496;50.77024495868168, 4.34737156817352
701;LEDE;1068;SERSKAMP;2.34405051921528;50.977754475064884, 3.9723079095959175
801;MARLOIE;617;ROCH-JEMELLE;5.9602406037975895;50.18105560211271, 5.291000616133162
1248;WONDELGEM;1843;EVERGEM;2.5421946212302102;51.099328816292875, 3.712538034741551
977;PUURS;1017;RUISBR-SAUV;3.1703711852937397;51.07784999903472, 4.305214382132291
1159;TROOZ;267;CH'DFONTAINE;3.58227557418227;50.57927730980482, 5.666056445194795
900;NEERWINDEN;384;EZEMAAL;3.23863700458445;50.76572885803401, 5.014716135426582
462;GHLIN;848;MONS;5.68743336573186;50.476258993102356, 3.9344019971110824
860;MOORTSELE;1056;SCHELDEWIND;1.7538708681514;50.945631379085825, 3.7777206875500355
82;AUVELAIS;404;FLEURUS;9.351732190184642;50.45461601746983, 4.5793993373582484
842;MOMALLE;991;REMICOURT;3.40539191695837;50.674279056068826, 5.344510932990958
591;HUIZINGEN;128;BEERSEL;3.15820688728573;50.757436125479394, 4.284701682204071
433;GASTUCHE;120;BASSE-WAVRE;2.45111612431456;50.72990939772499, 4.6357483139548075
550;HENNUYERES;1160;TUBIZE;5.0293910757206;50.67021988240526, 4.192535454069281
410;FLORIVAL;68;ARCHENNES;0.994703183928227;50.75830402250627, 4.658671830546671
982;QUEVY;446;GENLY;5.73752216531307;50.36704003894795, 3.9157146008557273
920;OBOURG;908;NIMY;3.7061675368328704;50.47179820322271, 3.981507821778043
1218;WATERLOO;203;BRAINE-L'ALL;3.4710712908925;50.70027433843323, 4.379131826118215
209;BRUGELETTE;247;CAMBRON-CAST;1.68391618472181;50.5905923043373, 3.8634912098515244
971;PONT-SERAING;619;JEMEPPE-S-M;0.978975131183195;50.61919965574218, 5.504565263676513
798;MARIEMBOURG;291;COUVIN;5.24895816130638;50.076903972592895, 4.512845206671124
231;BUGGENHOUT;102;BAASRODE-ZD;3.2982533563135097;51.01782592311826, 4.177385069796708
479;GOUY-PIETON;970;PONT-CELLES;3.18330500127959;50.507833602796055, 4.337090398886388
860;MOORTSELE;685;LANDSKOUTER;2.11065015153601;50.96214986278458, 3.785551371094152
328;DILBEEK;1087;ST-M-BODEGEM;2.76324682227273;50.86784826776146, 4.224333600869691
970;PONT-CELLES;479;GOUY-PIETON;3.18330500127959;50.507833602796055, 4.337090398886388
68;ARCHENNES;410;FLORIVAL;0.994703183928227;50.75830402250627, 4.658671830546671
634;KAP-O-D-BOS;751;LONDERZEEL;4.36313296194644;51.00955265105249, 4.327834397543476
1262;ZEEBR-DORP;743;LISSEWEGE;3.99772472835066;51.31314022286867, 3.191058974281943
1270;ZICHEM;1134;TESTELT;2.94476642881768;51.00878154398619, 4.966637152207049
136;BELLEM;8;AALTER;2.92134601367045;51.08799084432625, 3.4675713711468483
1723;ZEEBR-STRAND;743;LISSEWEGE;3.37580338078681;51.30969665072242, 3.190500507577958
1066;SCHELLE;905;NIEL;1.85137330615605;51.11734711248472, 4.337647332931579
590;HOVE;866;M-OUDE GOD;2.0915590842501603;51.16291422069462, 4.460279669298646
730;LIEGE-ST-LAM;562;HERSTAL;3.91753917842682;50.654101172472245, 5.597431274092607
288;COUR-HEURE;514;HAM-S-HEURE;2.3982509336011897;50.31075438783992, 4.398717604372781
286;COURC-MOTTE;768;LUTTRE;5.51354406189795;50.485676323583334, 4.393170986841423
1005;ROESELARE;724;LICHTERVELDE;8.69129447170781;50.98850278517619, 3.1259400287611747
989;REBAIX;77;ATH;4.84941228367382;50.64215202386564, 3.7776815287356604
486;GROENENDAAL;572;HOEILAART;1.4372609548952;50.763165317714076, 4.45839290874061
751;LONDERZEEL;781;MALDEREN;4.63667129087943;51.01243607480529, 4.264201843232561
216;BRUX-CONGRES;221;BRUXELLES-ND;0.943358352388166;50.8556291587779, 4.361903839042669
247;CAMBRON-CAST;707;LENS;3.77635082246385;50.57422317390527, 3.889927644127568
751;LONDERZEEL;634;KAP-O-D-BOS;4.36313296194644;51.00955265105249, 4.327834397543476
1152;TORHOUT;1261;ZEDELGEM;7.9836934878512;51.09595450797151, 3.1339622993336507
1730;SINT-GILLIS;319;DENDERMONDE;1.17647508251223;51.023376460032836, 4.109322024489874
190;BOORTMEERB;566;HEVER;2.83576825819117;50.989152213147925, 4.55738205593974
147;BERZEE;288;COUR-HEURE;2.31772383066874;50.29186025343689, 4.395707381474245
931;OOSTKAMP;127;BEERNEM;5.83862609468763;51.14096047870305, 3.293692288704566
1139;THUIN;585;HOURPES;3.24824855788172;50.35033542499596, 4.303212168191932
541;HEIST-BERG;814;MELKOUWEN;3.59507362650207;51.084357752351416, 4.690281618428599
1154;TOURNAI;427;FROYENNES;2.84953457051014;50.621693192984246, 3.3717503706094747
700;CAMPINAIRE;392;FARCIENNES;0.940344439715458;50.425966391554645, 4.548044876860959
1666;OVERPELT;899;NEERPELT;1.47197082157592;51.21716713301428, 5.431518718888051
1187;V-POMMEROEUL;519;HARCHIES;2.6458555457356403;50.47309900381949, 3.7117451807857997
699;LEBBEKE;542;HEIZIJDE;2.36571458561635;50.99653689194327, 4.145873018203395
365;EREMBODEGEM;318;DENDERLEEUW;3.39220447147905;50.90387023947304, 4.061323964975107
939;OUDENAARDE;1076;ST-D-BOEKEL;7.50625275272035;50.863790030713425, 3.648819798778291
189;BOONDAEL;1912;ARCADES;0.922614517461714;50.80580874530859, 4.396015681245376
1212;WAREGEM;317;DEINZE;12.298373367423402;50.93647339707538, 3.4796280120684537
1147;TILFF;827;MERY;3.12235851097456;50.55944140745596, 5.5781758907097005
541;HEIST-BERG;187;BOOISCHOT;5.98940128980416;51.05555399694361, 4.741091933206842
684;LANDEN;900;NEERWINDEN;3.6837066754134797;50.75813959709301, 5.058682607999545
1666;OVERPELT;750;LOMMEL;7.88020701392755;51.213539320415265, 5.366831650400503
1151;TONGEREN;157;BILZEN;10.481805303215701;50.82568343050886, 5.495003656195332
471;GODARVILLE;784;MANAGE;4.44363329589168;50.49596930218277, 4.2617299904301635
66;ANZEGEM;939;OUDENAARDE;8.24665566305924;50.835564484703944, 3.5487339848514328
1048;SCHAERBEEK;1663;HAREN;6.07378227789177;50.89076725203895, 4.405810647003902
1058;SCHELLEBELLE;1234;WETTEREN;2.79693611845541;51.003030105856986, 3.901635934398254
864;DEURNESTWG;866;M-OUDE GOD;1.3045476632576198;51.17722477353391, 4.451503456204706
906;NIEUWKERKEN;151;BEVEREN(W);5.93968645843813;51.19715907867027, 4.222494122381686
896;NANINNE;313;DAVE-ST-MART;3.51192077469265;50.424219030322014, 4.907251798219151
326;DIEST;1270;ZICHEM;5.067859872733931;50.99647493128669, 5.018034225253127
1206;WAARSCHOOT;346;EEKLO;4.0324086861153905;51.16724827923279, 3.5951318549764295
619;JEMEPPE-S-M;401;FLEMALLE-GDE;1.8992367711934202;50.612133151432445, 5.48924651016581
438;GEMBLOUX;255;CHAP-DIEU;1.83128787667431;50.564911213619865, 4.697481231536533
75;ASSESSE;405;FLOREE;2.87159718009464;50.36428408526749, 5.039565803648768
832;MEVERG-ATTRE;209;BRUGELETTE;1.5782165296289699;50.597117293804565, 3.8429302734242388
539;HEIDE;637;KIJKUIT;1.61098002352575;51.37217997721423, 4.464460686092282
764;LUCHTBAL;37;ANTWERPEN-C;3.02424434939072;51.230191295685024, 4.423636765580954
423;FRANCHIMONT;1135;THEUX;1.38166837331015;50.53049135735151, 5.818381708828037
589;HOUYET;126;BEAURAING;9.73342940130064;50.15372597450995, 4.982283235134702
1160;TUBIZE;550;HENNUYERES;5.0293910757206;50.67021988240526, 4.192535454069281
1076;ST-D-BOEKEL;939;OUDENAARDE;7.50625275272035;50.863790030713425, 3.648819798778291
1348;BERINGEN;565;HEUSDEN;3.4859826650309;51.042889432202536, 5.257883819137972
1187;V-POMMEROEUL;1034;ST-GHISLAIN;7.84646394155818;50.453768028287364, 3.7728367570955905
10;AARSELE;1145;TIELT;6.40420595217736;50.98866939077634, 3.3734139345519134
1097;SPA;423;FRANCHIMONT;6.096324554447641;50.50030930350234, 5.832924941411228
247;CAMBRON-CAST;209;BRUGELETTE;1.68391618472181;50.5905923043373, 3.8634912098515244
635;KESSEL;907;NIJLEN;3.3809035938469503;51.15626131588654, 4.641312719729811
223;BRUX-OUEST;2089;ANDERLECHT;5.74352256405749;50.82851259849212, 4.313997916571012
317;DEINZE;10;AARSELE;8.383183688507101;50.97909848429431, 3.476945743205856
507;HAMBOS;1242;WIJGMAAL;3.52628096662913;50.93387978760099, 4.681993894713398
371;ERQUEL-VILL;369;ERQUELINNES;1.33171435080629;50.30694493185445, 4.121867129525009
841;MOLLEM;74;ASSE;3.1887706818953303;50.920906064261345, 4.208223644073865
701;LEDE;6;AALST;4.87963594888531;50.956844035610025, 4.011787240120338
1134;TESTELT;1270;ZICHEM;2.94476642881768;51.00878154398619, 4.966637152207049
1093;SOLRE-SAMBRE;664;LABUISSIERE;2.04945137397069;50.31450873893292, 4.172411229236345
579;HONY;827;MERY;1.47795494158508;50.543265619212605, 5.581748832081814
908;NIMY;848;MONS;2.23928850951676;50.46349808193403, 3.949197796072739
336;DUFFEL;1083;ST-KAT-WAVER;2.33836179671462;51.0814630323527, 4.495166600314349
262;CHAT-DE-SEIL;25;ANDENNE;1.0121663560788499;50.496990623435586, 5.0888589963581445
203;BRAINE-L'ALL;738;LILLOIS;4.74825996778155;50.66298997187816, 4.3718098856024685
768;LUTTRE;970;PONT-CELLES;2.3339924219211396;50.5104841336671, 4.369270534606617
235;BURST;110;BAMBRUGGE;1.3335925030828;50.90976029934375, 3.928671229928757
412;FONTAINE-VAL;664;LABUISSIERE;1.8562334767866902;50.31823789261201, 4.199083068794854
106;BALEGEM-ZUID;1274;ZOTTEGEM;3.62273157968346;50.88530231301668, 3.811514174356411
158;BINCHE;720;LEVAL;3.81710479279515;50.418137048012674, 4.192949882721958
138;BELSELE;1088;SINT-NIKLAAS;4.4365950193757095;51.16122215392683, 4.1161752065767985
685;LANDSKOUTER;860;MOORTSELE;2.11065015153601;50.96214986278458, 3.785551371094152
951;PALISEUL;249;CARLSBOURG;1.84270365802114;49.89965118989873, 5.108517889629446
324;DIEPENBEEK;523;HASSELT;7.12542068250409;50.9214811312723, 5.3704397851734695
910;NINOVE;347;EICHEM;2.93889446771948;50.8329884035052, 4.009421648303825
1128;TEMSE;1088;SINT-NIKLAAS;8.07037132503377;51.15351660375488, 4.184433441731934
1207;WALCOURT;1254;YVES-GOMEZEE;5.329023676972319;50.245328387236, 4.4600846584788965
692;LA ROCHE;1189;VILLERS-LA-V;3.84487617823721;50.59346869408318, 4.533306180450321
1230;WESPEL-TILD;507;HAMBOS;2.38385647649375;50.95151268811129, 4.650543442175028
704;LEIGNON;272;CINEY;3.11462254438189;50.27824272634302, 5.097355357911391
474;GONTRODE;685;LANDSKOUTER;1.25201773339745;50.975188670043764, 3.796483574289894
896;NANINNE;1043;SART-BERNARD;1.93451963935651;50.41266241470908, 4.939194075690524
958;PERUWELZ;169;BLATON;5.86332320082063;50.515499398333546, 3.629808312194545
434;GAVERE-ASPER;351;EKE-NAZARETH;3.54602621727027;50.94594758012391, 3.6332137473250876
418;FORRIERES;489;GRUPONT;5.65674918607321;50.11208046290667, 5.288885538169144
1272;ZINGEM;348;EINE;4.80271084601572;50.88894216962507, 3.636819546196751
427;FROYENNES;1154;TOURNAI;2.84953457051014;50.621693192984246, 3.3717503706094747
629;JUSLENVILLE;1135;THEUX;0.983034769606415;50.54031044318645, 5.812555389439774
542;HEIZIJDE;933;OPWIJK;2.6698716059344;50.98108810130469, 4.172080452655247
1150;TOLLEMBEEK;432;GALMAARDEN;2.1968143403725797;50.740071917102924, 3.97903558935048
1149;TILLY;1189;VILLERS-LA-V;3.38746842758513;50.56963314594156, 4.5488718663671595
250;CARNIERES;962;PIETON;2.3463443377611304;50.44043464660334, 4.274684413822367
35;ANTOING;1154;TOURNAI;7.2612582506648895;50.59844061293452, 3.424763097073793
203;BRAINE-L'ALL;1218;WATERLOO;3.4710712908925;50.70027433843323, 4.379131826118215
100;AYE;801;MARLOIE;2.77336160462047;50.21438478768934, 5.31019030037556
34;ANSEREMME;442;GENDRON-CELL;7.05202716100634;50.22075859019033, 4.926690130664421
1232;WOLFSTEE;199;BOUWEL;2.9683843944033;51.16735727116611, 4.768659505578626
266;CHENEE;27;ANGLEUR;1.0887962411429;50.610442196592174, 5.6079023490504465
455;GENT-ST-P;320;DE PINTE;6.53827221648006;51.022280186013425, 3.6816295124034935
632;KAPELLEN;1084;ST-MARIABURG;2.37054427321055;51.30321580003788, 4.432171692112015
724;LICHTERVELDE;1145;TIELT;17.1185449912703;50.99330217163816, 3.2218412772853373
600;IDDERGEM;318;DENDERLEEUW;1.89724377723968;50.884740575009296, 4.073009996718941
798;MARIEMBOURG;961;PHILIPPEVILL;13.2194557277946;50.143835297802376, 4.507876599778667
74;ASSE;1266;ZELLIK;5.50058853401637;50.89519385658391, 4.2407868354172615
501;HAININ;195;BOUSSU;2.25671910194005;50.431983729948726, 3.781396078187458
16;AISEAU;392;FARCIENNES;2.7331826844654503;50.43305665856462, 4.5680264074009385
1228;WELLE;494;HAALTERT;2.10021199750497;50.90516456040626, 4.036310818514933
1125;TAMINES;16;AISEAU;1.79604370104547;50.43001537901756, 4.59673017606216
542;HEIZIJDE;699;LEBBEKE;2.36571458561635;50.99653689194327, 4.145873018203395
107;BALEN;840;MOL;4.86503629676836;51.18292006173814, 5.141035158743524
218;BRUXELL-LUX;380;ETTERBEEK;2.33888870383221;50.829500344083016, 4.381025040690125
726;LIEGE-GUILL;1063;SCLESSIN;2.8097577882607;50.61526274878356, 5.567587801140194
510;HAMOIR;1113;SY;4.02315069741812;50.41666771173069, 5.520092045171864
189;BOONDAEL;824;VIVIER D'OIE;1.6506849367613199;50.797642507362205, 4.384407254114568
502;HALANZY;1194;VIRTON;16.6111227739425;49.55300752196852, 5.629743960275536
1235;WEVELGEM;160;BISSEGEM;3.3658791926419798;50.818885705757346, 3.2031093563315824
601;IDEGEM;1256;ZANDBERGEN;2.66866093009551;50.80592740590775, 3.938906753765522
562;HERSTAL;835;MILMORT;4.79831140336085;50.674000164714215, 5.6123865732435485
1253;WICHELEN;1058;SCHELLEBELLE;3.7556049826404503;51.002431835866666, 3.9481562871705003
1230;WESPEL-TILD;493;HAACHT;1.9312125727601799;50.96290979777537, 4.62572883571167
227;BRUX-SCHUMAN;1767;BOCKSTAEL;5.68193225848344;50.865485698704994, 4.372305179321736
1767;BOCKSTAEL;227;BRUX-SCHUMAN;5.68193225848343;50.865485698704994, 4.372305179321736
84;AYWAILLE;992;COO;23.9314891214335;50.43029421856719, 5.772307676315353
205;BRAINE-LE-CT;550;HENNUYERES;5.8384131826573205;50.62701303188348, 4.158201407881109
628;JURBISE;707;LENS;3.45550373911328;50.544114205784346, 3.910366505058906
739;LIMAL;936;OTTIGNIES;2.5047312675645697;50.68196661666898, 4.569961118515296
520;HARELBEKE;649;KORTRIJK;5.04642023556063;50.83757409265821, 3.292494964297192
1224;WEERDE;810;MECHELEN;4.736951278110561;50.998588679018525, 4.475923464407026
539;HEIDE;632;KAPELLEN;6.08510278811939;51.33949082739389, 4.446832174833607
632;KAPELLEN;539;HEIDE;6.08510278811939;51.33949082739389, 4.446832174833607
1082;ST-JOR-WEERT;954;PECROT;2.49620838192776;50.79022372799072, 4.650313135087112
455;GENT-ST-P;2089;ANDERLECHT;47.9414990475183;50.92113261434061, 3.999059978838729
220;BRUXELL-MIDI;223;BRUX-OUEST;3.69516481897967;50.83786288162233, 4.323798219100443
902;NEUFVILLES;1092;SOIGNIES;5.3183000703918895;50.559209946054985, 4.039666174676471
287;COURRIERE;1043;SART-BERNARD;4.465825097347589;50.40139092925471, 4.9748153267168504
229;BUDA;1048;SCHAERBEEK;4.86935818820788;50.88911662547033, 4.401698931161918
1092;SOIGNIES;902;NEUFVILLES;5.3183000703918895;50.559209946054985, 4.039666174676471
1198;VIVILLE;1107;STOCKEM;1.29718335708578;49.68966475252152, 5.7767327267126545
736;LIGNY;1149;TILLY;5.20357896875232;50.53419660287734, 4.558035948033793
1149;TILLY;736;LIGNY;5.20357896875232;50.53419660287734, 4.558035948033793
391;FAMILLEUREUX;784;MANAGE;2.2052181591122797;50.51282064494056, 4.223231936441508
784;MANAGE;391;FAMILLEUREUX;2.2052181591122797;50.51282064494056, 4.223231936441508
1090;SINT-TRUIDEN;684;LANDEN;11.3029201226855;50.78265819619063, 5.125505907086065
762;LOUVAIN-LA-N;936;OTTIGNIES;6.35155414175685;50.657703066546155, 4.594788237348687
183;BOITSFORT;486;GROENENDAAL;4.33216375320699;50.77893967902935, 4.427818170191411
262;CHAT-DE-SEIL;1062;SCLAIGNEAUX;4.14384700438492;50.496082939019665, 5.0538482800862
752;NEUFCHATEAU;786;MARBEHAN;16.0747091967526;49.793118094634515, 5.495983521408335
25;ANDENNE;118;BAS-OHA;7.41705407778493;50.509699836859646, 5.143541172111355
1013;RENAIX;939;OUDENAARDE;13.576942428686099;50.791078118364865, 3.6156031201261896
840;MOL;750;LOMMEL;13.8677493611185;51.201526499220414, 5.212708144368143
1073;SINAAI;748;LOKEREN;7.1164345671951;51.12535131356225, 4.0270728525061275
811;NEKKERSPOEL;871;MUIZEN;3.07693273011447;51.018350768855555, 4.500637589153094
871;MUIZEN;811;NEKKERSPOEL;3.07693273011447;51.018350768855555, 4.500637589153094
521;HAREN-SUD;1048;SCHAERBEEK;2.90185289336519;50.884502681406175, 4.3963544196368
1048;SCHAERBEEK;521;HAREN-SUD;2.90185289336519;50.884502681406175, 4.3963544196368
719;LEUZE;1154;TOURNAI;18.8057555010317;50.606866802736135, 3.504373428574992
911;NIVELLES;738;LILLOIS;5.6945674923389396;50.6214196286484, 4.348996079429426
1174;VELTEM;553;HERENT;2.7409654776001897;50.9021011575993, 4.652827608175429
1154;TOURNAI;719;LEUZE;18.8057555010317;50.606866802736135, 3.504373428574992
628;JURBISE;805;MASNUY-ST-P;3.81738305143773;50.53551746543866, 3.936004591293232
805;MASNUY-ST-P;628;JURBISE;3.81738305143773;50.53551746543866, 3.936004591293232
1160;TUBIZE;706;LEMBEEK;2.86971461229117;50.704195749242, 4.212410567952989
1839;NOORD'KEMPEN;764;LUCHTBAL;20.961412149767998;51.29650792564206, 4.526355993088482
400;FLAWINNE;1009;RONET;1.69718966349131;50.455522668643056, 4.8176157519676455
1092;SOIGNIES;205;BRAINE-LE-CT;6.15494673010358;50.58597193277727, 4.105330763939828
1159;TROOZ;421;FRAIPONT;2.7822231357384397;50.56762121538097, 5.705587357829673
380;ETTERBEEK;1912;ARCADES;1.49364064587464;50.81593442561382, 4.395918770891046
815;MELLE;474;GONTRODE;2.7052279697998403;50.992164201990605, 3.8018282342393626
554;HERENTALS;1232;WOLFSTEE;3.05521769618177;51.17418205578895, 4.80936275497487
1232;WOLFSTEE;554;HERENTALS;3.05521769618177;51.17418205578895, 4.80936275497487
825;HERGENRATH;1226;WELKENRAEDT;8.34312238025496;50.67947450420359, 6.017038374863322
606;IZEGEM;604;INGELMUNSTER;3.05362738054106;50.91922758852351, 3.2343618817478297
37;ANTWERPEN-C;61;ANTW-OOST;1.94803732230261;51.20886973648186, 4.426071002791093
61;ANTW-OOST;37;ANTWERPEN-C;1.94803732230261;51.20886973648186, 4.426071002791093
278;COMINES;1229;WERVIK;3.58153729811929;50.77805704061865, 3.0229989052046387
726;LIEGE-GUILL;2011;OUGREE;5.673038996584349;50.61063419241948, 5.565778121858629
939;OUDENAARDE;348;EINE;2.83846913578377;50.86029499681674, 3.6130124226177736
342;ECAUSSINNES;205;BRAINE-LE-CT;5.7457269919803;50.58284514120301, 4.137158341961703
205;BRAINE-LE-CT;342;ECAUSSINNES;5.7457269919803;50.58284514120301, 4.137158341961703
1202;VOROUX;155;BIERSET-AW;2.1289140919369003;50.6591595496677, 5.445906352692579
807;MAUBRAY;35;ANTOING;4.02353527906653;50.55840456710785, 3.4736226802411063
1266;ZELLIK;621;JETTE;4.3573054346366;50.88240511287671, 4.303515367640725
84;AYWAILLE;996;RIVAGE;7.84258022087287;50.48071389820314, 5.628992045416195
996;RIVAGE;84;AYWAILLE;7.84258022087287;50.48071389820314, 5.628992045416195
1067;SERAING;401;FLEMALLE-GDE;5.535939384887319;50.60184961275056, 5.484986068978261
139;ANTW-BERCHEM;863;MORTSEL;2.13768423234237;51.19040084527229, 4.440203051923204
863;MORTSEL;139;ANTW-BERCHEM;2.13768423234237;51.19040084527229, 4.440203051923204
424;FRANIERE;406;FLOREFFE;2.4725597671145203;50.438411865347256, 4.74869650837387
971;PONT-SERAING;1063;SCLESSIN;3.50638585906561;50.61710540962015, 5.534226786740593
961;PHILIPPEVILL;1254;YVES-GOMEZEE;7.87047775929169;50.22258544514354, 4.519750460578765
1254;YVES-GOMEZEE;961;PHILIPPEVILL;7.87047775929169;50.22258544514354, 4.519750460578765
1088;SINT-NIKLAAS;906;NIEUWKERKEN;3.24817919939992;51.178174870930114, 4.163908484262213
1213;WAREMME;684;LANDEN;13.800926954126501;50.72469416691176, 5.165528261039297
1218;WATERLOO;316;DE HOEK;2.88559759829687;50.72825602900505, 4.379191634499196
535;HAVRE;920;OBOURG;3.67137828361112;50.4704963843792, 4.032549872152908
705;LEMAN;401;FLEMALLE-GDE;1.29778999764382;50.60207418508793, 5.47339131622995
554;HERENTALS;1144;TIELEN;8.14124138243421;51.21006367782221, 4.861323688511461
554;HERENTALS;924;OLEN;6.04101965088922;51.18083205988739, 4.864245814800873
326;DIEST;1061;SCHULEN;10.054659167573;50.97965525548508, 5.1179186075921255
897;NATOYE;272;CINEY;6.27460580365419;50.315936115232695, 5.07288591160992
974;POULSEUR;996;RIVAGE;4.03770507288899;50.50077405618827, 5.588674944116075
220;BRUXELL-MIDI;217;BRUXELL-CHAP;1.03931431303768;50.83891851801761, 4.341765005777613
217;BRUXELL-CHAP;220;BRUXELL-MIDI;1.03931431303768;50.83891851801761, 4.341765005777613
1248;WONDELGEM;449;GENT-DAMP;5.1311386402896;51.07303405111632, 3.729409010842435
1034;ST-GHISLAIN;979;QUAREGNON;2.64990965067755;50.446523537149176, 3.837740597357057
157;BILZEN;184;BOKRIJK;16.139627207405198;50.93569098833389, 5.474398376454037
227;BRUX-SCHUMAN;1979;TOUR-TAXIS;6.524208299341439;50.86663220068738, 4.368684418805927
791;MARCH-AU-PT;259;CHARL-CENTR;3.31910776126506;50.40754492932452, 4.416141244281205
815;MELLE;455;GENT-ST-P;7.41057448894299;51.02280528225824, 3.7546039463797887
648;KORTENBERG;916;NOSSEGEM;2.8523239925441497;50.888747491915446, 4.524582235916399
155;BIERSET-AW;31;ANS;3.47520872050516;50.65998250738467, 5.485240721431596
31;ANS;155;BIERSET-AW;3.47520872050516;50.65998250738467, 5.485240721431596
455;GENT-ST-P;815;MELLE;7.41057448894299;51.02280528225824, 3.7546039463797887
259;CHARL-CENTR;791;MARCH-AU-PT;3.31910776126506;50.40754492932452, 4.416141244281205
458;G'BERGEN;1085;LIERDE;6.62193740594126;50.79715926045494, 3.855101719227019
13;DE PANNE;643;KOKSIJDE;3.66936172376233;51.0788138299663, 2.628338231803606
643;KOKSIJDE;13;DE PANNE;3.66936172376233;51.0788138299663, 2.628338231803606
654;KWATRECHT;815;MELLE;2.91830320959673;50.99545627738863, 3.8146542642720416
815;MELLE;654;KWATRECHT;2.91830320959673;50.99545627738863, 3.8146542642720416
82;AUVELAIS;620;JEMEPPE-S-S;2.54876558329422;50.447516122791235, 4.647016100186139
951;PALISEUL;146;BERTRIX;11.9779451151666;49.876340593747365, 5.194573142521021
212;BRUGGE-ST-P;166;BLANKENBERGE;11.7415975823228;51.273091277815375, 3.1794482094818606
1107;STOCKEM;496;HABAY;10.562930051811499;49.69871913857435, 5.6989125288832
644;KONTICH-LINT;732;LIER;6.28232320895416;51.13212403169003, 4.518454357488759
1238;WEZEMAAL;1242;WIJGMAAL;9.060054182139352;50.926270455833034, 4.72270734592962
1242;WIJGMAAL;1238;WEZEMAAL;9.060054182139352;50.926270455833034, 4.72270734592962
686;LANGDORP;9;AARSCHOT;3.73152401946613;50.9968840795503, 4.841691951300525
822;MERELBEKE;455;GENT-ST-P;4.44445906948192;51.029848003644844, 3.738152565128148
455;GENT-ST-P;822;MERELBEKE;4.44445906948192;51.029848003644844, 3.738152565128148
177;BOECHOUT;863;MORTSEL;3.90732454865703;51.175092515063874, 4.472086814447359
732;LIER;142;BERLAAR;6.94008005628894;51.13231580184993, 4.600830275675295
810;MECHELEN;634;KAP-O-D-BOS;8.9370304821239;51.013053925199934, 4.421697102986088
121;SILLY;360;ENGHIEN;9.098335852784931;50.68545776523595, 3.9912997963635064
223;BRUX-OUEST;414;FOREST-EST;4.8669933313975395;50.8315300819701, 4.321754629513665
227;BRUX-SCHUMAN;1048;SCHAERBEEK;4.61530196315156;50.862082960100906, 4.379120985877332
1744;LA LOUV-SUD;201;BRACQUEGNIES;5.10935467960376;50.47062598649689, 4.158423155374804
567;HEVERLEE;715;LEUVEN;3.31752918434491;50.867946276480986, 4.710463363500105
1176;VERTRIJK;715;LEUVEN;10.7271583177856;50.85302087582798, 4.771638739454744
259;CHARL-CENTR;612;JAMIOULX;9.14075879531722;50.38710429763439, 4.405764435920665
521;HAREN-SUD;325;DIEGEM;1.95899721866755;50.891317033667136, 4.428484899075552
868;MOUSCRON;604;INGELMUNSTER;22.381145536699;50.82143146695302, 3.233796523456503
604;INGELMUNSTER;868;MOUSCRON;22.381145536699;50.82143146695302, 3.233796523456503
726;LIEGE-GUILL;27;ANGLEUR;3.00141033913587;50.617422795115566, 5.582445246375116
1979;TOUR-TAXIS;621;JETTE;2.07555485004426;50.87854682884837, 4.3420811374270984
37;ANTWERPEN-C;139;ANTW-BERCHEM;2.22166116612982;51.20721989450568, 4.425750956405079
380;ETTERBEEK;1761;DELTA;1.5342452647775302;50.81757461768944, 4.3975717092717534
160;BISSEGEM;649;KORTRIJK;3.49412664076202;50.82738283999432, 3.2458687093646303
361;ENGIS;530;HAUTE-FLONE;6.00020141703953;50.568357835438654, 5.366736326438186
791;MARCH-AU-PT;793;MARCH-ZONE;3.1288480993104;50.40352082611406, 4.400892136439214
791;MARCH-AU-PT;612;JAMIOULX;8.23495978576169;50.38454689872485, 4.398915464474727
435;GEDINNE;126;BEAURAING;21.267678984642302;50.06655495567978, 4.987465228631052
1021;RUISBROEK;220;BRUXELL-MIDI;5.77606020566167;50.81507069931783, 4.314981208993911
1238;WEZEMAAL;715;LEUVEN;9.01294226077748;50.92138405063117, 4.725005102622559
791;MARCH-AU-PT;258;CHARL-OUEST;3.51008740834707;50.40841411321059, 4.416503512631705
220;BRUXELL-MIDI;2089;ANDERLECHT;4.02146965016618;50.82310437891915, 4.315203105020303
30;ANTW-HAVEN;58;ANTW-N'DOK'N;6.93003060518226;51.2825480459013, 4.417187215387905
916;NOSSEGEM;1260;ZAVENTEM;2.60972338925113;50.883317470826306, 4.487946132176783
1260;ZAVENTEM;916;NOSSEGEM;2.60972338925114;50.883317470826306, 4.487946132176783
58;ANTW-N'DOK'N;30;ANTW-HAVEN;6.93003060518226;51.2825480459013, 4.417187215387905
219;BRU AIRPORT;916;NOSSEGEM;2.7306973286831697;50.88607284714931, 4.4929534879881246
365;EREMBODEGEM;6;AALST;3.0594797629027997;50.93313085659505, 4.049346492424852
672;LA HULPE;572;HOEILAART;3.29030153888745;50.75024173675097, 4.483085205766871
210;BRUGGE;1261;ZEDELGEM;10.298889740699;51.16151241465652, 3.2023176259266806
1261;ZEDELGEM;210;BRUGGE;10.2988897406991;51.16151241465652, 3.2023176259266806
743;LISSEWEGE;212;BRUGGE-ST-P;8.12386054599448;51.25861680808309, 3.2020327733100675
212;BRUGGE-ST-P;743;LISSEWEGE;8.12386054599448;51.25861680808309, 3.2020327733100675
809;MAZY;870;MOUSTIER;8.635733264349021;50.47604383762143, 4.674220387436119
391;FAMILLEUREUX;673;LA LOUV-CTRE;6.89358614426021;50.49601643471545, 4.206406102082514
673;LA LOUV-CTRE;391;FAMILLEUREUX;6.89358614426021;50.49601643471545, 4.206406102082514
496;HABAY;1198;VIVILLE;11.8672119377369;49.69770837801852, 5.707639648347166
177;BOECHOUT;139;ANTW-BERCHEM;5.84558194223341;51.18115401074731, 4.463279537250234
1048;SCHAERBEEK;1979;TOUR-TAXIS;3.3703764603252697;50.87573164508812, 4.359425397558989
1151;TONGEREN;470;GLONS;5.92181689636024;50.76554484216921, 5.502925267947227
877;LIERSESTWG;139;ANTW-BERCHEM;4.549156193904509;51.18522641627105, 4.454849108910707
139;ANTW-BERCHEM;877;LIERSESTWG;4.549156193904509;51.18522641627105, 4.454849108910707
1350;ZONHOVEN;523;HASSELT;8.11889817661126;50.95484610098005, 5.33121050962739
929;OOSTENDE;210;BRUGGE;21.8978620148835;51.20620465460177, 3.071738180804644
1017;RUISBR-SAUV;188;BOOM;2.73383720640504;51.08384665519843, 4.344410410620808
336;DUFFEL;732;LIER;9.639366332510521;51.12495304851908, 4.511329913675023
221;BRUXELLES-ND;1767;BOCKSTAEL;2.97620666210048;50.87199674634348, 4.360238859224188
504;HALLE;415;FOREST-MIDI;9.92565325872752;50.770532703325436, 4.2761936520853
810;MECHELEN;325;DIEGEM;17.264923933033398;50.944290113835784, 4.465191469088611
1663;HAREN;325;DIEGEM;1.72877070005934;50.89146210717731, 4.4305861759077105
686;LANGDORP;132;BEGIJNENDIJK;5.73840528233896;51.00675559291947, 4.831054953624564
223;BRUX-OUEST;725;LIEDEKERKE;21.7269526031091;50.842974392320116, 4.221320767402239
1067;SERAING;402;FLEMALLE-HTE;4.698579482904409;50.60108354605536, 5.485259640243266
402;FLEMALLE-HTE;1067;SERAING;4.698579482904409;50.60108354605536, 5.485259640243266
725;LIEDEKERKE;223;BRUX-OUEST;21.7269526031091;50.842974392320116, 4.221320767402239
208;BRESSOUX;726;LIEGE-GUILL;5.77253291027571;50.62951282812115, 5.588132245710085
27;ANGLEUR;208;BRESSOUX;5.25075948968621;50.628894448860116, 5.594406977781446
220;BRUXELL-MIDI;504;HALLE;13.4121787595619;50.78461176949782, 4.288409388777399
208;BRESSOUX;27;ANGLEUR;5.25075948968621;50.628894448860116, 5.594406977781446
1081;SAINT-JOB;742;LINKEBEEK;3.1662736078315;50.78501158028399, 4.345164428724077
220;BRUXELL-MIDI;815;MELLE;44.9394686380585;50.897446242231055, 4.065386699934558
30;ANTW-HAVEN;1278;ZWIJNDRECHT;30.7644938942076;51.26401869831626, 4.2838650560011775
318;DENDERLEEUW;815;MELLE;23.234910898794002;50.94503111378736, 3.932809640440502
455;GENT-ST-P;318;DENDERLEEUW;30.2582766371718;50.962095752027075, 3.890215354905471
815;MELLE;318;DENDERLEEUW;23.234910898794002;50.94503111378736, 3.932809640440502
415;FOREST-MIDI;223;BRUX-OUEST;5.03565297060016;50.83079703264736, 4.318458283223556
223;BRUX-OUEST;415;FOREST-MIDI;5.03565297060015;50.83079703264736, 4.318458283223556
223;BRUX-OUEST;815;MELLE;46.661521551949804;50.89619282336916, 4.071447830444421
815;MELLE;223;BRUX-OUEST;46.6615215519496;50.89619282336916, 4.071447830444421
160;BISSEGEM;868;MOUSCRON;14.4645809008488;50.794674791908804, 3.226428041836041
810;MECHELEN;1663;HAREN;16.6184491428358;50.94763373270241, 4.4668157340039505
1663;HAREN;810;MECHELEN;16.6184491428359;50.94763373270241, 4.4668157340039505