genderName,productId
Unisex,10017413
Women,10016283
Women,10009781
Men,10015921
Men,10017833
Men,10014361
Men,10017869
Women,10009695
Men,10000571
Unisex,10017421
Women,10000911
Men,10000245
Men,10001989
Women,10016727
Men,10017749
Men,1000795
Unisex,10003803
Unisex,10012765
Men,10014413
Women,10013483
Women,10001265
Men,10004155
Unisex,10012795
Women,10009723
Men,10012853
Men,10006001
Unisex,10017377
Men,10015839
Boys,10003123
Unisex,10012767
Women,10013041
Women,10014831
Men,10017831
Women,10002713
Men,10006029
Men,10005903
Men,10017781
Men,10002151
Women,10015989
Women,10001111
Men,10004151
Women,10007705
Men,10006041
Women,10009621
Women,10009681
Women,10017569
Women,10001251
Girls,10003199
Unisex,10017405
Women,10013687
Men,10015163
Women,1000710
Women,10013541
Boys,10002833
Men,10005915
Men,10002707
Men,10012433
Unisex,10012699
Men,10012851
Women,10016755
Men,10015159
Women,10013655
Unisex,10012821
Men,10006073
Women,10013491
Women,10009773
Women,10009643
Men,10015831
Women,10014675
Men,10012761
Men,10001887
Girls,10003179
Unisex,10003821
Men,10017017
Unisex,10012721
Girls,10003341
Unisex,10013417
Men,10017923
Women,10013665
Men,10017595
Women,10000805
Unisex,10012769
Women,10007835
Men,10012881
Women,10013617
Women,10007811
Unisex,10017427
Men,10017899
Unisex,10017369
Men,10017671
Women,10007595
Women,10004343
Women,10007683
Women,10007801
Men,10002181
Unisex,10012783
Girls,10003387
Men,10004053
Women,10017211
Boys,10003299
Women,10013569
Men,10017835
Men,10017771
Men,10006019
Girls,10002825
Women,10013703
Unisex,10012713
Men,10012875
Women,10015997
Unisex,10012771
Women,10013055
Boys,10003213
Women,10014775
Women,10002337
Women,1000745
Women,10009685
Men,10012429
Men,10017723
Men,10017855
Women,10013025
Women,10001211
Men,10006003
Men,10012841
Unisex,10017423
Men,10000599
Men,10002809
Women,10013641
Women,10000657
Men,10005937
Women,10001573
Unisex,10003809
Men,10006069
Women,10017501
Women,10002079
Unisex,10003807
Men,10004165
Men,10013269
Men,10006075
Women,10009637
Women,10017093
Unisex,10017355
Unisex,10017447
Men,10017013
Men,10017053
Men,10017599
Boys,10002785
Boys,1000905
Women,10001445
Women,10013603
Women,10013585
Men,10012865
Unisex,10017417
Women,1001423
Men,10017719
Women,10014659
Boys,10003183
Women,10013567
Women,10001975
Men,10017747
Men,10015929
Men,10017913
Men,10004129
Men,10012919
Women,10015983
Women,10014677
Women,10009715
Unisex,10012733
Women,10012349
Men,10017079
Women,10002675
Girls,10003177
Women,10013677
Men,1001774
Men,10012959
Men,10005885
Women,10012497
Men,10004169
Women,10000775
Unisex,10017441
Men,10016679
Women,10012371
Women,10012335
Men,10001931
Women,10014817
Women,10002341
Women,10004325
Women,1000717
Women,10014941
Women,10000747
Unisex,10017391
Men,10015151
Men,10006081
Men,10017167
Unisex,10017347
Men,10017031
Boys,10003277
Unisex,10017363
Unisex,10017439
Men,10000553
Women,10017481
Men,10012373
Women,10012355
Girls,10003051
Women,10013691
Men,10017847
Men,10015167
Men,10017043
Women,10016271
Women,10013487
Women,10000811
Women,10013707
Women,10015985
Men,10017651
Unisex,10002753
Women,10017113
Women,10000697
Unisex,10013243
Boys,10003303
Women,10013787
Women,10001425
Unisex,10012725
Men,10017587
Men,10014735
Women,10013519
Women,10013727
Men,10011181
Men,10005911
Women,10009771
Men,10012909
Women,10000729
Boys,10005261
Girls,10003011
Men,10015913
Men,10012845
Unisex,10017407
Boys,10003085
Women,10009711
Men,10006049
Women,10015937
Men,10017629
Men,10004201
Unisex,10003823
Men,10017743
Unisex,10013421
Women,10002767
Men,10006053
Girls,10003439
Women,10007597
Women,10011163
Boys,10002869
Boys,10003027
Women,10014845
Women,10013073
Women,10000751
Men,10006039
Men,10000641
Women,10013523
Women,10000667
Women,10013673
Boys,10002963
Women,1000718
Men,10000281
Men,10017857
Women,10009743
Unisex,10013425
Unisex,10013405
Women,10016003
Men,10012971
Girls,10003597
Women,10001003
Men,10015161
Men,10004157
Boys,10002837
Unisex,10017415
Unisex,10012803
Girls,10003505
Women,10001527
Men,10000215
Men,10003695
Women,10013623
Men,10006015
Men,10017631
Women,10007663
Men,10003899
Unisex,10013427
Men,10015165
Men,10017163
Boys,10002865
Women,10013631
Men,10012879
Boys,10003347
Men,10012863
Unisex,10003851
Boys,1000894
Men,10004123
Unisex,10012823
Women,10007763
Women,10012363
Unisex,10003801
Women,10009623
Women,1000494
Girls,10003047
Women,10013037
Women,10001491
Women,10017213
Girls,10003569
Unisex,10013415
Women,10001715
Women,10016713
Boys,10003437
Men,10018013
Men,10015877
Women,1000709
Men,10006083
Unisex,10012719
Women,10007787
Men,10012759
Men,10017011
Men,10000593
Men,10017603
Men,10001497
Women,10009611
Men,10016983
Men,10016985
Girls,10003249
Girls,10003411
Women,10017503
Men,10017917
Women,10007783
Men,10005971
Men,1001061
Men,10005969
Unisex,10012723
Men,10017001
Unisex,10012779
Women,10013719
Men,10017589
Men,10004177
Unisex,10017359
Men,10004283
Girls,10001271
Men,10017693
Men,10005967
Women,1001221
Men,10001773
Men,10012883
Men,10006045
Men,10012969
Unisex,10013413
Unisex,10012715
Women,10014933
Boys,10013361
Boys,10003469
Men,10004145
Men,10017667
Men,10005983
Women,10004509
Girls,10003493
Men,10005909
Boys,10003417
Men,10004121
Men,10017695
Men,10005997
Men,10015145
Women,1001707
Men,10001057
Women,10000761
Women,10014759
Unisex,10003843
Women,10013049
Women,10007611
Unisex,10012805
Women,10014795
Women,10013035
Unisex,10013237
Women,10004477
Women,10007743
Boys,10003209
Girls,10006199
Men,10013131
Unisex,10012731
Men,10004267
Unisex,10017457
Boys,10003531
Unisex,10012807
Men,10006063
Women,10013261
Men,10006071
Unisex,10012707
Unisex,10017453
Women,10016269
Women,10009767
Unisex,10013423
Women,10016757
Men,10017585
Women,10017567
Men,10000583
Women,10017507
Boys,10003365
Women,10016001
Men,10000533
Women,10001731
Men,10015819
Men,10016997
Men,10000107
Women,10016753
Men,10012413
Boys,10003523
Women,10007713
Women,10017571
Men,10004143
Men,10006031
Men,10016703
Women,10013671
Women,10013651
Women,10001097
Women,10000683
Unisex,10003817
Men,10004135
Men,10017741
Men,10016671
Men,1001062
Men,10004139
Unisex,10012799
Women,1000740
Men,10017841
Men,10000097
Unisex,10017459
Women,10017479
Women,10007617
Women,10009693
Boys,10003097
Women,10002487
Unisex,10003819
Girls,10003497
Unisex,10017397
Men,10002003
Unisex,10003831
Men,10002441
Men,10012877
Men,10017007
Men,10016665
Men,10017601
Men,10001585
Girls,10003109
Women,10013543
Women,10004357
Women,10013589
Men,10001157
Men,10015915
Women,10009747
Unisex,10012789
Women,1000182
Unisex,10012791
Women,10013621
Men,10002807
Unisex,10017429
Women,10000727
Women,1000744
Women,10014683
Women,10000777
Women,10015987
Boys,10013371
Men,10001849
Women,10001511
Men,10000595
Men,10017021
Women,10013579
Boys,10003427
Women,10000675
Unisex,10017433
Men,10006059
Men,10018011
Men,10004163
Women,1000505
Men,10012981
Men,10006057
Men,10000903
Unisex,10017409
Women,1000488
Women,10008647
Girls,10003543
Men,10004133
Men,10006087
Women,10013493
Men,10004111
Unisex,10012695
Women,10013045
Men,10017915
Men,10017737
Boys,10005247
Unisex,10003845
Men,10016991
Men,10017157
Unisex,10003853
Men,10018075
Women,10009687
Unisex,10017425
Men,10017615
Women,10017495
Men,10000355
Women,10017475
Boys,10003207
Women,10013059
Unisex,10017443
Men,10017063
Girls,10001333
Men,10006027
Women,10012551
Unisex,10012815
Women,10017489
Women,10003725
Women,10013595
Women,10013495
Men,10000559
Unisex,10017383
Women,10004501
Men,10004115
Women,10009673
Unisex,10012777
Women,10004421
Men,10004011
Women,10012339
Men,10004149
Women,1000743
Boys,10003155
Unisex,10012781
Women,10009679
Women,10013549
Women,10013565
Women,10016739
Men,10005999
Men,10017861
Boys,10003605
Girls,10003463
Men,10006051
Men,10012927
Women,10007673
Men,10000445
Men,10006047
Women,10009675
Women,10012369
Unisex,10012787
Men,10004131
Men,10017081
Women,10007733
Men,10017911
Women,10014815
Men,10015141
Unisex,10018053
Women,10007719
Women,10014939
Women,10012555
Women,10000921
Women,10007655
Women,10002521
Men,10015057
Unisex,10012701
Women,1000497
Men,10017679
Women,10009647
Women,10012341
Men,10017811
Women,10013051
Women,10000737
Men,10000543
Women,10007717
Women,10013735
Men,10017697
Unisex,10012739
Women,10001751
Unisex,10012809
Men,10016981
Men,10012869
Women,10009659
Women,10007623
Men,10017699
Men,10012977
Men,10017009
Women,10012519
Women,10014785
Women,10007757
Men,10012867
Unisex,10017437
Unisex,10012729
Women,10015539
Women,1000741
Men,10017829
Men,10006079
Men,10017077
Women,10009671
Men,10017761
Women,10013501
Men,10016993
Men,10000377
Women,1000716
Boys,10003297
Women,1000721
Unisex,10012797
Women,10004463
Unisex,10012817
Boys,10002835
Women,10013533
Unisex,10012813
Men,10015863
Men,10015919
Women,10014829
Men,10017853
Women,10001923
Women,10002193
Women,10002673
Women,10013545
Men,10004175
Unisex,10012827
Unisex,10003847
Unisex,10013397
Women,10017499
Women,10000801
Women,10009751
Women,1000507
Men,10017085
Women,10011195
Men,10012839
Men,10015829
Women,10012515
Women,1000712
Women,10009635
Men,10002805
Men,10004113
Men,10016971
Unisex,10013411
Women,10013605
Men,10000301
Men,10012963
Women,10017491
Men,10012961
Unisex,10012819
Men,1001050
Men,10006007
Girls,10003171
Unisex,10003855
Men,10005993
Unisex,10003849
Women,10013515
Women,10004315
Women,10000753
Women,10009661
Girls,10003477
Unisex,10002627
Women,10013581
Boys,10003647
Women,10013499
Unisex,10012741
Women,10013649
Women,10012533
Girls,10003099
Girls,10002827
Women,10014665
Women,10012517
Girls,10003395
Women,10016735
Men,10017627
Women,10009735
Men,10017659
Women,10014783
Men,10016699
Women,10014843
Unisex,10013401
Women,10016731
Women,10002759
Women,10012543
Women,10013223
Men,10004181
Girls,1001519
Men,10000587
Girls,10002269
Boys,10013349
Women,10001899
Men,10017805
Women,10002195
Boys,10003087
Men,1001060
Women,10000707
Women,10000763
Men,10017867
Women,10016741
Boys,10013305
Boys,10013377
Men,10017801
Women,10013629
Men,10012757
Women,10000725
Men,10000901
Men,10006017
Men,10017799
Unisex,10012705
Women,10002393
Men,10004171
Men,10000635
Women,10014661
Boys,10003161
Boys,1000903
Men,10015805
Men,10000539
Men,10017733
Boys,10005241
Women,10016723
Women,1000746
Men,10005995
Unisex,10000869
Unisex,10012775
Boys,10013315
Men,10001017
Women,10017237
Unisex,10003837
Men,10015153
Women,10012539
Men,10015171
Men,10017739
Women,1000353
Unisex,10002751
Men,10017775
Men,10012973
Women,10000771
Men,10004153
Men,10014337
Boys,10003149
Women,10001981
Women,10003727
Unisex,10013399
Women,10014837
Women,10013057
Women,10004401
Women,10000945
Boys,10003557
Men,10000651
Men,10000187
Men,10012293
Women,1000729
Boys,10003311
Men,10017889
Women,10017483
Men,10017821
Men,10017597
Men,10000535
Men,10017871
Women,10004381
Women,10014825
Unisex,10012801
Unisex,10017365
Women,10013027
Men,10017039
Women,10013657
Men,10017827
Women,10007721
Unisex,10012793
Men,10006033
Unisex,10013419
Men,10017677
Girls,10001781
Boys,10002791
Boys,10005167
Unisex,10017455
Women,10013737
Women,10001345
Unisex,10003805
Women,10002761
Women,10007803
Unisex,10018065
Men,10002467
Women,10000699
Men,10005883
Men,10012617
Women,10000723
Boys,10001209
Men,10017593
Women,10006979
Women,10009775
Women,10009729
Girls,10003077
Men,10004167
Men,10004119
Women,10001131
Men,10005977
Men,10006009
Women,10001665
Men,10012859
Girls,10016117
Women,10007829
Men,10016697
Women,10008639
Men,10017755
Men,10001203
Men,10016995
Men,10012833
Men,10017875
Men,10017863
Women,10013525
Men,10017905
Boys,10003075
Women,10012343
Men,10004137
Unisex,10013251
Women,10001377
Women,10001483
Men,10004125
Men,10001561
Men,10012843
Girls,10003019
Unisex,10003799
Women,10002763
Men,10014345
Women,10016747
Men,10000591
Men,10002455
Women,10013679
Boys,10002989
Men,10017059
Men,10014897
Men,10015155
Women,10013573
Men,10012985
Unisex,10013409
Women,10013759
Men,10012435
Unisex,10017449
Women,10013497
Women,10000693
Women,10017573
Unisex,10003815
Women,10000813
Women,10001479
Women,10009663
Women,10015993
Women,10000715
Boys,10002831
Women,10007591
Men,10016685
Women,10016721
Men,10000403
Men,10002711
Men,10006043
Women,10001363
Men,10004179
Men,10012873
Men,10002775
Women,10014765
Boys,10003527
Women,10001475
Women,10003723
Unisex,10003827
Boys,10003511
Men,10004147
Unisex,10017419
Women,10000915
Unisex,10018015
Women,10004305
Men,10017753
Unisex,10012773
Girls,10003413
Unisex,10012825
Women,10014761
Men,10017705
Men,10000561
Women,10002103
Girls,10003575
Men,10017663
Men,10016999
Unisex,10012737
Unisex,10013407
Boys,10003363
Women,10016715
Boys,10005243
Women,10014801
Men,10016663
Unisex,10017387
Women,10000717
Boys,10003271
Men,10017619
Men,10000369
Women,10003729
Men,10014975
Women,10013065
Women,10012353
Women,10015947
Women,10016717
Men,10002267
Unisex,10003833
Women,10013529
Unisex,10003835
Men,10004277
Women,10004491
Women,10001485
Men,10006005
Men,10006013
Men,10012965
Men,10017051
Men,10016969
Women,10009619
Women,10018061
Men,10000291
Men,10015149
Boys,10003517
Women,10013539
Men,10012861
Men,10016683
Men,10002363
Girls,10001007
Unisex,10003813
Unisex,10012785
Men,10017033
Women,10016267
Men,10012979
Men,10012849
Men,10014725
Girls,10006191
Unisex,10012811
Women,10013527
Men,10001909
Unisex,10003797
Men,10004117
Men,10006077
Men,10004161
Women,1000714
Men,10012763
Women,10013663
Women,1000725
Girls,10002947
Boys,10013303
Men,10000973
Women,10016737
Men,10000221
Women,10004391
Girls,10003121
Girls,10003259
Men,10004159
Unisex,10003811
Women,10016745
Women,10013731
Boys,10002829
Men,10017609
Women,10004431
Men,10016689
Unisex,10003841
Women,10007607
Unisex,10018055
Women,10012365
Women,10002643
Women,10013619
Men,10012855
Women,10009617
Women,10000679
Men,10016977
Unisex,10017451
Boys,10001657
Women,10007797
Men,10012857
Men,10017773
Unisex,10017445
Women,10017497
Unisex,10017461
Men,10016669
Men,10015173
Women,10017957
Women,10001281
Unisex,10003839
Men,10006055
Men,10006061
Men,10012917
Women,10014943
Unisex,10017401
Men,10006067
Boys,10005281
Women,1000713
Unisex,10003829
Women,10000809
Unisex,10003825
Men,10012967
Girls,10003081
Men,10017133
Unisex,10018865
Men,10017643
Unisex,10025687
Women,10013587
Men,10021597
Women,10026739
Women,10029491
Unisex,10027161
Unisex,10018885
Women,10019881
Men,10031555
Men,1003130
Men,10030039
Men,10019071
Women,10021281
Girls,10021513
Men,10029377
Women,10030893
Women,10032495
Unisex,10025889
Men,10018839
Women,10030891
Men,10029299
Women,10033715
Women,10032095
Men,10030171
Unisex,10027163
Women,10032449
Girls,10021499
Men,10030001
Women,10029059
Women,10032879
Men,10032475
Men,10025543
Women,10028931
Women,10020701
Men,10019201
Men,10019257
Women,10035409
Women,10020739
Women,10021161
Men,10024799
Unisex,10027179
Men,10018857
Men,10030173
Women,10019811
Men,10032521
Men,10019161
Unisex,10021561
Men,10027977
Women,10033763
Women,10033637
Men,10030279
Women,10029195
Women,10032459
Men,10030391
Unisex,10025303
Women,10028959
Men,10035807
Women,10033751
Women,10029037
Women,10030921
Men,10029161
Women,10028947
Men,10027957
Unisex,10024515
Men,10018287
Men,10029661
Women,10032551
Men,1002199
Women,10028997
Men,10028353
Women,10021155
Women,10032127
Women,10032121
Women,10027387
Men,10030151
Unisex,10020041
Women,10028953
Men,10020017
Women,10033789
Unisex,10018897
Unisex,10018919
Women,10032635
Women,10028963
Unisex,10024489
Men,10030431
Men,10030245
Unisex,10024485
Unisex,10018863
Women,10033699
Men,10030139
Women,10033723
Unisex,10018903
Men,10030371
Men,10019231
Unisex,10018923
Women,10033655
Men,10027385
Men,10027365
Women,10029235
Men,10030187
Unisex,10030747
Men,10019223
Men,10030077
Unisex,10030749
Women,10032823
Unisex,10018981
Women,10020709
Men,10020075
Men,10030291
Men,10019539
Women,10032445
Men,10032795
Women,10028929
Women,10019701
Unisex,10018861
Women,10033599
Unisex,10030739
Men,10025015
Unisex,10027195
Women,10019643
Women,10029077
Men,10033053
Women,10019873
Women,10029025
Women,10030455
Men,10027907
Women,10019785
Women,10032773
Men,10030041
Women,10019733
Unisex,10027099
Women,10029241
Women,10032801
Men,10030397
Women,10032481
Women,10019851
Men,10028157
Men,10028841
Men,10029991
Men,10030183
Men,10030255
Men,10019209
Men,10027963
Women,10032525
Women,10033681
Women,10018783
Men,10029989
Men,10019523
Women,10033619
Unisex,10018893
Men,10030021
Men,10024835
Men,10019985
Men,10028179
Men,10028399
Men,10029987
Men,10024581
Men,10028881
Women,10025137
Men,10019159
Women,10032717
Girls,10021477
Men,10029089
Women,10019775
Women,10033597
Men,10032631
Men,10030213
Women,10032853
Men,10019255
Men,10027377
Unisex,10025329
Men,10030141
Men,10029259
Men,10027549
Men,10030153
Women,10035883
Women,10032719
Boys,10020899
Men,10018217
Women,10028923
Men,10027669
Women,10029293
Women,10032073
Men,10030381
Unisex,10021553
Women,10034019
Women,10019715
Men,10024751
Unisex,10025293
Men,10028763
Unisex,10024959
Women,10028943
Unisex,10027197
Men,10029819
Men,10029999
Men,10028087
Men,10032729
Men,10029565
Women,10032825
Men,10032807
Women,10024317
Women,10033615
Unisex,10030743
Unisex,10027169
Men,10019277
Men,10029687
Women,10033747
Men,10027645
Men,10029731
Women,10032455
Women,10036241
Men,10019077
Men,10029811
Unisex,10021559
Men,10020307
Women,10035863
Women,10032117
Women,10036233
Women,10030327
Men,10019083
Men,10019543
Men,10024841
Men,10028145
Women,10029357
Men,10028113
Men,10029525
Men,10030275
Men,10029717
Women,10033611
Women,10032691
Men,10019189
Men,10035817
Men,10029017
Unisex,10019005
Women,10033759
Men,10019259
Unisex,10018883
Men,10029233
Men,10018997
Women,10026223
Men,10027301
Men,10028143
Men,10020073
Men,10028127
Girls,10021519
Men,10035823
Unisex,10035587
Men,10028413
Women,10028989
Men,10024861
Men,10027531
Men,10035999
Women,10033719
Men,10028647
Men,10030395
Men,10033057
Unisex,10018875
Women,10030715
Men,10027649
Women,10031117
Women,10033667
Unisex,10018929
Men,10024629
Men,10019247
Women,10033701
Men,10028331
Women,10026251
Men,10019113
Men,10019069
Men,10027609
Unisex,10026297
Men,10019101
Men,10019521
Women,10018963
Women,10021271
Women,10019697
Men,10028581
Men,10030129
Men,10032713
Women,1003545
Men,10019513
Men,10035815
Women,10028971
Men,10020049
Women,10029381
Women,10032785
Men,10019115
Women,10030923
Men,10030331
Men,10030403
Women,10033967
Men,10018841
Women,10030543
Men,10019167
Men,10028217
Men,10019533
Women,10031085
Women,10033589
Men,10028427
Unisex,10024511
Men,10028843
Men,10028169
Unisex,10019003
Men,10030135
Men,10029253
Men,10030189
Men,10028291
Women,10021169
Women,10033671
Men,10019199
Men,10030239
Men,10029673
Men,10027571
Women,10019823
Unisex,10035561
Women,10021175
Women,10019843
Men,10018173
Men,10032579
Women,10033691
Unisex,10025691
Women,10025037
Women,10019885
Women,10031099
Men,10030045
Women,10033771
Men,10019165
Men,10028275
Men,10019157
Men,10020357
Men,10028121
Women,10033785
Men,10019235
Girls,10021497
Women,10027227
Women,10031013
Men,10019289
Women,10028979
Men,10030167
Unisex,10018985
Men,10027685
Men,10018329
Men,10028041
Men,10030205
Men,10028635
Men,10018337
Men,10019079
Unisex,10018867
Men,10019227
Women,10018801
Women,10025233
Men,10030119
Men,10036081
Men,10019097
Men,10030097
Men,10019155
Men,10030203
Men,10024949
Men,10020355
Unisex,10018889
Men,10028211
Unisex,10024519
Men,10019285
Men,10030169
Girls,10031241
Women,10029173
Men,10028481
Unisex,10026303
Men,10030093
Women,10019625
Women,10026247
Men,10028137
Men,10029397
Men,10027917
Men,10029637
Women,10035639
Women,10029119
Women,10019841
Men,10030413
Men,10030051
Unisex,10020039
Men,10030179
Women,10033025
Women,10032581
Unisex,10027173
Men,10029321
Men,10028355
Men,10030017
Men,10029695
Unisex,10021563
Men,10019141
Men,10031549
Women,10030721
Women,10033753
Women,10026411
Men,10018193
Men,10026845
Men,10030305
Women,10033809
Men,10029625
Men,10019095
Men,10027707
Unisex,10025681
Men,10020019
Unisex,10025697
Unisex,10035511
Men,10028225
Women,10020711
Men,10029031
Men,10030217
Unisex,10024517
Unisex,10025625
Women,10018785
Men,10030009
Unisex,10026295
Unisex,10025693
Men,10028253
Men,10027369
Women,10033673
Women,10019685
Men,10021627
Women,10033793
Women,10029975
Women,10032609
Women,10019611
Women,10021165
Unisex,10024505
Women,10029051
Men,10019143
Men,10021449
Men,10028817
Men,10030251
Men,10028277
Men,10020223
Women,10033415
Men,10020179
Women,10021135
Men,10030181
Men,10030161
Women,10032881
Unisex,10018913
Men,10030101
Unisex,10018881
Men,10029509
Men,10030393
Women,10033709
Women,10032745
Unisex,10027189
Men,10019245
Men,10029207
Men,1002096
Unisex,10021555
Men,10025539
Women,10029005
Women,10033705
Men,10027591
Women,10018939
Women,10032681
Women,10035423
Women,10033779
Men,10018989
Men,10030025
Women,10019797
Men,10029753
Women,10033679
Women,10030591
Women,10033687
Men,10019239
Men,10020145
Unisex,10018907
Men,10027799
Women,10029043
Men,10032537
Men,10035835
Men,10018169
Men,10019065
Women,10032721
Women,10028925
Women,10021181
Women,10029101
Women,10029959
Men,10019121
Women,10033641
Women,10027319
Unisex,10025301
Women,10029307
Women,10019605
Unisex,10021547
Women,10032877
Women,10025201
Men,10026417
Men,10030075
Women,10033683
Men,10029543
Men,10020059
Men,10030219
Men,10019563
Men,10036065
Men,10028389
Unisex,10024509
Unisex,10027165
Men,10028269
Men,10021461
Women,10032797
Women,10030529
Men,10028497
Men,10028139
Women,10019855
Men,10035821
Women,10027317
Women,10019687
Men,10028327
Women,10036235
Men,10019067
Men,10030231
Men,10028193
Women,10033165
Men,10028403
Men,10032833
Unisex,10027167
Women,10033649
Women,10035431
Women,10033801
Women,10030635
Unisex,10018869
Men,10028855
Women,10033659
Men,10019229
Men,10029275
Girls,10021507
Men,10027307
Men,10019119
Women,10028937
Women,10035419
Women,10031043
Women,10018943
Men,10020225
Women,10021007
Women,10026241
Unisex,10027171
Unisex,10027183
Unisex,10018927
Men,10019181
Men,10019267
Men,10030065
Men,10036077
Men,10027877
Men,10030085
Women,10018793
Unisex,10025079
Women,10019793
Men,10028215
Unisex,10027155
Women,10030717
Men,10029171
Women,10033745
Unisex,10018887
Men,10030285
Women,10032753
Men,10019147
Women,10025161
Men,10030269
Unisex,10027143
Women,10018279
Women,10028995
Unisex,10026293
Men,10028797
Men,10030013
Women,1003553
Women,10035381
Women,10033629
Men,10019383
Men,10019153
Women,10029365
Men,10028367
Men,10029997
Men,10028025
Women,10033613
Men,10018993
Unisex,10018119
Women,10019821
Women,10019845
Women,10029927
Men,10019063
Unisex,10030737
Men,10019559
Men,10026421
Women,10021145
Men,10029375
Men,10019075
Men,10030259
Unisex,10027145
Women,10019573
Women,10027281
Men,1002026
Men,10032821
Men,10032765
Men,10030399
Women,10029231
Unisex,10021551
Men,10030061
Unisex,10018891
Men,10035977
Women,10033783
Men,10019207
Men,10032531
Women,10025031
Men,10019185
Men,10019111
Men,10019073
Women,10019869
Women,10034015
Men,10019091
Women,10021163
Women,10033029
Men,10029315
Men,10030059
Women,10033675
Men,10027661
Men,10028541
Unisex,10027097
Men,10019197
Women,10033757
Men,10035839
Women,10019805
Men,10019517
Men,10032817
Men,10030351
Men,10028333
Women,10032077
Women,10019827
Women,10019593
Men,10028577
Men,10029503
Men,10030149
Men,10029167
Women,10030593
Women,10028993
Women,10020719
Women,10033805
Men,10031565
Unisex,10021085
Men,10025241
Men,10019151
Men,10027587
Men,10028859
Women,10029129
Men,10020329
Men,10027717
Women,10028949
Girls,10021491
Men,10024945
Women,10032637
Women,10019655
Men,10027787
Men,10020323
Women,10019883
Men,10029325
Men,10029157
Women,10033817
Men,10030195
Women,10032845
Men,10030221
Women,1003485
Women,10035881
Men,10019281
Men,10018313
Men,10030271
Men,10029995
Women,10033665
Men,10032831
Men,10019163
Women,10030719
Women,10018807
Women,10036169
Men,10027383
Men,10028077
Women,10019755
Men,10030191
Women,10031101
Men,10019279
Men,10020071
Women,10029305
Men,10019225
Girls,10030547
Unisex,10024503
Unisex,10024501
Women,10033713
Women,10019579
Women,10032707
Women,10032861
Women,10029949
Men,10030295
Women,10032561
Women,10021131
Men,10021447
Unisex,10024491
Women,10019765
Women,10019661
Men,10019145
Women,10032743
Men,10030247
Men,10029399
Men,10031529
Unisex,10030751
Men,10032487
Women,10032101
Women,10020773
Women,10029205
Women,10027241
Men,10029337
Men,10020047
Women,10030731
Men,10030421
Men,1001944
Men,10029805
Women,10027285
Girls,10021505
Men,10030293
Men,10019241
Women,10033711
Men,10024935
Women,10031183
Women,10021147
Women,10029327
Women,10029391
Men,10029993
Men,10018191
Men,10029627
Men,10028245
Women,10019773
Women,10033617
Women,10035405
Women,10035865
Women,10019677
Men,10028081
Women,10035653
Women,10019615
Women,10029021
Men,10019269
Men,10035825
Men,10021609
Women,10028951
Women,10033663
Boys,10030665
Men,10030095
Women,10018797
Men,10019519
Men,10030007
Women,10029087
Men,10019087
Men,10030079
Men,10019193
Women,10018809
Unisex,10021541
Men,1002097
Men,10030211
Women,10032075
Women,10035859
Men,10030303
Women,10018967
Men,10018311
Unisex,10025885
Men,10018987
Men,10028555
Men,10028741
Men,10028095
Women,10018795
Men,10018851
Unisex,10018879
Women,10019689
Men,10024391
Unisex,10021549
Men,10029267
Men,10027629
Unisex,10024499
Women,10032541
Men,10032777
Women,10032791
Women,10026255
Men,10019531
Men,10030115
Unisex,10030741
Women,10019759
Men,10020069
Men,10027833
Unisex,10024495
Women,10032463
Men,10030055
Men,10027911
Men,10030423
Men,10028827
Men,10029069
Girls,10021489
Women,10019745
Men,10027763
Women,10033595
Men,10028323
Women,10028991
Men,10018991
Men,10032643
Men,10024537
Men,10019139
Men,10024845
Men,10024767
Men,10027735
Women,10029035
Men,10035813
Women,10018979
Women,10033775
Unisex,10018935
Unisex,10018983
Men,10019567
Women,10029271
Women,10030581
Unisex,10018921
Women,10029003
Men,10029745
Women,10030889
Women,10026227
Women,10019647
Women,10025345
Men,10018845
Women,10020721
Women,10032865
Women,10032583
Women,10028987
Men,10028383
Men,10027615
Unisex,10018871
Women,10028933
Men,10030111
Men,10032625
Women,10030885
Women,10032587
Women,10033739
Men,10018327
Unisex,10021543
Girls,10021509
Men,10032613
Men,10025555
Men,10019061
Men,10019169
Men,10028265
Men,10029635
Women,10029091
Unisex,10018915
Men,10028533
Women,10033791
Men,10030053
Women,10025229
Men,10029111
Men,10028423
Boys,10030681
Men,10024583
Women,10032871
Men,10030297
Boys,10020911
Women,10032641
Men,10029797
Unisex,10021521
Women,10027217
Women,10033731
Women,10032669
Unisex,10021545
Women,10034011
Men,10019057
Men,10035973
Men,10030301
Women,10032465
Women,10029303
Women,10033677
Women,10029039
Women,10032479
Women,10032059
Women,10035387
Unisex,10018895
Men,10019233
Men,10028151
Men,1002020
Unisex,10018925
Men,10019203
Women,10033429
Men,10030019
Women,10032727
Women,10021359
Women,10032837
Unisex,10018899
Unisex,10026125
Women,10019833
Women,10027225
Men,10028195
Men,10018323
Women,10033651
Unisex,10018917
Men,10028011
Unisex,10021557
Women,10019763
Boys,10030679
Men,10019195
Men,10030339
Unisex,10018209
Women,10032563
Women,10021339
Men,10030193
Men,10027559
Men,1002027
Men,10030003
Women,10033721
Women,10028945
Women,10032653
Unisex,10018905
Men,10028455
Women,10035621
Men,10021469
Men,10029835
Women,10033631
Men,10029809
Women,10021167
Men,10027313
Women,10027279
Women,10035427
Women,10035383
Men,10030349
Women,10020707
Unisex,10021567
Unisex,10018931
Women,10019875
Men,10032595
Women,10035873
Unisex,10024521
Unisex,10026305
Women,10019867
Men,10029519
Men,10024927
Men,10028787
Men,10030411
Women,10033769
Women,10033657
Women,10033621
Men,10019149
Men,10020061
Men,10030265
Women,10032549
Women,10033643
Men,10028299
Men,10019219
Women,10035861
Men,10019249
Women,10031035
Women,10028969
Men,10019085
Men,10028271
Men,10030005
Women,10032811
Women,10033797
Men,10030583
Women,10033695
Men,10028325
Men,10019117
Men,10019541
Women,10033727
Men,10029869
Women,10032741
Men,10028407
Men,10030401
Women,10020691
Women,10032843
Women,10032497
Men,10025541
Men,10026855
Men,10032457
Men,10028395
Unisex,10018911
Men,10019509
Men,10035827
Men,10028301
Women,10029001
Men,10028449
Men,10019537
Women,10032673
Men,10035971
Women,10019653
Women,10021345
Unisex,10024513
Men,10028125
Women,10032667
Women,10032883
Unisex,10063547
Men,1005162
Men,10036029
Unisex,10051073
Women,10052459
Girls,10052579
Women,10058541
Men,10038559
Men,10036581
Women,10058403
Men,10038579
Women,10063325
Women,10058497
Women,10048403
Men,1005084
Women,10058453
Men,10050219
Unisex,10063489
Girls,10039011
Men,10063519
Men,10050735
Women,10052137
Women,10058259
Women,10052367
Women,10054477
Men,10052443
Unisex,10051345
Men,10060909
Men,10056103
Men,10052639
Women,10052327
Women,10054299
Women,10038835
Men,10038513
Women,10044461
Boys,10043749
Women,10044851
Men,10036511
Women,10054841
Women,10054561
Girls,10062233
Men,10052719
Men,10052447
Women,10054525
Women,10058179
Women,10039489
Women,10054519
Women,10052563
Women,10063653
Women,10039721
Men,10051889
Men,10036723
Women,10058393
Women,10048545
Women,10039401
Girls,10062167
Women,10040027
Men,10040177
Women,10044465
Men,10052383
Men,10060901
Men,10060233
Unisex,10051151
Men,10036701
Women,10052523
Men,1005088
Women,10052329
Women,10052441
Men,10059721
Unisex,10051349
Men,10051995
Men,10036331
Men,10052583
Men,1005083
Men,10060415
Women,10051545
Men,10039607
Women,10051985
Girls,10043737
Women,10052751
Women,10044467
Women,10058555
Women,10039935
Men,10063535
Men,10060923
Unisex,10051215
Unisex,10051143
Women,10063359
Women,10039841
Men,10038957
Men,10040171
Women,10052515
Men,10052347
Men,10036737
Men,10051911
Men,10052221
Women,10052465
Women,10051735
Women,10058485
Men,10036625
Men,10063021
Men,1005105
Men,10063501
Women,10048279
Men,10052353
Women,10052473
Men,10039595
Women,10054453
Unisex Kids,10062265
Men,10036595
Women,10037123
Women,10042693
Unisex,10050913
Unisex Kids,10043721
Unisex,10051139
Men,10051447
Men,10052255
Men,10038951
Women,10043097
Men,10043891
Unisex,10053855
Girls,10053555
Men,10046859
Men,10036525
Men,10062775
Men,10038501
Women,10051283
Men,10037001
Women,10036923
Men,10052557
Women,10052021
Women,10054119
Women,10052277
Women,10053725
Women,10044463
Unisex,10051483
Men,10048139
Men,10050791
Women,10044471
Unisex,10052005
Men,10060465
Unisex,10051041
Unisex,10051103
Women,10052633
Women,10053779
Women,10052687
Women,10058475
Women,10058301
Women,10052369
Men,10048093
Men,10036523
Men,10060579
Men,10056063
Women,10058199
Men,10063503
Unisex,10051097
Men,10036339
Men,10052263
Unisex,10051105
Men,10036547
Men,10052451
Men,10046863
Unisex Kids,10052349
Men,10036527
Women,10063721
Unisex Kids,10043657
Women,10039339
Men,10050379
Women,10054821
Men,10052141
Men,10036391
Women,10053761
Men,10059875
Men,10060231
Unisex Kids,10062189
Men,10036607
Men,10036467
Women,10058181
Women,10048353
Women,10037129
Women,10058499
Unisex,10053897
Men,10052541
Women,10054597
Women,10040023
Women,10039363
Women,10058387
Women,10054415
Men,10044019
Women,10037057
Women,10036909
Men,10060227
Women,10040099
Unisex,10051159
Men,1005117
Men,1005043
Women,10048371
Women,10054785
Women,10054383
Men,10053685
Women,10051325
Men,1003800
Women,10063675
Women,10041423
Men,10054041
Unisex,10051009
Men,10060367
Men,10056439
Men,10052575
Women,10058471
Men,10044701
Girls,10039955
Women,10039709
Women,10054547
Women,10053999
Women,10040847
Women,10053749
Men,10044165
Men,10056473
Men,10063533
Women,10051953
Unisex,10051131
Men,10056493
Women,10052631
Women,10037125
Women,10040029
Women,10041873
Men,10038101
Unisex Kids,10052337
Women,10058339
Women,10048071
Women,10051253
Women,10052271
Women,10053755
Women,10052095
Women,10039473
Men,10052061
Men,10052627
Men,10052657
Men,10056403
Women,10041879
Women,10058419
Women,10038921
Women,10037083
Men,10052099
Men,10055925
Men,10052107
Women,10054419
Women,10045843
Men,10052235
Men,10048579
Men,1005114
Men,10052165
Women,10039347
Women,10044433
Men,10051975
Men,10051525
Women,10041841
Men,10056273
Men,10052159
Unisex Kids,10043639
Women,10053733
Women,10053737
Women,10058399
Women,10038765
Women,10052305
Women,10054607
Women,10058535
Women,10054551
Men,10039611
Women,10041847
Women,10058215
Women,10041985
Men,10036271
Women,10044435
Women,10052113
Men,10046831
Women,10063669
Men,1005151
Men,10052717
Men,10062851
Unisex,10063209
Unisex,10050933
Men,10046851
Women,10039917
Men,10051943
Men,10052045
Women,10044479
Women,10054585
Men,10052139
Women,10039351
Men,1005044
Women,10054491
Unisex,10051085
Unisex Kids,10051919
Men,10052637
Women,10053767
Men,10052509
Women,10038931
Men,10050835
Women,10044833
Men,10060205
Women,10052063
Women,10040031
Women,10051909
Men,1005386
Women,10058189
Men,10044185
Unisex,10051347
Women,10041835
Men,10048125
Men,10052295
Women,10058383
Men,10052089
Women,10054489
Boys,10050867
Women,10051543
Men,10055911
Women,10054599
Women,10041569
Unisex,10051197
Women,10058253
Men,10056583
Men,10051923
Women,10052721
Women,10058363
Women,10058549
Women,10043075
Women,10051331
Women,10051905
Women,10054575
Women,10039729
Men,10052017
Men,10052685
Women,10058275
Women,10052023
Unisex,10051229
Unisex,10051369
Unisex,10051091
Men,10059785
Men,10059749
Men,10060847
Men,10052401
Women,10044439
Men,10061153
Men,10063531
Women,10037175
Unisex,10050961
Women,10058271
Women,10045883
Women,10058439
Women,10039913
Women,10051537
Women,10052703
Women,10050771
Women,10058409
Men,10038557
Women,10063649
Men,10044687
Men,10054047
Men,10051445
Women,10054917
Unisex Kids,10062173
Women,10051287
Men,1005107
Men,10056283
Men,10051973
Girls,10053885
Men,10052003
Men,10036635
Men,10038573
Men,10052399
Women,10052715
Women,10052309
Men,10061057
Women,10053781
Men,10052097
Unisex,10051005
Men,10059853
Men,10052133
Women,10039371
Men,10056195
Men,10060541
Men,10043881
Men,10052157
Women,10052019
Men,10052073
Men,10052661
Women,10058291
Women,10045711
Unisex,10050981
Men,10036491
Girls,10043685
Men,10052223
Men,10036627
Girls,10062243
Men,10063539
Men,10059933
Men,10046847
Men,10060375
Men,10061121
Women,10039459
Women,10052379
Women,10054887
Men,1005119
Women,10038141
Women,10052215
Unisex,10051101
Men,10063563
Women,10054555
Men,10060661
Men,10038517
Men,10052591
Girls,10053889
Women,10052149
Women,10058357
Women,10051257
Women,10058303
Men,10052621
Women,10038935
Men,10063557
Women,10039485
Boys,10043701
Men,10046867
Unisex,10051149
Unisex,10051175
Men,10048095
Women,10054915
Women,10058355
Unisex,10051179
Men,10055865
Men,10051903
Men,1005144
Women,10054835
Women,10054361
Women,10058369
Women,10041407
Men,10063507
Women,10052123
Men,10052083
Men,10046857
Women,10052381
Men,10060131
Women,10048347
Women,10051679
Men,10052321
Men,10054215
Women,10058379
Men,10051893
Men,10036611
Women,10054369
Women,10041421
Women,10051897
Girls,10043627
Women,10058443
Unisex,10053983
Men,10052091
Women,10051523
Women,10041839
Unisex,10051081
Men,10036695
Men,10063511
Unisex,10040391
Men,10060479
Women,10040587
Women,10051245
Men,10060441
Unisex,10050937
Men,10052325
Women,10051585
Unisex,10052771
Men,10052695
Men,10052527
Men,10056573
Boys,10043703
Women,10058203
Men,10036461
Men,10048143
Women,10051261
Unisex,10052195
Women,10058321
Men,10046839
Women,10058433
Girls,10039015
Unisex,10051487
Women,10058459
Women,10054553
Women,10052147
Women,10048399
Unisex,10046949
Men,10052503
Men,10051439
Women,10052111
Women,10051315
Women,10052371
Women,10058305
Unisex,10063211
Women,1005558
Men,10052351
Women,10054533
Women,10058205
Women,10054429
Unisex Kids,10062309
Women,10050761
Women,10051317
Women,10058467
Women,10058201
Women,1004316
Unisex Kids,10052081
Women,10063145
Women,10039901
Men,10052355
Unisex,10052605
Women,10052237
Men,10046889
Unisex,10051111
Women,10054485
Men,10052711
Women,10054483
Women,10039367
Men,10038955
Women,10058481
Men,10046833
Girls,10039969
Unisex,10051115
Women,10058191
Men,10063521
Girls,10039763
Men,1005081
Men,10052053
Unisex,10053901
Women,10052767
Women,10058429
Men,10052517
Women,10058245
Men,10046881
Men,10060111
Women,10054507
Men,10052299
Women,10039387
Women,10040089
Unisex,10051203
Men,10052483
Men,10044699
Men,1005390
Women,10054501
Women,10048389
Men,10056613
Women,10043077
Women,10050705
Men,10050223
Women,10054479
Men,10059977
Men,10050725
Women,10039477
Unisex,10051089
Women,10054351
Women,10058237
Men,10063505
Women,10054817
Men,10056149
Unisex,10051339
Unisex,10051093
Men,10052041
Men,10052753
Unisex,10051481
Unisex,10053895
Men,10052659
Unisex,10051355
Men,10052681
Women,10054803
Men,10052317
Men,10046837
Women,10054385
Men,10050231
Women,10040091
Men,10050389
Women,10052311
Unisex Kids,10062285
Unisex,10053899
Women,10052487
Men,10051891
Men,10036335
Men,10056031
Women,10051329
Unisex,10063631
Men,10038953
Men,10052419
Men,10036981
Women,10054505
Boys,10043651
Women,10058381
Men,10059811
Men,10046827
Men,10061085
Women,10051595
Women,10037207
Men,10063509
Men,10053697
Men,10036571
Men,10063569
Women,10051949
Women,10052065
Men,10063537
Women,10058435
Men,10043601
Men,10050841
Men,10052739
Unisex Kids,10039951
Women,10054543
Unisex Kids,10039949
Women,10054893
Women,10051681
Women,1004314
Unisex,10051211
Women,10041821
Women,10054855
Men,10050245
Men,10052679
Men,10059829
Women,10058315
Unisex Kids,10062139
Men,10060653
Women,10039715
Men,10051449
Women,10052359
Men,10038885
Men,10036293
Men,10053675
Men,10059979
Women,10063713
Women,10041871
Unisex,10040631
Men,10052281
Women,10052635
Women,10037023
Women,10058389
Women,10058309
Women,10051303
Men,10051955
Unisex Kids,10062099
Women,10044431
Men,10052273
Men,10052199
Men,10052457
Women,10048029
Men,10052313
Women,10051251
Men,10050369
Women,10054611
Girls,10043709
Women,10058353
Women,10052247
Men,10050239
Women,10053743
Women,10052301
Men,10055817
Unisex Kids,10052505
Women,10051327
Women,10041745
Men,10056445
Unisex Kids,10062273
Women,10051517
Women,10054469
Men,10036559
Women,10042697
Men,10036669
Women,10054795
Women,10052629
Women,10038731
Women,10052745
Men,10053909
Men,10051997
Men,10052737
Women,10039905
Girls,10043665
Men,10060549
Women,10058537
Men,10055975
Women,10054431
Men,10053159
Men,10060299
Women,10052701
Women,10052085
Women,10052625
Men,10063545
Men,10056457
Women,10048255
Women,10040837
Men,10053683
Women,10054577
Women,10054583
Men,10052725
Men,10046861
Unisex Kids,10039963
Women,10051541
Men,10038943
Men,10036633
Men,10052245
Women,10040599
Unisex,10051031
Men,10052055
Women,1003781
Women,10052723
Men,10052079
Men,10056541
Men,10046897
Men,10056033
Women,10051319
Women,10052565
Women,10063643
Men,10036641
Women,10054811
Men,10056529
Unisex,10051001
Women,10052153
Unisex Kids,10052385
Unisex,10051479
Women,10044459
Women,10063703
Men,1005061
Men,10052331
Women,10038925
Men,10052015
Women,10038933
Men,10060073
Men,10046853
Unisex,10051217
Men,10052335
Men,10052699
Women,10052623
Women,10053873
Women,10053729
Women,10053963
Women,10058401
Unisex,10050917
Men,10036717
Men,10038613
Women,10052601
Women,10051243
Women,10058289
Women,10048365
Women,10058469
Men,10052501
Women,10051265
Women,10037147
Men,10052537
Men,1005137
Unisex,10052207
Men,10052169
Men,10038519
Women,10054443
Women,10039429
Men,10038875
Women,10039379
Men,10053577
Men,10036433
Women,10038969
Men,10054037
Women,10052151
Women,10052201
Men,10052421
Unisex,10050963
Women,10053777
Women,10052167
Men,10036349
Women,10051935
Unisex,10051929
Men,10051441
Men,10044177
Men,10055815
Women,10054493
Men,10036631
Men,10060179
Women,10051993
Men,10051939
Men,10052569
Women,10039889
Women,1003783
Unisex,10051207
Women,10054447
Women,10041861
Men,10062739
Men,10055883
Unisex,10052491
Unisex Kids,10052497
Men,10038611
Women,10048253
Unisex Kids,10052645
Men,1005146
Men,1005082
Women,10048073
Men,1005161
Men,10052193
Unisex,10040633
Men,10044667
Women,10039845
Men,10051957
Men,10048145
Men,10052489
Women,10041193
Women,10041877
Men,10052075
Women,10044875
Unisex,10050955
Men,10052691
Unisex,10051351
Women,10040095
Men,10036283
Men,10063551
Men,10059839
Men,10044057
Women,10044469
Men,10036553
Girls,10062223
Women,10054349
Women,10058463
Women,10039423
Men,10060765
Women,10052059
Men,10052033
Women,10042679
Girls,10043697
Boys,10050673
Men,10052553
Unisex,10051023
Women,10054573
Women,10054051
Women,10054297
Women,10058397
Men,10036585
Unisex,10050931
Women,10038919
Girls,10062299
Women,10036899
Unisex,10051043
Men,1003778
Women,10054593
Unisex,10040389
Men,10052239
Women,10038769
Men,10036325
Women,10058223
Men,10052689
Women,10040841
Unisex,10050923
Unisex Kids,10062175
Women,10045765
Women,10058277
Women,10051297
Unisex,10051367
Women,10039923
Women,10039475
Unisex,10051359
Women,1005514
Men,10052449
Unisex Kids,10062229
Men,10060313
Men,1003764
Men,10036437
Men,10036541
Men,10046841
Women,10052705
Men,1004904
Men,10052249
Men,10038489
Men,10052455
Men,10052163
Girls,10039787
Women,10063269
Men,10044639
Men,10050249
Women,10054497
Men,10063523
Men,10063529
Men,10050417
Men,10052227
Unisex,10051225
Unisex Kids,10043649
Women,10052183
Men,10052467
Unisex Kids,10039965
Men,10063541
Men,10060217
Unisex,10050975
Men,10059993
Men,1003775
Men,10052743
Men,10038945
Men,10036599
Men,10046873
Women,10053875
Women,10039711
Men,10060167
Women,10037089
Men,10046871
Women,10058547
Unisex,10051021
Unisex,10050949
Women,10058347
Men,10044683
Women,10062439
Women,10048055
Men,10046829
Men,10052209
Women,10058233
Men,10036591
Men,10052677
Men,10052131
Men,10051987
Women,10054517
Women,10047999
Men,10036431
Women,10045877
Women,10053735
Unisex,10051371
Women,10054531
Men,1003773
Unisex,10051061
Men,10056427
Men,10036593
Women,10054427
Unisex Kids,10052641
Women,10063693
Men,10052069
Women,10048033
Women,10054579
Men,10053689
Men,10056475
Men,10063513
Women,10054875
Women,10039915
Men,10052345
Women,10037187
Women,10054445
Women,10051241
Men,10052435
Men,10052727
Men,10052545
Men,10060289
Men,10056595
Women,10053731
Men,10036465
Men,1005163
Unisex,10051337
Women,10041823
Women,10051249
Men,10060341
Women,10053773
Unisex Kids,10052539
Men,10044549
Men,10044109
Women,10054581
Women,10054781
Men,10059963
Men,10052613
Unisex,10051013
Men,10051959
Unisex Kids,10062263
Women,10036911
Men,10050217
Men,10052519
Women,10054527
Women,10053775
Women,10053763
Women,10052397
Women,10052177
Men,10059919
Men,10060061
Women,10048373
Women,10038915
Men,10060103
Women,10051263
Men,10050247
Women,10037143
Women,10101345
Men,10071509
Men,10073339
Women,10070589
Men,10052233
Women,10105895
Women,10054557
Men,10052643
Women,10105845
Women,10080173
Women,10072509
Women,10080601
Women,10074379
Unisex,10098667
Unisex Kids,10072411
Women,10096173
Women,10072507
Women,10080393
Women,10068615
Women,10092051
Unisex,10096263
Women,10072499
Men,10099541
Boys,10096481
Women,10074381
Unisex,10075753
Women,10074619
Men,10073389
Women,10080179
Women,10069631
Women,10088907
Men,10074245
Unisex,10101287
Women,10064595
Women,10075283
Women,10089325
Men,1008976
Unisex,10075865
Women,10071067
Women,10080497
Women,10080551
Men,10073829
Men,10069655
Unisex,10065605
Women,10073919
Girls,10070537
Unisex Kids,10072381
Men,10099499
Women,10089373
Men,10092123
Women,10098527
Men,10064507
Men,10073181
Unisex,10089285
Unisex,10082677
Unisex,10096767
Women,10089413
Women,10080317
Men,10069707
Women,10098487
Women,10073609
Women,10073687
Women,10063803
Men,10063863
Men,10073825
Men,10070715
Women,10073665
Men,10073415
Unisex,10098771
Girls,10101099
Men,10071051
Men,10063861
Women,10089343
Unisex,10068483
Women,10072517
Men,10070545
Women,10097193
Men,10089513
Men,10099591
Men,10064493
Unisex,10105693
Men,10071521
Women,10089465
Women,10073681
Women,10080605
Women,10085971
Women,10089385
Unisex,10099051
Women,10089453
Women,10080485
Women,10063767
Men,10073827
Women,10075943
Women,10066959
Unisex,10101289
Women,10098519
Men,10064639
Men,10065009
Women,10073685
Men,10071803
Women,10075723
Women,10063853
Men,10099509
Women,10097267
Men,1008977
Women,10075725
Men,1009385
Women,10097253
Men,10073351
Men,10073315
Women,10068569
Men,10069765
Men,10099483
Men,10064053
Women,10080481
Unisex,10092455
Women,10068547
Men,10065515
Men,10074239
Men,10065419
Women,10063735
Men,10075921
Women,10073959
Women,10063755
Women,10063841
Women,10080465
Girls,10101119
Women,10068595
Unisex,10096435
Women,10089043
Unisex,10080555
Women,10089383
Men,1010508
Women,10089045
Men,10092139
Men,10071177
Men,10091317
Unisex,10096285
Women,10095305
Women,10073635
Women,10073637
Women,10073623
Men,10071673
Women,10069675
Men,10071395
Men,10092109
Men,10099525
Unisex,10075837
Women,10089415
Men,10092113
Unisex,10075823
Men,10091247
Men,10064569
Unisex,10068465
Women,10072963
Men,10099515
Men,10071371
Women,10097195
Women,10105833
Men,10092117
Women,10086319
Men,10073237
Unisex,10097063
Men,10065531
Women,10069695
Women,10072339
Men,10071397
Men,10099505
Men,10099475
Unisex,10065623
Women,10073605
Women,10097201
Men,10065539
Men,10065295
Women,10089387
Women,10098867
Unisex,10089141
Unisex,10098823
Men,10074949
Men,1010510
Men,10065493
Men,10092105
Unisex,10073899
Men,10101611
Men,10091349
Women,1010453
Men,10099633
Women,10101321
Women,10063723
Girls,10101105
Unisex,10105705
Girls,10074433
Women,10095267
Women,10071041
Women,10105877
Women,1010438
Women,10097211
Women,10080397
Unisex,10092469
Men,1008981
Women,10095269
Unisex,10098847
Men,10064485
Girls,10101113
Unisex,10098663
Women,10080477
Women,10089399
Unisex,10097069
Women,10073669
Women,10073639
Women,10080227
Men,10089185
Women,1010440
Men,1009364
Women,10105709
Men,10073227
Women,10075395
Men,10092097
Men,10064981
Women,10098553
Men,1009557
Men,10071375
Boys,1008343
Men,10073337
Women,10089433
Unisex,10096301
Men,10064529
Unisex,10098819
Unisex,10074201
Women,10072347
Unisex,10101251
Men,10099493
Women,10101635
Women,1010018
Women,10104841
Unisex,10089315
Men,10064501
Men,10064153
Unisex,10080243
Boys,1008342
Men,10064807
Men,10064109
Men,10101619
Women,1010467
Men,10070233
Women,10101409
Men,10064487
Men,10064723
Men,10099479
Women,10091275
Unisex,10075857
Men,10063877
Unisex,10105703
Women,10074713
Women,10097251
Men,10073073
Unisex,10073895
Men,10092089
Unisex,10096403
Unisex,10098805
Women,10101661
Women,10074627
Men,10076001
Men,10073483
Women,10063955
Men,10101613
Women,10089009
Women,10089243
Women,10071097
Men,10082761
Women,10097307
Women,10085039
Men,10063901
Unisex,10101379
Unisex,10101363
Unisex,10098655
Men,10075963
Women,10074409
Women,10068597
Women,10070729
Men,10064513
Men,10064489
Men,10064901
Men,10066279
Women,10066975
Men,10073363
Women,10098361
Unisex,10080565
Men,10063887
Men,10098491
Men,10099523
Girls,10101123
Men,10073179
Women,10098367
Women,10085961
Women,10089361
Girls,10074449
Women,10073693
Men,10091367
Men,10092103
Unisex,10089013
Women,10099445
Women,10101687
Women,10080395
Women,10075177
Women,10068605
Women,10105867
Men,10069669
Women,10089457
Women,10089463
Unisex,10098647
Unisex,10099079
Women,10080493
Women,10073683
Women,10074615
Unisex,10075855
Girls,10101121
Women,10097237
Women,10089349
Women,1010478
Unisex,10080599
Women,10068553
Women,10089365
Men,10064049
Men,10064165
Women,10075727
Men,10092019
Men,10064029
Men,10092085
Men,1008979
Women,10089469
Women,10098521
Women,10080283
Women,10097243
Women,10080181
Men,10064851
Women,10072343
Unisex,10105815
Women,10097289
Women,10074643
Women,10095231
Men,10063895
Women,10073749
Unisex,10075291
Men,10079995
Women,10105861
Women,10089161
Unisex,10096289
Men,10065037
Unisex,10092453
Women,10073597
Women,10089301
Unisex,10071443
Women,10073603
Women,10063849
Men,10098419
Unisex,10096843
Women,10104825
Women,10105823
Unisex,10075841
Men,10101445
Women,10073667
Women,10096239
Unisex,10071423
Men,10064143
Men,10074227
Women,10088851
Men,10075941
Men,10064035
Women,10089435
Unisex,10101227
Men,10064481
Men,10073263
Women,10074641
Men,10071231
Men,10073171
Women,10075821
Men,10092439
Men,10099531
Women,10066987
Women,10069587
Women,10098377
Women,10089441
Men,1009547
Girls,10101111
Men,1010554
Women,10105863
Women,10069539
Men,10064515
Men,10064773
Women,10097219
Men,10064085
Women,10097249
Men,10073007
Women,10104831
Men,10073359
Unisex,10075859
Men,10064857
Women,10089411
Girls,10099125
Men,10098425
Men,10089205
Women,10089437
Men,10071599
Women,10069699
Men,10092115
Unisex Kids,10072391
Women,10088931
Boys,10080643
Women,10073735
Men,10073811
Unisex,10098825
Women,10074629
Men,10092121
Men,10091325
Men,10099537
Women,10075785
Men,10101435
Men,10064541
Men,10064111
Boys,10080645
Boys,10080649
Women,10095239
Men,10074235
Women,10105871
Men,10091967
Men,10092075
Women,10063795
Women,10096225
Girls,10075281
Women,10073633
Men,10073177
Men,10065725
Women,10069623
Women,10089299
Men,10073463
Men,10073077
Men,10091339
Women,10089347
Women,10081403
Men,10064547
Unisex,10065595
Men,10065473
Men,10064521
Women,10071413
Men,10072995
Unisex,10075867
Women,10085969
Unisex,10089149
Unisex,10098801
Men,10099487
Women,10076029
Women,10074623
Women,10075411
Women,10068535
Men,10099519
Girls,10101107
Women,10080611
Men,1009000
Women,10073771
Unisex,10101253
Women,10068529
Men,10099489
Men,10065151
Unisex,10080573
Women,10068639
Men,10064459
Men,10071793
Women,1010450
Men,10099477
Women,10089429
Women,10074751
Unisex,10097155
Unisex,10092465
Men,10092137
Unisex,10101259
Men,10071787
Women,10072929
Unisex,10101211
Men,10063923
Men,10064843
Women,10074387
Men,10075815
Unisex,10075833
Women,10080399
Men,10089225
Women,10074597
Unisex,10098765
Women,10072357
Men,10092073
Women,10080607
Women,10095311
Men,10091351
Women,10064575
Unisex,10096329
Women,10080407
Women,10088875
Unisex,10075845
Boys,10089607
Women,10101727
Women,10073627
Women,10075453
Women,10072629
Women,10080175
Men,10071507
Unisex,10075843
Men,10099517
Women,10088949
Unisex,10096303
Men,10099467
Women,10089007
Women,10073599
Men,1009347
Women,10074601
Men,10099497
Unisex,10073907
Women,10085047
Men,10071139
Men,10081353
Women,10068573
Women,10101643
Men,10099539
Men,1010498
Women,10080479
Men,1010542
Women,10068563
Women,10071451
Women,10074401
Women,1010437
Unisex,10101295
Women,10085025
Unisex,10080569
Unisex,10089313
Unisex,10075953
Women,10084341
Women,10089169
Unisex,10075915
Women,10074635
Women,10073971
Men,10086121
Women,10068571
Unisex,10096851
Women,10071073
Men,10073815
Women,10080489
Women,10072515
Women,10070531
Women,1010452
Women,10073611
Women,10098467
Women,10074631
Women,10074639
Women,10068583
Women,10104829
Men,10099529
Men,10074225
Women,10089397
Men,10065471
Women,10074421
Women,10089337
Unisex,10096411
Unisex,10097071
Men,10071389
Men,10063883
Men,10065121
Men,10092127
Women,10074647
Unisex,10096295
Men,10071055
Girls,10099113
Women,10105881
Women,10068627
Women,10073679
Women,10072335
Women,10073675
Boys,10063995
Men,10070291
Women,10080177
Women,10080475
Girls,10101109
Women,10068567
Unisex,10096961
Men,10074083
Men,10064041
Women,10070533
Men,10065307
Men,10065581
Men,10075935
Women,10074617
Men,10064539
Women,10080483
Women,10086107
Men,10089519
Women,10063811
Men,10092093
Men,10101447
Unisex,10075289
Women,10071065
Men,10064765
Women,10068551
Men,10101627
Girls,10101117
Men,10091939
Women,10081401
Men,1009002
Women,10069727
Unisex,10080567
Women,10101319
Women,10068687
Men,10064141
Unisex,10075829
Women,1010483
Men,10066363
Men,10073437
Men,10064065
Women,10075405
Unisex,10074313
Women,10104843
Unisex,10075295
Women,10097287
Men,10064497
Unisex,10101313
Girls,10101127
Women,10097213
Men,10065407
Women,10073621
Unisex,10098661
Men,10071591
Women,10075747
Men,10099511
Women,10104845
Women,10089059
Men,10071795
Women,10069611
Women,10089447
Women,10074611
Women,10073615
Women,10074621
Unisex,10089143
Men,10064549
Unisex,10098777
Women,10073641
Unisex,10089133
Girls,10101129
Unisex,10092065
Women,1009680
Girls,10072215
Unisex,10092457
Women,10089333
Women,10101325
Men,10091359
Men,10064145
Men,10072955
Unisex,10075293
Women,10105821
Women,10104827
Men,10064121
Unisex,10096283
Women,10074625
Men,10101607
Women,10068611
Men,10064545
Unisex,10096845
Men,10073123
Men,10065477
Women,1010442
Women,10071081
Women,10105869
Men,10065447
Women,10089407
Women,10073643
Women,10088871
Women,10066969
Women,10073657
Men,10092025
Women,10074605
Women,1010476
Men,10071387
Women,10089295
Women,10095327
Women,10072511
Men,10073831
Men,1010546
Women,10101691
Unisex,10075853
Women,10071025
Women,10073651
Men,10064479
Women,10098387
Men,10064471
Women,10075491
Men,10071785
Women,10076249
Men,10071499
Women,10085061
Women,10098385
Women,10076055
Men,10064565
Men,10071263
Men,10064553
Men,10073113
Men,10092125
Women,10089159
Women,10101401
Women,10080501
Men,10069795
Women,10089359
Women,10105855
Unisex,10096271
Unisex,10075357
Women,10101647
Men,10074941
Unisex,10105691
Women,10101665
Men,10069713
Women,10073661
Men,10075969
Women,10068579
Women,10085973
Women,10083433
Women,10075455
Men,10080309
Boys,10074437
Unisex Kids,10071317
Women,10081151
Men,10064531
Girls,10099093
Men,10066255
Women,10095277
Women,10080603
Women,10073645
Men,10064511
Women,10066951
Unisex,10096291
Women,10089439
Women,10101677
Women,10074559
Men,10088889
Women,10080183
Women,10089335
Women,10098381
Women,10098363
Women,10089431
Men,10065507
Unisex,10075299
Men,10071511
Men,10075955
Unisex,10089151
Men,10069705
Men,10080029
Women,10095335
Women,10089423
Men,10092083
Women,10074385
Boys,10074431
Men,10074967
Boys,10088847
Men,10071529
Men,10073119
Men,10101425
Women,10071463
Unisex,10073889
Women,10089409
Women,10089377
Men,10063867
Men,10099485
Women,10080499
Men,1009381
Men,10099543
Men,10064543
Women,10089393
Women,10101327
Women,10098479
Men,10099533
Women,10075401
Women,10068643
Women,10084985
Unisex,10096821
Men,10064463
Men,10099471
Men,10064499
Men,10064561
Unisex,10075937
Unisex,10080571
Women,10089303
Women,10089305
Men,10063875
Women,10089353
Women,10098373
Unisex,10096923
Unisex,10065659
Unisex,10075851
Men,10091347
Women,1010448
Women,10074613
Unisex,10101255
Women,10098569
Men,10081369
Women,10072299
Men,10099545
Men,10073199
Women,10101649
Women,10097271
Unisex,10096927
Women,10073625
Men,10064461
Unisex,10101529
Women,10073653
Boys,10074435
Women,10063979
Unisex,10074155
Unisex,10089139
Men,10063911
Men,1008985
Women,10104839
Men,10075931
Women,10097221
Men,10092111
Unisex,10098757
Women,10098517
Men,10064475
Boys,1008344
Women,10073703
Men,10065709
Unisex,10101301
Men,10099495
Girls,10088823
Men,10064467
Women,10080233
Boys,10074447
Men,10065383
Women,10069711
Women,10075165
Women,10074211
Men,10063927
Women,10080617
Women,10097293
Unisex,10092447
Men,10098421
Men,10089199
Unisex,10089145
Women,10097299
Girls,10074453
Men,10070297
Unisex,10096267
Girls,10089609
Unisex,10101219
Women,10069605
Women,10089391
Men,10064517
Women,10091243
Women,10074595
Unisex Kids,10072389
Unisex,10098657
Men,10099469
Women,10095323
Unisex,10073905
Men,10064535
Women,10089297
Women,10080609
Unisex,10101297
Men,10091369
Men,10064557
Women,10082953
Unisex,10098779
Men,10091343
Men,10073297
Men,10092027
Boys,10064015
Girls,10101131
Men,10071369
Men,10099481
Women,10070587
Unisex,10075751
Men,10073431
Men,10064525
Women,1010447
Women,10069683
Men,10086117
Women,10089613
Unisex,10105697
Men,10091321
Unisex,10075835
Boys,10074463
Women,10089323
Women,10068557
Unisex,10096347
Women,10069595
Women,10063743
Men,10065355
Women,10097303
Men,10064559
Women,10064579
Women,10073631
Men,10063897
Women,10074637
Unisex,10096823
Men,10073079
Unisex Kids,10072379
Women,10085981
Unisex,10073893
Men,10069641
Unisex,10092535
Men,10073251
Men,10064523
Unisex,10099069
Women,10084973
Women,10080487
Women,10073613
Unisex,10075825
Unisex,10073885
Women,10085983
Women,1010441
Men,10092091
Men,10068081
Women,10074609
Women,10101395
Women,10089339
Women,10074407
Women,10080239
Unisex Kids,10072409
Women,10080187
Women,10089363
Women,10069571
Women,1010439
Men,10071503
Men,10073061
Men,10063925
Women,10075261
Men,10089531
Men,10073485
Women,10089511
Men,10064519
Men,10086119
Girls,10099121
Women,10073647
Unisex,10096265
Women,10088937
Men,10063881
Women,10089173
Women,10092533
Boys,10080651
Women,10064585
Men,10070717
Unisex,10099065
Women,10105887
Women,10073677
Women,10074633
Women,10080229
Men,10101427
Men,10064457
Girls,10099101
Unisex,10098651
Women,10066997
Women,10088869
Unisex,10075957
Women,10075757
Men,10070039
Women,10074423
Men,10064473
Men,10075927
Unisex,10092537
Men,1009552
Men,10064163
Women,10073659
Unisex,10098807
Men,10071365
Men,10064483
Women,10098375
Men,10089527
Women,10089331
Unisex,10074153
Women,10073929
Women,10069529
Men,10092101
Men,10070721
Men,10064533
Men,10064509
Women,10073649
Women,10098543
Women,10071093
Women,10095221
Women,10072523
Boys,10074451
Men,10065453
Women,10067013
Men,10073401
Women,10074173
Men,10071373
Women,10132417
Men,10127521
Women,10115461
Women,10115395
Women,10117221
Women,10133067
Unisex,10111395
Women,10115499
Men,10133327
Women,10132539
Women,10132263
Women,10129431
Unisex,10115281
Women,10127117
Women,10127819
Men,10127787
Girls,10132041
Women,10134001
Unisex,10115197
Men,10121071
Men,10134347
Women,10128377
Unisex,10115295
Women,10110913
Women,10115507
Men,10121097
Boys,10134599
Women,10133445
Women,10106755
Women,10106761
Unisex,10110843
Men,10127781
Women,10106941
Women,10131799
Women,10110931
Men,10128913
Boys,10134925
Women,10108715
Boys,10134507
Men,10121081
Men,10111323
Unisex,10115331
Women,10125217
Men,10131759
Women,10110863
Men,10121125
Men,10121135
Men,10134377
Men,10121043
Women,10131725
Unisex,10111411
Unisex,10126779
Unisex,10134195
Men,10121099
Men,10127795
Women,10135429
Women,10110795
Men,10124565
Women,10132315
Women,10135797
Women,10105915
Unisex,10111403
Women,10117279
Women,10109023
Women,10131613
Women,10132369
Women,10119565
Boys,10135051
Women,10117245
Women,10115433
Women,10124883
Women,10129417
Men,10125017
Men,10133341
Boys,10135757
Men,10106139
Women,10133989
Men,10128883
Women,10105897
Women,10133351
Unisex,10115273
Men,10128129
Men,10129113
Women,10132403
Women,10110585
Men,10132017
Women,10106771
Women,10117259
Men,10121089
Unisex,10108845
Unisex,10115285
Women,10132377
Boys,10135079
Women,10131635
Women,10127797
Boys,10134729
Boys,10134517
Men,10121137
Women,10132537
Unisex,10132093
Women,10118903
Unisex,10115209
Women,10135541
Men,10121095
Women,10129025
Boys,10134685
Men,1010692
Boys,10134893
Women,10125225
Women,10130747
Women,10108759
Unisex,10115289
Men,10128137
Women,10111383
Men,10124579
Unisex,10115223
Women,10111123
Women,10128997
Women,10133347
Men,10128915
Unisex,10132087
Men,10117101
Men,10108463
Unisex,10115267
Women,10110939
Women,10132535
Boys,10134611
Unisex,10111397
Boys,10127933
Boys,10135979
Women,10128215
Men,10128121
Women,10131875
Unisex,10115297
Men,10106049
Women,10117271
Boys,10134949
Women,10111115
Men,10121055
Unisex,10111393
Women,10110901
Women,10132461
Men,10127241
Women,10131721
Women,10131945
Men,10124585
Men,10133817
Women,10132381
Men,10124645
Men,10124647
Women,10133059
Women,10106977
Boys,10134821
Boys,10134627
Men,10124997
Women,10135525
Men,10128107
Women,10129617
Women,10106757
Women,10127099
Boys,10134969
Boys,10134817
Women,10132371
Women,10132681
Women,10129425
Boys,10134897
Men,10129351
Men,10124577
Women,10131711
Women,10129555
Boys,10135041
Unisex,10115291
Women,10128009
Boys,10134699
Women,10135427
Women,10131619
Boys,10134801
Women,10132585
Women,10133369
Men,1010960
Unisex,10126799
Unisex,10108289
Women,10121997
Women,10121825
Women,10132567
Men,1010941
Men,10121157
Women,10108745
Women,10132433
Women,10128161
Men,10124567
Unisex,10115237
Boys,10134683
Men,10117195
Women,10117225
Men,10128157
Men,10125011
Women,10117287
Men,10131769
Men,10132019
Unisex,10126785
Women,10131843
Unisex,10115321
Unisex,10115277
Girls,10111343
Women,10106163
Women,10127815
Women,10117227
Men,10121047
Women,10128963
Women,10133431
Women,10106753
Boys,10134601
Boys,10135091
Men,10127791
Women,10131617
Unisex,10115247
Men,10132015
Men,10124603
Boys,10134809
Women,10115579
Men,10117187
Boys,10136005
Women,10132317
Women,10117345
Women,10121719
Women,10119571
Women,10132601
Women,10121929
Women,10133083
Women,10131693
Men,10111179
Men,10129345
Women,10124871
Men,10121107
Unisex,10115259
Boys,10135083
Women,10133353
Men,10121117
Women,10111365
Women,10135149
Men,10124759
Men,10124609
Women,10132249
Women,10106183
Men,1012779
Women,10127289
Women,10132441
Women,10131647
Women,10132469
Boys,10136009
Unisex,10115235
Boys,10134705
Women,10125239
Men,10128145
Women,10106291
Men,10128873
Women,10119371
Women,10131743
Men,10125009
Men,10124589
Women,10133607
Women,10132511
Unisex,10115333
Men,10121065
Unisex,10115221
Men,10127205
Men,10124587
Unisex,10108285
Women,10108697
Men,10110737
Men,10108639
Men,10117065
Unisex,10115283
Men,10124865
Men,10121123
Women,10129009
Men,10124623
Women,10129611
Women,10111367
Women,10131815
Men,10128879
Men,10127543
Men,10132025
Women,10135511
Women,10131839
Women,10106321
Boys,10134709
Men,10124627
Women,10106581
Unisex,10132133
Women,10125235
Women,10127987
Boys,10135989
Women,10129623
Boys,10135081
Boys,10135085
Women,1010627
Women,10111025
Boys,10134867
Men,10121085
Unisex,10126783
Women,10133399
Men,10127793
Women,10135485
Men,10121145
Boys,10135975
Unisex,10115293
Women,10121853
Women,10128959
Men,10124767
Women,10106915
Men,10106299
Women,10125237
Boys,10135111
Girls,10132045
Men,10121017
Women,10106181
Men,10132811
Men,10118339
Men,10108343
Women,10127835
Women,10117281
Boys,10134971
Boys,10134569
Men,10127775
Women,10128371
Women,10133061
Women,10111361
Men,10106229
Men,10121015
Women,10135497
Unisex,10132125
Women,10131683
Men,10106341
Women,10132525
Boys,10134585
Men,10124867
Women,10117241
Women,10111121
Unisex,10132123
Women,10122041
Women,10133629
Men,10118375
Women,10106615
Women,10135789
Men,10106211
Women,10117265
Men,1011679
Women,10115427
Boys,10134875
Women,10129633
Women,10106603
Unisex,10115213
Unisex,10115303
Women,10111105
Women,10110977
Unisex,10115255
Women,10115483
Women,10129483
Men,10131763
Men,10128149
Women,10131823
Men,10124597
Women,10115397
Women,10106035
Men,10128127
Men,10121121
Women,10125231
Girls,10111349
Unisex,10126795
Men,101206
Boys,10134495
Unisex,10115301
Unisex,10111405
Boys,10134717
Women,10106591
Women,10110879
Girls,10127939
Men,10121067
Women,10128971
Unisex,10126755
Boys,10135021
Unisex,10132139
Women,10108331
Women,10133435
Women,10135489
Boys,10134987
Women,10124891
Women,10133695
Women,10132425
Boys,10134631
Women,10128407
Women,10111371
Women,10109017
Women,10111373
Men,10121039
Men,10106119
Men,10126603
Men,10117203
Men,10106063
Men,10124615
Men,10134393
Women,10122151
Men,10121061
Women,10135645
Women,10135493
Unisex,10115279
Unisex,10115211
Men,10135633
Unisex,10109005
Boys,10117015
Women,10135557
Men,10134397
Women,10132347
Boys,10135019
Men,10121105
Women,10131723
Women,10135433
Men,10124649
Women,10110987
Men,10124777
Men,10124635
Men,10129343
Women,10129005
Women,10115431
Women,10106011
Women,10109025
Unisex,10132047
Men,10124555
Unisex,10115265
Men,10118383
Boys,10134563
Women,10115403
Men,10124781
Unisex,10115317
Unisex,10127531
Unisex,10115311
Boys,10127943
Women,10115423
Men,10128155
Men,1012708
Women,10133973
Women,10132565
Men,10106331
Men,10124545
Men,10117201
Boys,10134663
Boys,10134935
Men,10124617
Women,10115519
Unisex,10134221
Women,10133345
Women,10132605
Women,10133417
Men,10134379
Men,10108481
Men,10121153
Women,10129481
Women,10132343
Women,10131735
Women,10108465
Women,10106749
Women,10106589
Men,10121013
Women,10117283
Women,10121945
Women,10134081
Boys,10134561
Women,10110797
Women,10134417
Women,10117261
Men,10135587
Men,10121063
Men,10129337
Women,10106613
Women,10135591
Women,10121943
Men,10134173
Boys,10134469
Women,10129495
Women,10135473
Unisex,10115319
Women,10133081
Women,10117257
Boys,10134673
Unisex,10115263
Women,10134075
Boys,10134521
Men,10132787
Men,10129533
Women,10135479
Men,10118365
Men,10124591
Men,10124547
Men,10124601
Men,10121131
Women,10119557
Women,10135499
Women,10129019
Women,10125249
Women,10115479
Women,10106763
Women,10110873
Women,10105909
Men,10106047
Men,10127233
Women,10125213
Women,10106009
Boys,10135033
Unisex,10135877
Men,10135141
Women,10131665
Women,10106459
Women,10129433
Women,10105901
Unisex,10115339
Women,10135507
Women,10106611
Women,10128059
Women,10117255
Men,10127783
Women,10132327
Men,10124611
Men,10121115
Women,10132571
Women,10135705
Women,10132475
Men,10124775
Men,10109075
Unisex,10115245
Men,10121109
Men,10121025
Boys,10135971
Boys,10134851
Unisex,10115287
Men,10121083
Men,10135161
Men,10132013
Women,10134037
Women,10131739
Unisex,10115315
Men,10124633
Unisex,10115227
Women,10135523
Men,10128911
Women,10128041
Women,10131855
Men,10108341
Women,10131833
Men,10132007
Unisex,10115327
Unisex,10134215
Women,10111125
Men,10128103
Women,10127839
Women,10127231
Men,10124553
Women,10132479
Unisex,10115313
Unisex,10126751
Men,10127765
Women,10105905
Men,10133907
Boys,10134511
Men,1011481
Women,10117223
Men,10121091
Unisex,10111401
Men,10128885
Men,10124549
Men,10117143
Women,10124829
Women,10128955
Boys,10134529
Unisex,10115249
Women,10110923
Unisex,10115309
Women,10115491
Men,10132801
Men,10124593
Women,10108683
Unisex,10115229
Unisex,10115275
Unisex,10115233
Boys,10134793
Women,10111387
Men,10124569
Men,10121029
Women,10106069
Men,10135133
Women,10105935
Women,10133439
Boys,10134689
Men,10129599
Men,10106295
Unisex,10115225
Women,10131621
Boys,10134483
Women,10128055
Women,10132391
Women,10106751
Women,10135467
Boys,10134545
Women,10117285
Women,10108711
Men,10121139
Boys,10134771
Men,10121141
Unisex,10115241
Boys,10135957
Women,10131667
Women,10128993
Women,10111385
Men,10121101
Women,10125289
Boys,10134769
Women,10135465
Men,10133343
Women,10117251
Unisex,10115305
Women,10107021
Men,1011488
Unisex,10115323
Boys,10135087
Unisex,10115341
Men,10120903
Men,10124621
Women,10111391
Boys,10135057
Women,10117231
Women,10135527
Women,10127877
Women,10108753
Men,10128099
Women,10127995
Men,10131789
Women,10121867
Women,10135505
Men,10121079
Men,10129057
Women,10113339
Women,10128245
Boys,10134553
Men,1010682
Men,10121033
Men,10135545
Women,10108709
Women,10108993
Unisex,10134213
Women,10133363
Women,10111129
Men,10128135
Women,10131629
Women,10127713
Men,10117157
Men,10129333
Men,10118379
Women,10132253
Men,10129601
Women,10128045
Unisex,10111407
Women,10117233
Men,10127779
Women,10110431
Boys,10134465
Men,10124541
Unisex,10134191
Boys,10134879
Boys,10134899
Boys,10135935
Unisex,10115299
Women,10125233
Men,10118369
Men,1011625
Unisex,10132075
Women,10135457
Women,10111277
Boys,10134885
Boys,10135951
Women,10117277
Unisex,10115337
Men,10121113
Men,10129579
Unisex,10115271
Women,10105911
Boys,10134551
Boys,10134613
Men,10128147
Unisex,10115217
Unisex,10134199
Men,10129339
Unisex,10115253
Women,10129491
Men,10106017
Women,10108723
Women,10106775
Women,10108907
Unisex,10115207
Women,10134049
Women,10132463
Women,10128967
Men,10124613
Men,10108339
Unisex,10134189
Women,10115439
Women,10117289
Women,10127841
Boys,10134541
Women,10132319
Men,10124543
Women,10110415
Unisex,10127533
Women,10115477
Women,10124885
Women,10108997
Unisex,10132063
Boys,10134623
Women,10135715
Women,10124895
Boys,10134579
Men,10108999
Unisex,10115335
Men,10121111
Women,10132291
Unisex,10115199
Women,10131741
Women,10111111
Men,10128891
Men,10121031
Men,10121023
Women,10128417
Women,10135513
Boys,10134531
Men,10133373
Men,10128063
Men,10124537
Unisex,10115201
Women,10133947
Men,10128123
Women,10135503
Men,10133395
Men,10134381
Unisex,10115219
Men,10124563
Men,10127769
Men,10129609
Men,10129605
Men,1011484
Unisex,10115231
Men,10121059
Women,10115385
Unisex,10134197
Unisex,10134193
Women,10115435
Men,10133239
Women,10106769
Women,10105933
Men,10129105
Unisex,10132103
Women,10133079
Women,10110799
Men,10128151
Men,10129583
Men,10106267
Women,10111117
Unisex,10132059
Unisex,10111417
Women,10122027
Boys,10134577
Men,10133467
Boys,10134873
Women,10111389
Unisex,10126775
Women,10131625
Women,10135781
Women,10115447
Women,10132619
Women,10127871
Unisex,10129397
Unisex,10115269
Men,10132005
Women,10117247
Women,10130745
Men,10117217
Men,10124559
Men,10117033
Women,10131825
Men,10129565
Unisex,10132131
Women,10135471
Men,10106081
Women,10110859
Women,10124887
Women,10127115
Men,10129069
Women,10127801
Women,10121845
Men,10125019
Women,10115531
Boys,10134907
Women,10117239
Unisex,10109003
Women,10131645
Boys,10135999
Women,10132309
Women,10129023
Women,10111131
Boys,10135107
Women,10111007
Boys,10134861
Women,10131751
Unisex,10115251
Unisex,10132135
Women,10133357
Women,10135607
Women,10106535
Boys,10134909
Unisex,10109001
Men,1011624
Men,10129117
Women,10132297
Women,10131809
Unisex,10115203
Men,10121053
Women,10124889
Women,10111107
Men,10124641
Women,10132505
Women,10129421
Women,10132559
Unisex,10111409
Boys,10134625
Women,10132451
Unisex,10115239
Women,10128409
Boys,10135963
Men,10121127
Unisex,10115343
Men,10121057
Men,10121149
Men,10129079
Women,10121941
Men,10128119
Women,10132517
Women,10117361
Unisex,10115215
Men,10133217
Women,10132311
Men,10121129
Women,10108691
Boys,10135063
Men,10128901
Unisex,10134187
Women,10106609
Men,10131767
Women,10125203
Women,10127291
Women,10128387
Women,10127851
Women,10129551
Boys,10134797
Boys,10134715
Unisex,10115205
Men,10121049
Women,10108333
Women,10131715
Unisex,10132065
Men,10129063
Women,10128341
Women,10128951
Women,10115391
Men,10128089
Women,10134083
Men,10133463
Women,10108761
Women,10134427
Women,10134433
Women,10111033
Men,1011672
Women,10132285
Men,10124625
Women,10133089
Boys,10134937
Women,10135469
Women,10105931
Men,10121035
Unisex,10109097
Women,10132493
Men,10121119
Women,10106745
Boys,10135025
Women,10117237
Women,10129639
Men,10124581
Girls,10132043
Women,10132645
Women,10131909
Boys,10134849
Men,10134349
Women,10108365
Women,10125223
Women,10129615
Boys,10135749
Women,10111027
Men,10135639
Men,10117025
Women,10124949
Women,10135495
Men,10110771
Women,10111141
Women,10131659
Women,10119103
Men,10129593
Women,10131653
Women,10133541
Women,10131643
Men,10121021
Women,10109009
Women,10128953
Unisex,10115329
Unisex,10115325
Unisex,10115243
Men,10124959
Women,10125229
Boys,10134901
Men,10132009
Women,10132473
Women,10127229
Women,10119531
Boys,10134825
Girls,10127945
Women,10127321
Women,10115583
Men,10109079
Men,10121077
Women,10125241
Men,10124539
Men,10132021
Men,10125001
Women,10133419
Women,10135449
Men,10117173
Boys,10134755
Women,10131623
Men,10115575
Women,10115487
Men,10127239
Women,10128977
Men,10121075
Boys,10135967
Unisex,10124795
Men,10117081
Men,10121147
Men,10124757
Unisex,10115257
Boys,10135099
Boys,10135965
Men,10124599
Women,10111119
Women,10135775
Women,10135481
Men,10127235
Men,10127771
Women,10135443
Women,10128353
Boys,10134479
Unisex,10115261
Women,10115017
Unisex,10132067
Unisex,10135847
Boys,10134653
Unisex,10126777
Unisex,10115307
Unisex,10126767
Women,10135677
Men,10133231
Women,10106159
Unisex,10134201
Women,10121933
Women,10105917
Boys,10134451
Unisex,10132171
Women,10105923
Boys,10134843
Women,10133063
Boys,10135073
Women,10144395
Women,10135509
Men,1010500
Women,10144797
Men,10150015
Men,10152069
Men,10146547
Men,10151979
Men,10147077
Women,10139027
Boys,10145341
Boys,10145259
Women,10136925
Boys,10136305
Men,10148455
Men,10148361
Girls,10145339
Men,10148219
Men,10152217
Men,10146727
Unisex Kids,10145685
Boys,10138399
Boys,10136283
Men,10151433
Boys,10138611
Men,10147533
Girls,10145277
Men,10148139
Men,10137993
Boys,10138771
Men,10143975
Men,10145733
Men,10146695
Men,10151957
Boys,10138297
Men,10146729
Unisex,10137863
Men,10137049
Men,10136749
Boys,10138629
Unisex,10137331
Women,10146535
Boys,10136163
Boys,10136535
Unisex,10146231
Boys,10138419
Girls,10145011
Men,10150597
Men,10150463
Men,10148167
Men,10143681
Unisex,10137457
Boys,10136337
Women,10146133
Men,10148635
Women,10143857
Unisex,10137835
Boys,10145053
Boys,10136015
Boys,10145269
Men,10137067
Men,10148651
Women,10139555
Boys,10145047
Boys,10138301
Men,10140265
Women,10137285
Unisex,10140057
Men,10148147
Men,10144525
Unisex,10137127
Boys,10145005
Men,10149065
Men,10150473
Men,10146983
Men,10146821
Men,10147717
Men,10148849
Men,10148929
Women,10142295
Women,10146525
Women,10143393
Men,10149795
Men,10146991
Men,10151679
Boys,10136607
Men,10144077
Men,10136737
Women,10139557
Unisex,10137063
Unisex,10137177
Women,10138057
Men,10144519
Boys,10136195
Women,10137607
Women,10144353
Men,10137005
Men,10151645
Men,10148939
Boys,10136071
Men,10143837
Unisex,10137057
Men,10137075
Men,10143959
Boys,10144959
Boys,10138467
Men,10151363
Men,10147031
Boys,10138657
Women,10146533
Boys,10145261
Men,10147215
Men,10147329
Unisex,10137143
Men,10151361
Boys,10136049
Women,10144041
Women,10143101
Boys,10138503
Women,10137775
Men,10149967
Men,10137085
Boys,10136353
Women,10139541
Boys,10145305
Boys,10145079
Men,10148983
Women,10146537
Girls,10145343
Men,10148859
Women,10138045
Women,10144783
Boys,10138947
Boys,10138585
Men,10144141
Men,10148873
Boys,10136423
Men,10148021
Men,10151417
Unisex,10137291
Boys,10136059
Men,10147865
Unisex,10137899
Men,10147725
Men,10149151
Men,1014828
Men,1013848
Men,10147301
Men,10147263
Men,10148271
Men,10151355
Men,10151983
Girls,10145325
Boys,10138641
Women,10138139
Boys,10144967
Boys,10138435
Boys,10138277
Men,10146841
Men,10148803
Women,10136787
Men,10150441
Boys,10136417
Men,10147243
Men,10148617
Women,10137405
Boys,10136439
Men,10147219
Men,10146811
Men,10149055
Boys,10138501
Boys,10138397
Men,10146787
Men,10148991
Men,10151941
Boys,10136171
Men,1013891
Women,10137297
Men,10147321
Women,10144061
Women,10144363
Men,10147079
Men,10144517
Men,10147501
Men,10150745
Men,10139165
Boys,10136403
Men,10151879
Women,10137981
Unisex,10137287
Women,10139021
Men,10151989
Boys,10136153
Boys,10138623
Men,10143745
Men,10143875
Women,10136755
Men,10143927
Women,10137141
Men,10147333
Women,10146501
Boys,10136023
Men,10151671
Men,10149997
Unisex,10136987
Men,10136659
Women,10144293
Unisex,10137403
Men,10148631
Men,10151569
Men,10147395
Boys,10136097
Men,10137817
Boys,10145003
Men,10149309
Women,10146507
Men,10147361
Women,10142805
Men,10149331
Boys,10138375
Men,10145895
Unisex,10146223
Women,10138143
Men,10147011
Men,10147827
Men,10151473
Women,10142849
Boys,10136335
Men,10137169
Women,10138221
Men,10140259
Women,10144361
Men,10150147
Men,10147175
Men,10147147
Boys,10138823
Unisex,10137275
Boys,10145315
Unisex,10137187
Boys,10138575
Girls,10145033
Women,10146497
Men,10147981
Boys,10145255
Men,10149279
Men,10137241
Boys,10138873
Boys,10138719
Women,10136753
Men,10148603
Men,10148383
Men,10147607
Boys,10136033
Boys,10136293
Men,10137565
Men,10150651
Boys,10138825
Men,10140011
Women,10139009
Men,10143799
Women,10137801
Men,10137037
Girls,10145331
Men,10149121
Women,10137463
Men,10137969
Men,10150555
Girls,10144961
Men,10147393
Men,10148241
Men,10148547
Boys,10138763
Boys,10138493
Men,10147991
Boys,10145253
Boys,10144987
Women,10145469
Boys,10138361
Boys,10138455
Women,10143855
Men,10148343
Boys,10138913
Boys,10138269
Women,10139537
Men,10143873
Men,10148727
Women,10145449
Boys,10136563
Men,10136639
Boys,10145301
Women,10137713
Boys,10144977
Men,10148777
Men,10150581
Men,10148377
Men,10140281
Men,10148077
Men,10148385
Men,1013904
Men,10147727
Men,10148863
Boys,10136031
Unisex,10137235
Women,10137687
Men,10146839
Men,10147875
Men,10137205
Men,10137133
Unisex,10137129
Men,10149429
Boys,10138565
Men,10147437
Boys,10136201
Men,10148337
Men,10137997
Girls,10145295
Boys,10136115
Men,10148423
Men,10136651
Men,10151371
Men,10147441
Boys,10136099
Boys,10136401
Men,10144063
Men,10148367
Men,10137545
Unisex,10137185
Men,10150181
Men,10147605
Boys,10138679
Women,10141843
Women,10144003
Women,10144289
Men,1014818
Men,10147439
Boys,10145357
Boys,10138423
Women,10146245
Unisex,10137359
Women,10142249
Men,10149053
Women,10145445
Boys,10138555
Men,10149241
Boys,10136409
Women,10146519
Men,10147731
Men,10143559
Boys,10145313
Boys,10138883
Women,10139015
Girls,10145071
Women,10144137
Men,10139225
Women,10143941
Men,10147335
Men,10148149
Men,10151393
Women,10137701
Men,10147167
Women,10138113
Men,10149171
Men,10152181
Men,10147547
Men,10148883
Unisex,10137341
Men,10143753
Boys,10145061
Men,10137021
Women,10139139
Men,10148931
Boys,10138963
Men,10147813
Men,10149147
Women,10137765
Boys,10138997
Women,10144399
Women,10137245
Boys,10136123
Men,10136985
Men,10137987
Men,10148997
Men,10137195
Boys,10138337
Women,10136711
Women,10138173
Men,10147821
Men,10147221
Boys,10138271
Women,10144505
Men,10150521
Boys,10138703
Men,10148407
Men,10151463
Boys,10138281
Boys,10138767
Boys,10138541
Men,10152035
Men,10147861
Men,10148737
Men,10148141
Boys,10136107
Women,10139561
Unisex,10137885
Women,10138227
Boys,10138967
Women,10137473
Women,10137603
Men,10150713
Men,10150395
Men,10148169
Men,10143977
Men,10145777
Men,10147139
Boys,10138881
Men,10148787
Men,10147483
Men,10149129
Men,10148275
Men,10150373
Unisex Kids,10145683
Men,10139791
Boys,10138859
Men,10151673
Men,10148807
Women,10136759
Men,10150553
Boys,10136073
Boys,10136581
Boys,10138355
Men,10147997
Women,10138019
Women,10139553
Men,10147811
Men,10137363
Men,10152151
Boys,10138927
Men,10143905
Men,10139793
Men,10139783
Boys,10136313
Men,10147915
Men,10151675
Men,10149113
Women,10143915
Boys,10136371
Men,10147097
Women,10145467
Men,10148291
Boys,10136189
Men,10147923
Unisex,10137357
Boys,10136257
Boys,10136281
Women,10138015
Men,10148381
Boys,10138631
Boys,10146617
Men,10146681
Men,10149461
Women,10139563
Men,1013851
Boys,10138539
Men,10144739
Girls,10145041
Boys,10138739
Men,10146581
Men,10147977
Women,10144485
Men,10147373
Women,10136731
Men,10146545
Men,10139787
Men,10152309
Women,10139001
Women,10137645
Men,10149243
Boys,10136411
Men,10143757
Men,10148955
Boys,10138663
Men,10137191
Men,10147809
Girls,10144955
Boys,10136027
Boys,10136219
Women,10140437
Unisex,10137889
Women,10145397
Men,10145751
Men,10137815
Men,10147561
Men,10144523
Boys,10145045
Men,10147095
Boys,10138353
Men,10147833
Men,10143739
Men,10144531
Women,10138033
Men,10143845
Men,1013866
Unisex,10146213
Boys,10138761
Men,10147841
Men,10148253
Girls,10145039
Boys,10138239
Men,10144521
Men,1013864
Men,10147919
Boys,10138811
Women,10145959
Men,10150049
Boys,10136101
Boys,10138875
Men,10147461
Men,10147177
Women,10138029
Boys,10136035
Women,10138041
Boys,10138513
Women,10139033
Unisex,10137399
Men,10137261
Men,10152225
Boys,10138959
Boys,10136237
Men,10148395
Men,10148059
Boys,10145283
Men,10151509
Boys,10138609
Boys,10136149
Men,10147201
Men,10147709
Boys,10138755
Boys,10138785
Girls,10145019
Boys,10136525
Girls,10145271
Men,10148495
Men,10147929
Boys,10136047
Men,10140023
Women,10145447
Men,10147021
Men,10137199
Men,10143867
Men,10137227
Boys,10138803
Men,10152241
Men,10146033
Boys,10145031
Men,10147341
Boys,10136239
Men,10150241
Men,10147019
Unisex,10137891
Men,10147199
Men,10152301
Women,10146529
Boys,10137491
Men,10146875
Women,10138039
Men,10143909
Men,10149603
Boys,10136269
Women,10136687
Men,10143765
Women,10138035
Boys,10136277
Boys,10136065
Women,10137521
Boys,10138463
Men,10150247
Men,10140257
Men,10137145
Men,10151827
Men,10147211
Men,10137123
Men,10137811
Men,10147443
Women,10136893
Men,10149437
Women,10146527
Boys,10138899
Boys,10138817
Men,10148251
Women,10143999
Men,10147625
Women,10144007
Men,10144695
Women,10143047
Women,10146511
Men,10147653
Men,10149831
Men,1014825
Boys,10136081
Women,10142469
Women,10145427
Women,10136965
Women,1014075
Boys,10138951
Boys,10136095
Boys,10138367
Women,10145433
Boys,10138857
Women,10137727
Boys,10136405
Boys,10136131
Boys,10136043
Women,10136767
Men,10137043
Boys,10144983
Men,10146575
Men,10152201
Women,10141875
Boys,10145333
Boys,10138645
Women,10139039
Women,10144429
Men,10148681
Men,10146897
Boys,10136289
Women,10144511
Boys,10136169
Women,10136667
Men,10147449
Men,10148243
Men,10147275
Girls,10145327
Men,1014798
Boys,10144985
Boys,10146651
Unisex,10137271
Boys,10138615
Men,10149225
Women,10145395
Men,10146855
Unisex,10140047
Women,10142491
Men,10147485
Women,10140435
Boys,10138579
Men,10148441
Men,10145829
Boys,10138639
Men,10146723
Women,10146515
Women,10140415
Men,10137189
Men,10147107
Men,10151469
Men,10148413
Women,10139539
Men,10151459
Men,10143931
Men,10147999
Men,10140025
Boys,10138933
Women,10137151
Boys,10136429
Men,1014684
Men,10150641
Men,10147191
Unisex,10137045
Men,10148199
Women,10145885
Boys,10136105
Men,10148345
Women,10144865
Men,10137319
Boys,10138745
Boys,10138453
Women,10138055
Men,10148921
Men,10137167
Boys,10136129
Boys,10136037
Women,1013659
Men,10147925
Women,10144367
Boys,10145065
Unisex,10137103
Boys,10136121
Women,10146517
Men,10137541
Men,10148433
Boys,10145353
Boys,10138727
Men,10143649
Men,10137101
Men,10147381
Girls,10137591
Men,10149277
Women,10138175
Boys,10136117
Boys,10138597
Boys,10138303
Men,10140019
Women,10137525
Boys,10138307
Unisex,10140045
Men,10149231
Men,10148409
Men,10148483
Men,10143817
Men,10151895
Women,10144357
Men,10147127
Women,10146505
Men,10148893
Women,10137983
Women,10138075
Men,10151409
Men,10148115
Men,10144051
Boys,10137485
Boys,10138935
Boys,10138499
Women,1014042
Men,10143751
Men,10136939
Men,10148097
Men,10147045
Men,10137267
Men,10152071
Men,10144039
Men,10149959
Men,10144143
Men,10148957
Men,10149105
Women,10142697
Men,10146717
Men,1013899
Men,10137097
Women,10143911
Boys,10136551
Men,1014909
Men,10148719
Men,10149979
Women,10144781
Boys,10138549
Men,10147723
Men,10147173
Women,10139025
Men,10143969
Boys,10145043
Boys,10138515
Men,10148213
Men,10149019
Boys,10137487
Men,10137209
Boys,10138451
Men,10148067
Girls,10145021
Men,10147755
Women,10138193
Women,10137995
Boys,10136271
Women,10139547
Men,10143887
Boys,10138829
Men,10146823
Men,10147729
Men,10152143
Unisex,10137825
Boys,10138561
Women,10145413
Women,10139019
Unisex Kids,10145677
Women,10144243
Women,10139533
Men,10151881
Men,10143543
Men,10146755
Men,10147815
Men,10150665
Men,10151657
Boys,10144991
Boys,10138711
Men,10143661
Women,10146253
Men,10144533
Women,10145451
Men,10144535
Women,10139057
Women,10144179
Boys,10136227
Men,10147487
Men,10151595
Boys,10136431
Men,10149235
Boys,10136127
Girls,10144973
Men,10147715
Boys,10136251
Boys,10138593
Women,10142529
Men,10136795
Men,10144113
Unisex,10137339
Men,10144027
Men,10147697
Men,10151501
Boys,10138793
Men,10137231
Men,10148923
Men,10136447
Unisex,10137263
Men,10149615
Boys,10138237
Men,10150315
Women,10138051
Boys,10138819
Women,10138011
Boys,10138349
Women,10145409
Men,10143921
Boys,10136161
Women,10138013
Boys,10138647
Men,10144681
Boys,10145319
Men,10144515
Men,10143775
Boys,10138489
Unisex,10140051
Men,10151783
Women,10143395
Boys,10138651
Men,10143865
Women,10139545
Men,10147541
Unisex,10137179
Men,10140005
Men,10146967
Women,10144249
Boys,10138915
Men,10147457
Women,10146165
Boys,10145303
Women,10137787
Men,10152231
Women,10136655
Men,10137215
Boys,10145027
Women,10139721
Women,10144267
Unisex,10146439
Men,10149039
Women,10145421
Women,10144349
Boys,10138953
Men,10143861
Men,10148861
Men,10143919
Men,10147647
Women,10138163
Men,10150399
Women,10142419
Boys,10145243
Men,10148943
Men,10147465
Men,10148503
Men,10151553
Women,10142757
Women,10137683
Men,10146877
Girls,10145335
Women,10146509
Girls,10145273
Men,10147309
Men,10143785
Men,10148389
Men,10149807
Boys,10136435
Men,10136633
Women,10143839
Unisex,10137869
Boys,10136139
Men,10144527
Men,10144033
Men,10143955
Unisex,10137871
Men,10143851
Women,10138107
Men,10146933
Boys,10145323
Boys,10136193
Boys,10138677
Women,10139559
Men,10147129
Men,10144135
Men,10137589
Men,10147641
Women,10146249
Men,10143749
Boys,10138737
Women,10145883
Women,10142455
Women,10144139
Unisex,10137139
Girls,10145347
Men,10148305
Boys,10136137
Unisex,10137877
Men,10143683
Boys,10138387
Men,10139275
Boys,10138725
Girls,10145017
Men,10150077
Men,10137813
Boys,10138267
Women,10138037
Boys,10145309
Women,10138209
Men,10147339
Women,10141827
Men,10137315
Men,10151497
Men,10144539
Unisex,10136993
Women,10143789
Men,10143903
Men,10138003
Men,10145819
Men,10148259
Boys,10136415
Men,10150229
Men,10146797
Men,10147555
Boys,10145245
Women,10145463
Boys,10136381
Men,10147383
Men,10143889
Women,10137533
Men,10146969
Men,10143829
Unisex,10137881
Boys,10136093
Men,10150063
Men,10144069
Boys,10145025
Men,10146569
Boys,10136591
Unisex,10146433
Men,10149021
Men,101473
Boys,10138887
Men,10137337
Boys,10136359
Boys,10138827
Boys,10138557
Women,10145411
Women,10144323
Women,10142613
Boys,10136157
Women,10143707
Boys,10138791
Women,10146513
Boys,10145029
Men,10148781
Women,10139543
Boys,10139197
Girls,10145329
Women,10146499
Boys,10138359
Boys,10136327
Women,10144187
Women,10146521
Women,1014078
Women,10145419
Men,101470
Boys,10136241
Women,10138179
Men,10148501
Men,10144529
Men,10147143
Men,10144685
Unisex,10137873
Men,10145807
Men,10151733
Men,10149941
Boys,10138659
Women,10138199
Boys,10136529
Women,10138009
Men,10173621
Women,10167139
Men,10155655
Men,10155377
Men,10157223
Women,10166847
Men,10147871
Men,10158487
Women,10163737
Women,10157925
Women,10159501
Men,10153301
Women,10156375
Men,10154085
Men,10162179
Men,10176793
Men,10155977
Men,10155679
Men,10157413
Women,10157963
Men,10176737
Unisex,10163803
Men,10176789
Unisex,10167821
Women,10159505
Women,10167165
Men,10152431
Men,10157125
Men,10161147
Men,10153845
Women,10173177
Men,10154883
Men,10154113
Men,10176801
Men,10152561
Women,10164463
Women,10164429
Men,10155241
Men,10154847
Women,10161975
Men,10154667
Unisex,10168427
Women,1015416
Men,10159833
Women,10166573
Men,10162139
Men,10161459
Men,10159395
Men,10154367
Men,10154813
Men,10153065
Men,10173243
Men,10176799
Unisex,10174335
Men,10153245
Men,10163887
Women,10168021
Men,10166905
Unisex,10163847
Men,10176791
Men,10169209
Men,10166705
Women,10172905
Men,10152413
Men,10156041
Men,10157537
Men,10154189
Men,10153155
Men,10159033
Men,10155525
Men,10167951
Women,10158651
Women,10173331
Women,10161985
Women,10158633
Men,10153217
Women,10158777
Men,10173851
Men,10154043
Men,10169393
Women,10174685
Men,10169237
Men,10169401
Women,10173109
Women,10170489
Men,10176755
Men,10152475
Men,10154251
Boys,10168239
Women,10174751
Women,10173183
Women,10168463
Men,10154921
Men,10156139
Men,10159037
Men,10152343
Men,10156109
Women,10164325
Men,10155907
Men,10162277
Men,10153137
Men,10176773
Women,10161893
Girls,10174119
Men,10169039
Men,10155239
Men,10155393
Men,10176785
Women,10158795
Men,10153549
Men,10166887
Men,10173255
Men,10156101
Women,10162047
Men,10164531
Men,10169343
Men,10159109
Men,10169211
Men,10154711
Men,10155735
Men,10154381
Men,10173885
Women,10166487
Women,10156749
Men,10176797
Women,10166343
Women,1015477
Men,10154209
Men,10152757
Women,10162667
Men,10155919
Women,10157915
Women,10161987
Women,10168643
Men,10152775
Men,10153425
Women,10173357
Men,10153449
Men,10176725
Men,10157243
Men,10155631
Men,10155935
Women,10158623
Women,10167911
Women,10173309
Men,10169383
Unisex,10167851
Women,10172145
Men,10152505
Men,10156249
Men,10152599
Men,10154691
Boys,10163511
Men,10154505
Women,10163717
Men,1017318
Men,10156105
Men,10164127
Men,10154135
Men,10155387
Women,10161995
Women,10161551
Women,1015415
Men,10161569
Men,10161227
Men,10160767
Men,10154867
Men,10163947
Men,10152887
Men,10155975
Women,10161943
Unisex,10163811
Unisex,10156877
Boys,10157981
Women,10158649
Men,10152943
Women,10173333
Men,10157437
Men,10176759
Men,10173297
Men,10156075
Men,10155067
Women,1015433
Men,10156289
Women,10156389
Women,10158753
Men,10176735
Women,10158645
Men,10153057
Men,10162107
Unisex,10163819
Women,10173135
Men,10154093
Men,10154057
Men,10155897
Women,10162411
Women,10173141
Men,10157361
Boys,10157977
Women,10173433
Men,10162173
Men,10154357
Men,10154401
Men,10153051
Men,10153009
Men,10155399
Women,10157919
Men,10153239
Men,10157295
Men,10152839
Women,10166485
Men,10154887
Boys,10157985
Men,10153185
Men,10176771
Women,10173197
Men,10162135
Women,10166565
Women,10173125
Men,10152989
Men,10153139
Men,10154641
Women,10171295
Men,10157133
Men,10154909
Women,10157893
Women,10164461
Women,10166587
Men,10173245
Unisex,10163831
Women,10162591
Men,10155247
Women,10156631
Women,10166741
Men,10161575
Men,10162087
Men,10153817
Men,10159585
Men,10155847
Men,10153691
Men,10158163
Men,10156293
Men,10155833
Women,10159337
Men,10159111
Women,10163631
Men,10159213
Women,10174207
Women,10173189
Men,10155763
Men,10154257
Men,10163941
Women,10166677
Men,10154643
Women,10170607
Women,10171973
Women,10158717
Men,10158259
Men,10154523
Men,10158301
Men,10155529
Women,10173211
Men,10153925
Men,10164235
Women,10173315
Men,10156245
Men,10163945
Women,1015375
Men,10152795
Women,10166575
Men,10169295
Men,10153779
Women,10168641
Men,10152721
Men,10176723
Women,10156555
Men,10154327
Men,10155261
Unisex,10163537
Unisex,10163821
Men,10153357
Women,10170283
Men,10173579
Unisex,10163789
Men,10154331
Women,10156745
Men,10156155
Unisex,10174141
Men,10152891
Unisex,10163843
Men,10159765
Women,10162013
Men,10169289
Men,10155335
Women,1015476
Men,10154053
Women,10162363
Women,10161945
Men,10157485
Men,10176753
Women,10156391
Women,10167137
Boys,10163517
Women,10173153
Men,10152823
Men,10176781
Men,10173645
Women,10173119
Women,10166481
Women,10156499
Men,10166385
Men,10161539
Women,10168521
Men,10167249
Women,10157881
Men,10157431
Women,10156373
Women,10161919
Women,10161959
Unisex,10163567
Men,10153237
Women,10157877
Men,10174533
Boys,10163513
Boys,10158013
Women,10166325
Men,10153577
Women,10157879
Women,10158669
Men,10154157
Men,10155973
Men,10166703
Women,10158661
Men,10160921
Women,10167923
Men,10155809
Men,10153655
Women,10173123
Men,10152799
Men,10156147
Men,10157425
Women,10156415
Men,10157011
Men,10156077
Women,10156665
Men,10152813
Men,10161571
Men,10153743
Unisex,10163799
Women,10159293
Women,10159259
Men,10166643
Unisex,10163833
Women,10174691
Women,10174725
Men,10154339
Men,10155521
Women,10161967
Men,10152819
Men,10176767
Women,10159287
Men,10155765
Unisex,10162339
Women,1015432
Men,10169231
Women,10167087
Women,10158689
Men,10156193
Men,10158167
Boys,10167925
Women,1015402
Women,10158639
Women,10166571
Women,10156751
Women,10167151
Women,1015996
Unisex,10163801
Men,10156295
Women,10173173
Unisex,10166959
Men,10166637
Men,10169103
Men,10173641
Men,10176743
Unisex,10163837
Women,10161905
Women,10161863
Women,10158763
Unisex,10174759
Men,10173305
Women,10158783
Men,10155217
Men,10154695
Men,10160819
Men,10162095
Men,10154289
Men,10153625
Men,10158971
Men,10161037
Women,10161961
Men,10153363
Men,10155343
Men,10154951
Men,10155571
Men,10154709
Women,10161969
Women,10170537
Men,10166659
Men,10164215
Unisex,10163555
Men,10156009
Men,10155215
Men,10153531
Unisex,10167843
Men,10155813
Women,10170363
Men,10154149
Men,10157423
Women,10166319
Women,10162009
Men,10154385
Men,10154291
Women,10158793
Men,10155779
Men,10153731
Men,10154255
Men,10154033
Men,10166909
Men,10157493
Women,10161921
Men,10155661
Men,10155059
Men,10161373
Unisex,10163823
Unisex,10163545
Unisex Kids,10166765
Women,10163583
Women,10167173
Men,10154631
Women,10174215
Men,10154585
Women,10167141
Men,10160969
Men,10159225
Men,10156291
Men,10176843
Men,10158165
Women,10170243
Women,10162595
Women,10170661
Women,10161853
Men,10156247
Men,10154591
Women,10173131
Men,10159767
Women,10173359
Men,10155563
Men,10176819
Women,10166625
Women,10161903
Men,10154121
Men,10156229
Women,10162059
Men,10152871
Girls,10174111
Men,10164713
Men,10154699
Unisex,10174137
Men,10153559
Men,10173577
Men,10155985
Men,10153871
Men,10159049
Men,10156021
Men,10155605
Men,10176731
Men,10167957
Men,10163927
Unisex,10163775
Women,10166593
Women,10162507
Men,10153317
Men,10153709
Women,10173127
Women,10173165
Women,10162531
Men,10153901
Unisex,10163535
Men,10154629
Men,10155689
Women,1016231
Women,10158643
Women,10162061
Unisex,10166937
Women,10158665
Women,10157929
Men,10155791
Girls,10174117
Men,10155483
Men,10154441
Boys,10163499
Women,10158767
Women,10159331
Women,10167919
Men,10155869
Men,10155391
Women,10167157
Men,10166277
Men,10156119
Men,10155865
Men,10154379
Men,10176823
Men,10176769
Men,10155979
Women,10167195
Boys,10157983
Men,10153331
Men,10154703
Women,10159095
Women,10173129
Women,10173817
Men,10166645
Men,10174527
Women,10156757
Men,10154307
Men,10153381
Women,10173167
Unisex,10163817
Boys,10158011
Men,10155775
Men,10154963
Men,10174537
Men,10155915
Women,10156535
Men,10166793
Men,10169125
Women,10158723
Women,10173163
Women,10166687
Men,10154653
Men,10169037
Men,10153919
Men,10153495
Women,10161937
Men,10159021
Women,10162443
Men,10162145
Women,10166675
Men,10154187
Men,10159023
Women,10173815
Women,10166985
Men,10154411
Women,10170119
Men,10157329
Women,10156579
Women,10159285
Men,10161475
Men,10166289
Men,10169191
Men,10157199
Women,10161971
Men,10169323
Men,10155449
Men,10154999
Women,10156303
Women,10156455
Men,10155469
Men,10155267
Men,10156975
Men,10153267
Women,10172903
Women,1017653
Men,10152489
Men,10153441
Women,10172971
Women,10162441
Women,10173151
Men,10154977
Men,10153287
Men,10153389
Women,10161991
Men,10157337
Women,10162003
Women,10156597
Men,10153725
Men,10155747
Men,10176805
Women,10170487
Women,10174713
Girls,10159241
Men,10153515
Men,10155741
Men,10169159
Men,10153615
Men,10168969
Men,10169265
Men,10155959
Men,10156227
Men,10152661
Men,10176829
Men,10176747
Men,10155445
Women,10159267
Women,10158715
Women,10166627
Men,10176803
Men,10164607
Men,10153417
Men,10156213
Women,10173191
Men,10158921
Men,10174531
Women,10162391
Women,10158641
Men,10162085
Men,10152425
Men,10155855
Women,10166595
Men,10152973
Men,10152551
Men,10157173
Men,10159113
Women,10162697
Women,10158785
Men,10155839
Men,10173883
Women,10170579
Women,10162671
Unisex,10163853
Women,1015379
Women,10162601
Women,10156453
Women,10173133
Men,10153953
Women,10158707
Unisex,10166833
Men,10169177
Men,10169269
Men,10166663
Men,10154403
Men,10155683
Men,10154517
Women,10173821
Women,10161927
Women,10162005
Men,10157101
Men,10154247
Men,10153269
Men,10161107
Women,10161983
Women,10170215
Men,10173871
Men,10173891
Men,10176765
Men,10153915
Women,10172997
Women,10170643
Women,10161915
Women,10157901
Men,10154899
Men,10155723
Men,10155041
Men,10155023
Unisex,10167079
Women,10157939
Men,10169139
Women,10159305
Women,10172367
Women,10159509
Men,10155427
Men,10159039
Women,10157935
Women,10161981
Men,10173593
Unisex,10167235
Women,10170571
Unisex,10163543
Men,10162121
Men,10152357
Women,10156755
Men,10154281
Men,10169253
Women,10158787
Men,10153221
Men,10153265
Women,1015439
Men,10176745
Women,10173805
Women,10162605
Men,10160993
Unisex,10163563
Women,1015435
Men,10169315
Women,10158731
Women,10157955
Men,10153635
Men,10159405
Women,10170421
Women,10173807
Women,10173143
Men,10176783
Women,10159343
Men,10166655
Men,10166883
Women,10158781
Women,10166685
Women,10173157
Men,10163919
Women,10161979
Men,10153753
Girls,10174113
Men,10155667
Men,10155451
Men,10157395
Men,10155767
Men,10154567
Women,10161907
Men,10156145
Men,10169021
Men,10154915
Men,10176775
Women,10161973
Men,10157261
Men,10157213
Men,10153309
Men,10154023
Men,10154919
Men,10154993
Women,10158627
Boys,10158053
Men,10153073
Men,10161101
Men,10166635
Women,10163701
Men,10154241
Women,1015437
Women,10172167
Women,10174217
Women,10173389
Women,10161953
Men,10152373
Men,10155075
Women,1015382
Men,10155207
Women,10156427
Women,10158755
Women,10161955
Women,10166585
Unisex,10167239
Men,10154665
Boys,10158051
Unisex,10163839
Men,10153323
Men,10173241
Unisex,10163827
Men,10154031
Men,10154211
Women,10166591
Unisex,10163815
Men,10154923
Women,10163715
Women,10159263
Women,1017271
Men,10153397
Women,10166717
Women,10166407
Women,10173199
Men,10154081
Men,10153041
Women,10158655
Men,10153857
Men,10155487
Girls,10174115
Men,10166779
Unisex,10162325
Women,10159303
Men,10169137
Women,10166581
Women,1015438
Men,10163871
Men,10155027
Men,10167311
Women,10172907
Women,10170913
Men,10173591
Men,10161517
Women,10163733
Women,10173325
Women,10166323
Women,10164207
Men,10153937
Men,10174517
Men,10155715
Men,10154117
Men,10157235
Men,10153227
Women,10162001
Women,10169827
Men,10153385
Women,10164191
Women,10156313
Women,10166873
Boys,10163519
Women,10173195
Men,10155005
Women,10170161
Unisex,10166971
Unisex,10166845
Men,10153631
Boys,10157969
Women,10161989
Men,10156163
Men,10154779
Women,10172921
Women,10167127
Men,10153653
Men,10153189
Women,10161519
Men,10161531
Women,10157965
Women,1015407
Men,10156059
Men,10154203
Women,10159299
Men,10154107
Men,10173261
Men,10154485
Women,10161895
Women,10166421
Men,10161211
Women,10166763
Men,10176757
Women,10161933
Women,10164185
Women,10173185
Men,10161179
Women,10173679
Men,10173567
Men,10152769
Women,10161929
Unisex,10156855
Women,10157931
Women,10157889
Men,10162275
Women,10161993
Women,10163639
Women,10172957
Women,10162707
Men,10176749
Men,10166673
Men,10152991
Women,10164333
Women,10156599
Men,10153405
Women,10170319
Women,10158775
Boys,10158049
Women,10170325
Women,10173145
Unisex,10163851
Men,10153361
Men,10153165
Men,10154741
Men,10169381
Men,10155463
Men,10152507
Men,10153311
Women,10156659
Men,10163899
Men,10162181
Women,10173819
Men,10154301
Men,10168965
Men,10154639
Women,10170569
Women,10156691
Men,10153445
Men,10155415
Women,10162019
Women,10173187
Unisex,10163835
Men,10155425
Men,10154757
Women,10174639
Men,10155395
Women,10173367
Men,10152835
Men,10155459
Men,1016061
Unisex,10163805
Women,10161913
Women,10173181
Men,10152881
Men,10162287
Men,10157073
Women,10173149
Women,10173329
Men,10153621
Women,10162523
Men,10154879
Men,10153483
Men,10155851
Men,10153439
Men,10154221
Men,10152903
Women,10161899
Men,10154981
Men,10153375
Men,10166889
Unisex,10167837
Men,10161011
Women,1016233
Women,10162419
Women,10172931
Men,10154569
Unisex,10163813
Men,10154753
Women,10173137
Men,10154575
Men,10154657
Women,10163575
Women,10173147
Unisex,10167241
Men,10152845
Men,10153111
Men,10155535
Men,10153969
Men,10153079
Women,10174689
Men,10153353
Men,10155969
Men,10154083
Women,10162021
Men,10155751
Girls,10158061
Men,10155659
Men,10159627
Men,10158997
Women,10169675
Women,10156339
Men,10152933
Men,10153321
Men,10176777
Women,10157913
Women,10158713
Women,10166589
Women,10159339
Women,10158791
Men,10154049
Men,10174507
Women,10166441
Women,10162011
Women,10170259
Men,10153157
Women,1015488
Women,10167145
Women,10172629
Women,10162007
Unisex,10163855
Women,10173115
Women,10172993
Women,1015395
Men,10168033
Women,10161999
Men,10155549
Women,10162653
Women,10169931
Men,10159407
Men,10163893
Women,10157941
Men,10153125
Men,10158463
Women,10173171
Men,10176839
Women,10158659
Women,10158739
Unisex,10163783
Women,10167901
Women,1015445
Unisex,10163547
Men,10153259
Men,10176751
Men,10173235
Unisex,10163773
Men,10155895
Men,10174341
Unisex,10180325
Men,10187223
Women,10186823
Women,10180155
Women,10185627
Men,10178677
Women,10185253
Women,10178563
Women,10185585
Men,10181609
Women,10182349
Men,10180623
Women,10185303
Women,10186039
Women,10181097
Women,10185479
Women,10185603
Women,10177993
Women,10185245
Women,10185371
Unisex,10182293
Women,10185655
Women,10185899
Women,10186105
Women,10182377
Women,10181023
Unisex,10181783
Women,10186179
Women,10185083
Women,10185035
Women,10186227
Men,10180663
Women,10185893
Women,10186017
Women,10186113
Men,10188221
Men,10188153
Men,10180535
Women,10186759
Unisex,10181849
Men,10187703
Men,10187107
Women,10186061
Women,10185365
Men,10187873
Men,10187491
Men,10188449
Women,10178009
Unisex,10181899
Women,10178883
Women,10185017
Women,10179241
Men,10188293
Women,10185547
Men,10180691
Women,10186337
Women,10186813
Women,10186037
Men,10187429
Women,10177959
Girls,10179739
Women,10181015
Women,10185231
Women,10185319
Unisex,10185967
Unisex,10181945
Women,10182399
Women,10185583
Women,10185641
Women,10185633
Women,10185995
Women,10180399
Men,10181339
Men,10180625
Women,10182143
Women,10186921
Men,10188253
Unisex,10182273
Women,10178571
Men,10185667
Boys,10179601
Men,10180543
Women,10180315
Women,10178013
Men,10184937
Unisex,10180261
Women,10186747
Women,10186399
Women,10185033
Men,10181607
Women,10185355
Boys,10177627
Men,10187319
Men,10187599
Men,10184389
Women,10185239
Women,10178819
Women,10185241
Women,10185353
Women,10185235
Men,10187345
Women,10185901
Women,10186079
Women,10178959
Women,1017695
Women,10180561
Women,10179219
Women,10178919
Women,10180397
Women,10185169
Women,10186601
Women,10185201
Women,10185535
Men,10176897
Men,10176855
Women,10185227
Women,10185471
Women,10178903
Men,10181721
Women,10186831
Women,10180933
Men,10187343
Women,10180929
Men,10178077
Men,10184183
Women,10184249
Women,10180989
Men,10187129
Women,10185531
Men,10181677
Women,10185607
Women,10181003
Women,10185377
Women,10186319
Unisex,10181817
Men,10187309
Men,10187021
Men,10187221
Women,10186033
Women,10186717
Women,10186413
Women,10186841
Women,10179817
Women,10185369
Unisex,10181933
Women,10180391
Women,10186331
Women,10178001
Unisex,10180313
Women,10177215
Women,10186457
Women,10185997
Women,10185267
Women,10185955
Women,10186309
Women,10181025
Women,10186781
Women,10182209
Men,10187521
Women,10181073
Men,10187391
Unisex,10181857
Women,10182617
Women,10180303
Boys,10180483
Women,10181021
Unisex,10179341
Women,10180209
Women,10186775
Women,10181929
Men,10187185
Women,10185565
Men,10187587
Women,10178905
Women,10180987
Women,10185077
Women,10186057
Women,10185027
Women,10186045
Women,10180941
Men,10187447
Women,10186837
Men,10188259
Women,10182621
Men,10180537
Men,10187417
Women,10178971
Boys,10179605
Women,10180321
Women,10182317
Women,10185389
Women,10186027
Unisex,10179309
Women,10186943
Women,10185051
Women,10185225
Men,10187029
Unisex,10179289
Women,10177951
Women,10180433
Women,10179827
Men,10187203
Women,10179255
Men,10188213
Women,10186121
Women,10185599
Women,10186765
Men,10178431
Men,10178437
Women,10179821
Women,10185045
Women,10181453
Women,10185545
Boys,10185873
Men,10187981
Women,10185313
Unisex,10179355
Girls,10179743
Women,10181387
Men,10188263
Men,10187181
Women,10185335
Women,10180403
Men,10182581
Men,10181717
Men,10181617
Men,10188149
Women,10186357
Men,10184337
Women,10185441
Men,10184943
Women,10185351
Men,10188291
Women,10186511
Women,10178927
Women,10185185
Men,10187639
Men,10180917
Men,10178403
Women,10185283
Women,10182401
Women,10180945
Women,10185329
Men,10187585
Women,1017710
Women,10186475
Women,10185393
Men,10181725
Men,10184139
Men,10180891
Women,10186769
Women,10186411
Women,10186265
Men,10187421
Women,10185147
Women,10180939
Men,10187377
Women,10186013
Men,10180621
Men,10184679
Women,10185465
Women,10185387
Unisex,10177689
Women,10180699
Women,10181397
Women,10180453
Women,10185891
Women,10178815
Women,10185061
Girls,10180513
Men,10187699
Women,10185179
Men,10180527
Men,10187679
Unisex,10182279
Women,10185425
Women,10182315
Women,10180395
Women,10185597
Women,10186001
Women,10185969
Women,10185399
Unisex,10181909
Men,10180539
Men,10178389
Men,10187711
Women,10186011
Men,10188077
Women,10185325
Women,10180309
Women,10185733
Men,10188255
Women,10186753
Boys,10185843
Women,10185909
Men,10184573
Women,10182159
Women,10186755
Women,10186189
Women,10185401
Men,10187555
Women,10185215
Women,10186749
Women,10185751
Men,10185959
Women,10185025
Women,10186807
Women,10186501
Women,10186307
Women,10185415
Men,10187273
Women,10185135
Men,10187627
Women,10178027
Men,10187359
Men,10181679
Women,10185571
Women,10185591
Women,10186123
Boys,10185849
Women,10186093
Men,10184349
Women,10186155
Men,10184163
Men,10187101
Women,10185059
Women,10178085
Men,10178459
Unisex Kids,10181381
Men,10180685
Women,10185449
Men,10180895
Women,10185381
Women,10185055
Women,10185611
Women,10181089
Women,10178057
Women,10178889
Women,10185197
Men,10181593
Women,10185467
Men,10187847
Women,10185439
Women,10182355
Men,10176849
Women,10186035
Unisex,10182289
Women,10180245
Women,10186843
Men,10184387
Men,10187801
Unisex,10179297
Women,10177419
Women,10185755
Women,10185625
Women,10186389
Men,10188295
Boys,10180923
Women,10186993
Men,10188139
Men,10180689
Men,10180755
Women,10182255
Women,10185327
Women,10186005
Women,10179833
Women,10186343
Men,10187051
Men,10187595
Women,10182351
Women,10186573
Men,10184583
Girls,10180919
Women,10180263
Women,10180981
Unisex,10181947
Women,10182323
Women,10185153
Women,10178047
Women,10185481
Women,10185331
Women,10185631
Women,10185265
Women,10185729
Women,10186777
Men,10181647
Men,10180669
Women,10186491
Men,10188229
Men,10184569
Women,10178841
Unisex,10181833
Women,10185081
Men,1018470
Unisex,10181779
Women,10177521
Women,10186731
Women,10181071
Women,10185023
Women,10185177
Women,10179043
Women,10181189
Women,10178041
Women,10179831
Women,10185911
Women,10186379
Women,10185821
Men,10187769
Men,10185677
Women,10179047
Women,10180473
Women,10185191
Women,10184299
Women,10185557
Women,10185433
Boys,10179599
Women,10186199
Women,10178037
Boys,10177629
Men,10187119
Women,10185903
Men,10181687
Women,10186203
Men,10180615
Men,10180693
Women,10178585
Women,10180477
Men,10181595
Women,10182131
Women,10184821
Unisex Kids,10181383
Women,10185519
Women,10185041
Men,10187279
Women,10186603
Women,10186405
Unisex,10181893
Men,10184939
Women,10186429
Women,10185907
Women,10186469
Men,10178067
Men,10187691
Women,10180557
Men,10180607
Unisex,10182283
Women,10182373
Men,10188329
Women,10181463
Women,10182147
Women,10185163
Unisex,10181867
Women,10185915
Unisex,10182297
Women,10186455
Women,10182397
Men,10187797
Men,10187097
Unisex,10182295
Women,10185615
Unisex,10177693
Women,10179037
Men,10188363
Men,10187931
Women,10186735
Women,10186825
Women,10185251
Women,10185447
Women,10185043
Men,10178063
Boys,10180681
Women,10186023
Men,10187435
Men,10187013
Men,10181337
Women,10177971
Men,10184577
Men,10180687
Unisex,10180149
Unisex,10181913
Women,10185931
Men,10187267
Men,10187815
Men,10188545
Women,10185375
Women,10185261
Women,10186015
Unisex,10181943
Men,10187629
Women,10181019
Women,10186329
Women,10185347
Women,10185279
Men,10181641
Women,10186941
Men,10187389
Unisex Kids,10181385
Women,10178029
Women,10180935
Men,10181635
Women,10186589
Men,10187951
Women,1018312
Men,10181689
Women,10181911
Women,10181035
Women,10181061
Women,10178049
Men,10187031
Women,10185913
Women,10185095
Women,10186153
Men,10187323
Women,10186779
Unisex,10181847
Women,10177975
Women,10186489
Unisex,10184209
Unisex,10185979
Men,10187299
Women,10186743
Women,10186599
Men,10187281
Women,10177983
Unisex,10181851
Boys,10185875
Women,10185905
Unisex,10179339
Women,10186361
Women,10182641
Women,10185487
Women,10186827
Men,10187335
Men,10188425
Women,10186129
Women,10186047
Women,10180427
Unisex,10185943
Women,10186677
Men,10187043
Unisex,10179319
Women,10178055
Women,10177977
Women,10185731
Men,10181651
Unisex,10181821
Men,10181701
Men,10188171
Men,10178075
Women,10185807
Women,10180971
Women,10186481
Women,10181475
Women,10185461
Men,10187243
Men,10188243
Women,10180959
Women,10185561
Women,10186021
Men,10187583
Women,10182663
Unisex,10179351
Men,10188063
Unisex,10179331
Women,10186191
Unisex,10180299
Unisex,10184211
Women,10186699
Women,10185075
Men,10187657
Women,10185193
Unisex,10181883
Men,10187409
Women,10185213
Unisex,10181869
Women,10185555
Men,10187487
Men,10188591
Women,10186277
Men,10188401
Men,10184567
Men,10187423
Men,10187437
Women,10178033
Unisex,10180281
Women,10185417
Women,10185741
Women,10180937
Women,10186815
Women,10177965
Men,10185717
Men,10187793
Women,10185427
Men,10187245
Boys,10179597
Women,10178031
Women,10178577
Women,10186739
Women,10185307
Men,10188447
Women,10186737
Men,10187485
Boys,10185869
Men,10187743
Women,10185477
Unisex,10179283
Unisex,10179321
Men,10180635
Women,10182369
Women,10185315
Unisex,10181895
Women,10185491
Women,10178885
Men,10187821
Men,10181605
Men,10187365
Women,10181093
Women,10182145
Women,10185407
Women,10182231
Men,10180761
Women,10185653
Women,10185047
Women,10185271
Women,10186043
Women,10179015
Girls,10185877
Women,10185927
Women,10186549
Women,10186019
Women,10182343
Women,10181455
Women,10185053
Women,10181469
Women,10185113
Women,10185161
Men,10188237
Women,10186713
Women,10181477
Men,10188501
Women,10185419
Men,10187047
Men,10188047
Girls,10180677
Men,10187025
Unisex,10182299
Men,10188111
Women,10182257
Women,10185395
Women,10185443
Women,10180481
Men,10187263
Unisex,10181785
Women,10185089
Women,10178859
Women,10185423
Women,10186293
Women,10185141
Women,10185037
Women,10185337
Women,10185379
Women,10185617
Women,10185343
Women,10178967
Women,10178873
Women,10178901
Women,10185203
Women,10186281
Men,10180899
Women,10185189
Women,10185737
Women,10186317
Men,10187643
Women,10186519
Men,10187581
Women,10186107
Men,10181637
Men,10187645
Women,10185293
Women,10185273
Women,10185999
Women,10185485
Women,10184823
Men,10188361
Unisex,10181923
Women,10186819
Unisex,10179353
Women,10180431
Men,10178427
Girls,10180507
Women,10179111
Women,10180983
Unisex,10181759
Women,10184301
Men,10176853
Women,10177079
Women,10181205
Women,10186009
Unisex,10179291
Men,10188049
Women,10185317
Women,10182391
Women,10185281
Unisex,10182275
Women,10186793
Women,10182205
Women,10186767
Men,10180609
Women,10185323
Women,10180441
Men,10188589
Women,10185651
Women,10185781
Men,10187445
Men,1018611
Women,10185543
Men,10178285
Men,10176903
Men,10187109
Women,10186305
Men,10188369
Unisex,10179275
Men,10181691
Women,10182619
Women,10185071
Men,10187401
Unisex,10179293
Unisex,10179337
Men,10187565
Women,10185257
Unisex,10182277
Women,10186495
Women,10186041
Women,10185397
Women,1018789
Men,10187471
Men,10186901
Women,10186559
Men,10187189
Women,10182141
Men,10180905
Men,10187867
Men,10187809
Women,10180277
Women,10186835
Women,10186213
Women,10178999
Women,1017725
Women,10184223
Women,10185601
Men,10188165
Men,10180907
Men,10180639
Women,10186785
Women,10180943
Men,10187087
Women,10185759
Women,10182375
Men,10187157
Men,10187601
Men,10187231
Men,10187079
Men,10185683
Women,10185219
Women,10186789
Unisex,10182287
Women,10186091
Men,10181657
Men,10188061
Women,10178993
Men,10180751
Unisex,10180327
Unisex,10181809
Women,10182345
Women,10184327
Women,10186679
Women,10186003
Women,10185311
Men,10182711
Women,10185123
Women,10180387
Women,10185403
Women,10185405
Women,10185111
Women,10178887
Women,10185367
Unisex Kids,10178337
Men,10187509
Women,10182333
Men,1017837
Women,10186487
Women,10186159
Men,10185971
Women,10180227
Men,10188055
Men,10187685
Unisex,10182301
Women,10181099
Men,10187125
Men,10188527
Women,10185639
Women,10185563
Women,10186029
Men,10187235
Men,10187341
Women,10178575
Men,10187655
Men,10188269
Men,10188279
Men,10181659
Women,10185629
Unisex,10179277
Men,10188417
Women,10186173
Women,1017828
Men,10187933
Women,10185383
Men,10180893
Unisex,10179287
Women,10186375
Men,10176851
Unisex,10180285
Women,10179075
Women,10186185
Women,10185765
Women,10178863
Women,10185167
Women,10184619
Men,10187459
Men,10181599
Women,10184213
Women,10185145
Men,10185945
Men,10187531
Women,10185173
Women,10186049
Women,10186053
Women,10186333
Women,10181211
Women,10186551
Women,10186247
Women,10184303
Men,10187455
Men,10188393
Women,10185549
Women,10185587
Men,10187735
Men,10180909
Women,10185739
Men,10187339
Women,10186637
Women,10185165
Men,10184935
Women,10182395
Women,10185373
Men,10188645
Women,10179061
Women,10186059
Men,10178069
Women,10181395
Men,10187347
Women,10185457
Women,10185483
Women,10185589
Men,1018641
Women,10182347
Women,10181875
Unisex,10179335
Women,10182251
Men,10188475
Women,10185919
Men,10187311
Women,10185223
Women,10178975
Women,10184313
Men,10176847
Women,10182259
Women,10186219
Women,10185567
Men,10188411
Women,10185559
Girls,10177947
Men,10180901
Women,10179837
Women,10177987
Women,10178019
Women,10186797
Women,10186161
Men,10187593
Women,10182185
Men,10188467
Women,10186803
Unisex,10182267
Men,10176857
Men,10187881
Women,10182339
Women,10177961
Men,10180645
Women,10178017
Unisex,10181823
Women,10185917
Men,10184189
Women,10185205
Men,10187761
Women,10181391
Men,10185673
Women,10185349
Women,10185593
Men,10180753
Women,10184263
Men,10184915
Women,10185217
Women,10185805
Women,10185299
Men,10184185
Women,10185085
Unisex,10180275
Women,10181047
Men,10187413
Women,10186821
Unisex Kids,10178351
Men,10180569
Boys,10180489
Women,10185149
Men,10188473
Unisex,10182285
Women,10185295
Women,10185435
Women,10185183
Women,10180407
Women,10185321
Men,10187399
Men,10180541
Men,10176893
Men,10187773
Women,10186799
Women,10178561
Women,10178569
Women,10181091
Women,10185125
Men,10180915
Women,10186055
Men,10188227
Men,10176915
Women,10185761
Unisex,10182291
Women,10178059
Women,10181471
Women,10185119
Women,10182223
Women,10185065
Men,10184275
Men,10187229
Men,10187971
Women,10186937
Men,10187483
Girls,10185863
Women,10185109
Women,10186461
Women,10185021
Women,10185015
Women,10178913
Men,10187753
Unisex,10181873
Unisex,10181771
Unisex,10181885
Women,10179083
Men,10185691
Men,10187749
Men,10188353
Women,10185263
Women,10178929
Women,10186607
Men,10180533
Women,10185195
Women,10180373
Men,10180629
Women,10177949
Women,10182203
Men,10162283
Women,1015466
Women,10186165
Men,10162297
Women,10194559
Women,10206773
Women,10193861
Men,10207591
Men,10162295
Men,10201167
Men,10162291
Women,10206909
Women,10207091
Men,10202819
Women,10206993
Women,10207273
Boys,10197115
Men,10202121
Women,10197809
Women,10190893
Women,10207333
Unisex,10202459
Women,10207089
Men,10201271
Women,10206829
Women,10189535
Women,10206741
Unisex,10202441
Men,10208569
Unisex,10198191
Men,10202595
Women,10206849
Women,10206791
Men,10203045
Men,10197891
Men,10203013
Unisex,10202429
Women,10205731
Men,10196005
Women,10197693
Women,10206987
Unisex,10202509
Women,10203335
Unisex,10203313
Men,10203229
Women,10200177
Women,10203391
Women,10207311
Men,10202597
Unisex,10196853
Women,10208703
Men,10194889
Women,10193871
Women,10196259
Unisex,10202435
Women,10206935
Women,10207357
Men,10207529
Men,10195997
Men,10197917
Men,10202053
Women,10207425
Men,10205403
Unisex,10203287
Men,10196019
Women,10196989
Women,10197071
Women,10197729
Women,10188719
Women,10203379
Women,10198389
Boys,10197125
Women,10207409
Men,10206633
Men,10202599
Unisex,10203363
Men,10202695
Women,10206751
Men,10208599
Women,10206969
Women,10207317
Women,10206801
Women,10198083
Women,10196261
Women,10193717
Women,10207289
Unisex,10202407
Women,10207059
Unisex,10203291
Men,10197879
Women,10188731
Unisex,10191001
Women,10203469
Unisex,10193831
Women,10193699
Women,10198209
Women,10196241
Women,10207619
Women,10197627
Women,10207103
Women,10203387
Unisex,10202467
Women,10208709
Women,10202727
Women,10197969
Unisex,10202477
Women,10188817
Women,10206857
Women,10189549
Unisex,10202411
Unisex,10203299
Women,10207457
Men,10197855
Women,10198379
Men,10202759
Men,10203081
Women,10206867
Women,10207151
Unisex,10202513
Women,10189739
Women,10206761
Women,10206865
Women,10207241
Men,10205435
Men,10202633
Women,10188795
Women,10206997
Men,10202285
Women,10203273
Women,10203175
Women,10205749
Men,10203491
Women,10207079
Men,10201425
Women,10206897
Women,10207153
Unisex,10203381
Unisex,10203375
Women,10207073
Women,10206081
Unisex,10203293
Women,10197583
Men,10203157
Women,10207445
Women,10193971
Women,10198095
Men,10208579
Women,10206877
Women,10207069
Women,10205805
Men,10202961
Women,10207045
Women,10207265
Women,10207353
Men,10202913
Women,10197741
Men,10195987
Unisex,10202461
Men,10207577
Women,10207479
Women,10194537
Women,10193991
Women,10190651
Women,10198123
Women,10200171
Women,10207143
Women,10208773
Women,10206759
Men,10208545
Women,10207161
Women,10208659
Women,10207455
Women,10207037
Unisex,10202491
Women,10197989
Women,10199855
Women,10193893
Women,10205645
Women,10207139
Women,10206387
Women,10207639
Men,10201669
Women,10207383
Women,10197727
Women,10206827
Women,10206833
Women,10193959
Unisex,10202425
Men,10194977
Men,10205427
Men,10207229
Women,10207389
Women,10196221
Men,10206643
Women,10194439
Men,10205369
Women,10206239
Men,10201133
Men,10202041
Unisex,10202501
Women,10193873
Unisex,10189701
Men,10205469
Men,10202891
Women,10190649
Women,10206895
Unisex,10202413
Men,10201175
Women,10197649
Women,10200193
Women,10199945
Women,10207485
Women,10194835
Women,10193793
Women,10188781
Women,10207019
Men,10201701
Women,10197027
Women,10207437
Women,10197167
Women,10206441
Women,10207261
Women,10206725
Women,10197997
Women,10206153
Women,10206435
Women,10206259
Women,10202029
Men,10202095
Girls,10196911
Women,10207159
Men,10208575
Men,10203233
Women,10206889
Women,10203271
Men,10194895
Men,10203125
Women,10197737
Unisex,10196857
Women,10196945
Women,10207155
Men,10208627
Unisex,10202439
Men,10207507
Women,10199805
Women,10206921
Men,10202049
Men,10197925
Men,10202297
Women,10203389
Men,10205395
Men,10208617
Men,10197473
Women,10207017
Women,10206149
Women,10193929
Unisex,10189699
Men,10202831
Women,10191467
Men,10208567
Women,10206959
Unisex,10202479
Men,10202063
Men,10202927
Women,10197633
Men,10203093
Men,10207501
Men,10205821
Women,1020661
Men,10205841
Women,10193983
Men,10202065
Women,10206765
Men,10205535
Girls,10196893
Unisex,10189683
Men,10197465
Women,10193867
Women,10207081
Women,10193869
Women,10206873
Women,10198195
Unisex,10203321
Men,10208551
Women,10208761
Women,10207627
Unisex,10195949
Men,10207589
Women,10207009
Women,10207399
Women,10207035
Men,10197453
Unisex,10196281
Men,10201261
Women,10198135
Men,10205365
Women,10206417
Women,10208691
Women,10205633
Women,10205781
Women,10197617
Women,10207105
Women,10188713
Unisex,10202399
Unisex,10196273
Men,10208581
Unisex,10202405
Women,10207285
Women,10198001
Women,10196325
Women,10207023
Women,10203401
Women,10196257
Women,10197661
Boys,10197225
Women,10190887
Women,10193903
Women,10188845
Women,10193993
Women,10206235
Women,10208739
Women,10197589
Men,10205385
Women,10207039
Men,10190809
Men,10207505
Women,10206727
Unisex,10203275
Men,10201787
Men,10205425
Men,10202283
Women,10206445
Women,10198073
Men,10207559
Women,10206385
Unisex,10202437
Women,10198225
Women,10206245
Women,10206905
Women,10191595
Women,10206971
Women,10207049
Women,10207097
Men,10197927
Men,10205551
Women,10199959
Women,10207063
Men,10201189
Men,1020424
Unisex,10202431
Unisex,10202503
Women,10208689
Unisex,10202515
Women,10197079
Women,10208737
Women,10196921
Women,10193977
Men,10207499
Men,1019677
Women,10197105
Women,10189755
Men,10202779
Women,10198085
Women,10206985
Women,10199907
Unisex,10203305
Women,10193865
Women,10208725
Men,10202061
Women,10206893
Women,10207371
Men,10203611
Unisex,10203383
Women,10189759
Men,10201137
Women,10206151
Women,10207067
Women,10207257
Women,10193961
Men,10189681
Women,10206995
Women,10196769
Men,10202579
Women,10198007
Women,10191543
Women,10198047
Men,10207493
Unisex,10203323
Women,10207043
Men,10193621
Men,10195981
Women,10208663
Women,10197067
Women,10208769
Women,10198207
Women,10207007
Women,10199825
Women,10206963
Women,10208751
Women,10194117
Women,10189567
Men,10201247
Women,10207599
Women,10196255
Women,10208653
Women,10207071
Girls,10201927
Women,10206853
Women,10193875
Men,10201293
Men,10194931
Women,10205709
Women,10205747
Boys,10197121
Women,10196237
Women,10207263
Men,10207583
Men,10202571
Women,10206373
Women,10197725
Unisex,10202453
Men,10202235
Women,10206955
Women,10198061
Unisex,10203395
Women,10207003
Boys,10205527
Women,10198091
Women,10196753
Women,10189559
Women,10201945
Men,10197895
Women,10207439
Women,10196249
Unisex,10202523
Men,10189297
Men,10208561
Women,10207243
Women,10205797
Women,10189455
Women,10207167
Men,10205453
Women,10207441
Women,10207335
Women,10193967
Women,10207141
Women,10199995
Men,10191059
Women,10206869
Men,10205457
Men,10196037
Unisex,10202401
Women,10198017
Women,10198009
Women,10207271
Men,10202133
Men,10194891
Women,10197815
Women,10207077
Men,10203331
Men,10197865
Men,10205843
Men,10190807
Men,10197921
Women,10193941
Women,10206979
Women,10198197
Women,10206925
Men,10208615
Women,10207163
Men,10208613
Women,10189591
Men,10195979
Men,10194879
Women,10196239
Girls,10203221
Women,10205701
Women,10206233
Women,10207169
Women,10207341
Women,10193703
Women,10206885
Unisex,10203285
Women,10206839
Women,10207011
Women,10198117
Women,10198199
Men,10202635
Women,10207131
Women,10208669
Women,10206749
Unisex,10203295
Women,10202721
Unisex,10202415
Women,10206769
Unisex,10202465
Women,10205759
Women,10205637
Women,10197665
Women,10193935
Women,10193753
Girls,10196897
Men,10203643
Women,10207111
Boys,10193689
Women,10207391
Women,10206973
Women,10208655
Women,10202033
Women,10189741
Men,10202757
Women,10205625
Men,10208633
Men,10202565
Men,10205833
Women,10189443
Women,10207467
Men,10197857
Women,1020662
Women,10206817
Men,10202827
Women,10206723
Women,10203337
Women,10206939
Women,10207051
Women,10208649
Women,10206035
Women,10208721
Unisex,10203281
Women,10206221
Unisex,10189687
Women,10206837
Women,10206757
Women,10205745
Women,10206361
Men,10195999
Women,10203341
Women,10193969
Men,10201239
Women,10203339
Women,10194489
Men,10201281
Women,10197159
Men,10205441
Women,10194435
Women,10190669
Women,10194119
Women,10193987
Unisex,10202419
Unisex,10203355
Men,10205835
Women,10196925
Men,10205829
Women,10207379
Unisex,10202471
Women,10206393
Women,10189523
Women,10197593
Women,10207099
Women,10203269
Women,10206229
Men,10201321
Women,10206967
Women,10193895
Women,10207297
Women,10208701
Women,10190659
Women,10199989
Women,10193705
Women,10206781
Men,10205389
Women,10208717
Women,10206793
Men,10203031
Women,10206861
Women,10207407
Men,10202209
Men,10194927
Women,10207283
Women,10206947
Boys,10202279
Men,10197757
Men,10206637
Women,10207605
Women,10193797
Men,10205449
Women,10206951
Women,10206981
Women,10206453
Men,10202291
Women,10200191
Women,10205641
Women,10206841
Women,10196245
Women,10193709
Women,10197637
Unisex,10196271
Unisex,10203303
Women,10207295
Women,10206815
Men,10196027
Women,10207419
Women,10188813
Men,10202281
Women,10189437
Boys,1019181
Men,10202055
Unisex,10196275
Women,10207021
Women,10206941
Women,10193891
Men,10208587
Men,10202293
Women,10197039
Women,10207015
Women,10206999
Women,10197641
Women,10205733
Men,10208585
Women,10206787
Women,10200203
Women,10207301
Women,10205717
Women,10207129
Men,10208549
Men,10205439
Women,10206975
Women,10206105
Women,10206957
Women,10205757
Women,10206977
Unisex,10202463
Women,10206719
Men,10203065
Men,10202973
Women,10193691
Women,10206729
Women,10202005
Men,10202039
Unisex,10203349
Women,10206005
Men,10207593
Women,10206809
Men,10201843
Men,10194905
Women,10197145
Unisex,10202529
Women,1020347
Men,10208593
Men,10208583
Unisex,10195965
Unisex,10203365
Men,10205463
Unisex,10207195
Women,10206917
Women,10189473
Women,10207611
Women,10196745
Women,10190781
Men,10197901
Unisex,10202497
Men,10205825
Unisex,10202451
Women,10197735
Women,10207047
Women,10205999
Women,10205743
Unisex,10203373
Men,10205917
Men,10205461
Women,10197717
Women,10197205
Women,10207115
Men,10201913
Women,10206177
Men,10205837
Men,10205423
Women,10194263
Women,10189487
Women,10206929
Women,10206737
Women,10197603
Men,10203589
Women,10206351
Women,10206911
Men,10197463
Women,1020500
Women,10207433
Unisex,10203361
Women,10206131
Women,10205751
Unisex,10207205
Men,10207527
Girls,10203211
Men,10202241
Women,10190787
Women,10197975
Unisex,10202487
Women,10197629
Women,10202731
Women,10203347
Women,10205703
Men,10201099
Men,10205401
Men,10205823
Unisex,10202493
Men,10202127
Men,10202763
Unisex,10203377
Men,10194937
Men,10208595
Unisex,10203315
Unisex,10202507
Women,10206395
Women,10194461
Men,10191047
Women,10188811
Women,10193723
Women,10207123
Women,10207363
Women,10207461
Men,10207513
Women,10194297
Women,10207053
Men,10205391
Unisex,10203367
Men,10207571
Women,10208753
Women,10208729
Men,10196011
Women,10188947
Women,10196263
Unisex,10202517
Women,10189581
Women,10206375
Women,10206797
Men,1019937
Women,10206915
Men,10205839
Men,10196025
Women,10207253
Men,10198331
Men,10197893
Unisex,10202403
Women,10188823
Women,10207055
Women,10208693
Women,10198033
Women,10189525
Men,10205431
Women,10195753
Women,10207119
Women,10199967
Unisex,10203393
Men,10197933
Women,10207637
Women,10207147
Unisex,10203397
Women,10188821
Unisex,10189697
Women,10206717
Unisex,10202421
Women,10207465
Women,10206161
Women,10206989
Men,10205475
Women,10206763
Women,10207157
Unisex,10207207
Women,10197691
Women,10208713
Women,10206093
Men,10206635
Unisex,10203369
Men,10202105
Women,10198055
Women,10208735
Women,10206389
Women,10206811
Unisex,10202409
Women,10206073
Unisex,10196269
Women,10205655
Women,10206225
Men,10206639
Men,10205827
Women,10206755
Women,10206203
Men,10208603
Women,10206807
Women,10206953
Unisex,10202447
Women,10206835
Men,10206625
Women,10189577
Men,10207587
Women,10207171
Women,10206159
Unisex,10203317
Men,10202045
Men,10205415
Women,10208749
Women,10200187
Women,10196233
Women,10199865
Men,10197743
Men,1019643
Women,10199919
Unisex,10203289
Women,10203333
Women,10193979
Women,10206217
Men,10190805
Women,10207061
Unisex,10202521
Men,10194979
Men,10203537
Women,10206831
Men,10208573
Men,10191057
Men,10207567
Women,10189561
Unisex,10202511
Women,10208777
Women,10207397
Women,10206143
Unisex,10203399
Women,10194611
Women,10198067
Women,10189569
Men,10205831
Women,10207475
Women,10193951
Men,10202069
Women,10194007
Women,10193715
Unisex,10203309
Women,10208745
Men,10191015
Women,10208677
Women,10206789
Men,10201243
Women,10190657
Unisex,10202499
Women,10206825
Women,10205691
Women,10197533
Men,10208547
Women,10206083
Women,10191591
Women,10206731
Women,10196235
Women,10188711
Unisex,10202483
Men,10208559
Women,10203267
Women,10207087
Women,10205689
Women,10207337
Men,10202795
Men,10201151
Women,10202723
Women,10207135
Women,10190889
Women,10206843
Women,10190753
Women,10206747
Men,10193611
Unisex,10203329
Women,10206745
Women,10207603
Women,10193739
Unisex,10189673
Men,10201277
Women,10198011
Women,10194669
Women,10194221
Women,10206743
Women,10206241
Men,10197457
Men,10196043
Women,10190817
Women,10207305
Unisex,10202457
Women,10206783
Women,10207615
Women,10203353
Women,10199885
Women,10196749
Women,10208667
Women,10206899
Unisex,10202445
Women,10198177
Women,10206813
Men,10201205
Women,10207133
Women,10191267
Unisex,10202417
Unisex,10203371
Men,10202585
Women,10207029
Women,10206785
Men,10197943
Women,10206943
Men,10201685
Women,10203357
Women,10207309
Men,10205399
Men,10208553
Unisex,10202495
Women,10206919
Women,10189671
Men,10205445
Women,10206879
Unisex,10202469
Unisex,10189691
Women,10207101
Men,10205451
Women,10197173
Women,10189753
Women,10188827
Unisex,10196835
Women,10193921
Women,10206171
Men,1019940
Women,10206021
Men,10202953
Women,10207031
Women,10207431
Unisex,10190667
Men,10208607
Men,10201319
Men,10197849
Men,10205533
Men,10194901
Women,10205681
Women,10189453
Unisex,10203277
Men,10196003
Unisex,10202531
Men,10208597
Women,10193707
Men,10189619
Unisex,10202473
Women,10194845
Women,10189749
Women,10207281
Men,10193605
Women,10207149
Women,10203265
Women,10197671
Women,10203187
Men,10202165
Men,10201213
Women,10206735
Women,10188725
Women,10206805
Unisex,10202527
Men,10202047
Women,10208675
Unisex,10202481
Men,10201283
Women,10207013
Men,10201227
Men,10197467
Women,10207393
Men,10201235
Women,10206887
Women,10206961
Boys,10197221
Men,10202037
Women,10207057
Unisex,10196265
Women,10205795
Women,10206031
Women,10205669
Women,10193915
Men,10202611
Women,10206901
Women,10197657
Women,10196225
Women,10205715
Women,10197519
Women,10206253
Women,10190653
Men,10201823
Women,10197547
Unisex,10202449
Unisex,10202519
Men,10203625
Women,10207109
Women,10194125
Women,10188829
Women,10206739
Men,10201207
Unisex,10190999
Unisex,10190997
Women,10206859
Men,10223363
Girls,10213309
Boys,10232305
Women,10231061
Women,1021240
Boys,10232419
Boys,10212877
Boys,10213251
Girls,10213191
Women,10220587
Women,10233293
Boys,10212989
Men,10215717
Boys,10213313
Girls,10213955
Girls,10213169
Men,10217273
Men,10217119
Men,10216009
Women,10223005
Women,10223001
Girls,10213385
Unisex,10234737
Women,10220737
Women,10216683
Unisex,10214863
Women,10231553
Women,10222647
Boys,10212911
Women,10223983
Women,10234375
Girls,10213219
Women,10224993
Women,10217031
Girls,10232161
Girls,10212977
Men,10234809
Unisex,10214879
Boys,10213339
Men,10222931
Women,10220673
Women,10234503
Girls,10214321
Men,10222809
Boys,10213083
Men,10222801
Girls,10213429
Boys,10213407
Women,10232993
Girls,10213061
Women,10234285
Boys,10213237
Women,10223885
Women,10234443
Boys,10213887
Boys,10213223
Boys,10212967
Boys,10212941
Girls,10213235
Women,10224937
Women,10234577
Boys,10213315
Women,10226553
Women,10223009
Men,10219761
Boys,10213195
Unisex,10214777
Men,10231919
Boys,10212917
Men,10231969
Girls,10213455
Boys,10212885
Women,10225759
Boys,10213023
Girls,10212893
Women,10226589
Women,10216915
Men,10223353
Girls,10213371
Girls,10213271
Women,10213527
Women,10226687
Unisex,10214809
Girls,10212897
Men,10222823
Men,10217131
Women,10231589
Women,10208819
Men,10214163
Boys,10213307
Men,10212039
Women,10234331
Unisex,10234757
Women,10231179
Men,10218841
Men,10224525
Boys,10213389
Women,10234425
Girls,10213147
Men,10231947
Girls,10213377
Women,10231557
Women,10234481
Women,10234523
Unisex,10234753
Women,10208825
Girls,10213691
Men,10222787
Women,10231051
Women,10216941
Women,10217483
Women,10233285
Women,10231149
Men,10223361
Women,10217577
Women,10232983
Men,10231445
Men,10216021
Women,10234427
Men,10234813
Women,10217589
Men,10215849
Boys,10212927
Women,10232991
Girls,10213231
Women,10233401
Men,10219569
Men,10220751
Women,10231651
Women,10208789
Women,10231033
Women,10233297
Boys,10213047
Boys,10213825
Boys,10213241
Women,10208781
Boys,10213029
Women,10220667
Women,10223991
Women,10234293
Women,10220655
Women,10231569
Men,10219615
Men,10231447
Boys,10213227
Girls,10212945
Girls,10213299
Women,10231599
Women,10213481
Women,10234017
Women,10233193
Men,10217005
Girls,10213705
Women,10216693
Men,10222793
Men,10216031
Men,10214169
Girls,10213401
Women,10231067
Men,10231949
Girls,10213101
Unisex,10214787
Boys,10213071
Women,10214963
Unisex,10214877
Unisex,10214843
Women,10234849
Boys,10213855
Women,10221405
Women,10223333
Unisex,10214861
Men,10231913
Men,10212361
Women,10234407
Women,10234295
Boys,10213087
Men,10217185
Boys,10213115
Boys,10213263
Women,10224967
Boys,10213179
Unisex,10214775
Girls,10213413
Men,10234811
Men,10219791
Women,10208779
Boys,10213229
Women,10225775
Women,10234537
Men,10233189
Men,10214019
Unisex,10223117
Girls,10213333
Men,10231923
Men,10233161
Boys,10212995
Girls,10213325
Women,10223307
Women,10216767
Women,10231043
Women,10224651
Women,10234321
Boys,10213125
Men,10215743
Men,10217801
Women,10218069
Women,10231597
Women,10216745
Girls,10213857
Girls,10213443
Women,10224375
Unisex,10217009
Boys,10213093
Boys,10212973
Women,10234541
Women,10225009
Men,10217081
Girls,10231987
Women,10225909
Men,10220765
Women,10231035
Women,10225001
Women,10233269
Girls,10213095
Men,10222805
Boys,10213051
Boys,10213273
Unisex,10223095
Men,10214049
Women,10224745
Boys,10213739
Men,10232533
Women,10234417
Boys,10213037
Girls,10213837
Boys,10234239
Unisex,10214871
Girls,10213337
Girls,10213901
Women,10226697
Men,10232527
Men,1022304
Girls,10212971
Men,10231905
Boys,10232239
Women,10234257
Girls,10213049
Girls,10213205
Boys,10213361
Men,10222837
Women,10220723
Women,10224935
Boys,10213213
Men,10233021
Unisex,10233129
Women,10231059
Men,10216723
Boys,10213319
Boys,10213403
Men,10216057
Women,10224545
Women,10226675
Women,10234247
Women,10223417
Women,10233311
Women,10222901
Women,10208821
Women,10223327
Women,10217961
Unisex,10214885
Men,10231901
Unisex,10214859
Women,10233307
Girls,10213351
Unisex,10232555
Boys,10213423
Men,10233921
Unisex,10214857
Men,10215609
Women,10234345
Unisex,10217013
Men,10219621
Men,10231439
Women,10231743
Men,10232009
Women,10234313
Boys,10212879
Girls,10232343
Boys,10214005
Unisex,10233145
Women,10222997
Women,10234393
Unisex,10214875
Women,10223051
Women,10224973
Women,10219523
Girls,10213297
Men,10231999
Girls,10212843
Women,10234269
Boys,10214335
Men,10219643
Women,10220339
Women,1022179
Women,10234489
Boys,10213269
Women,10223013
Men,10231419
Women,10211983
Women,10224931
Boys,10213867
Women,10234465
Unisex,10214785
Women,10231973
Unisex,10232597
Men,10215761
Boys,10213143
Men,10234797
Men,10223997
Men,10217077
Women,10225943
Women,10226565
Women,10232399
Girls,10213239
Girls,10213387
Unisex,10214769
Boys,10213871
Women,10224989
Boys,10213001
Men,10216049
Men,10215615
Boys,10212925
Unisex,10232571
Women,10216763
Women,10217993
Boys,10213013
Unisex,10234709
Unisex,10214839
Boys,10213335
Women,10224991
Girls,10213245
Men,10234805
Men,10218293
Women,10217035
Unisex,10214869
Women,10234361
Women,10234493
Women,10234545
Unisex,10214833
Boys,10213267
Men,10215783
Women,10231567
Women,10222637
Men,10217055
Girls,10213329
Women,10208785
Women,10224675
Women,10234517
Girls,10212887
Women,10223285
Women,10234535
Boys,10213445
Women,10224933
Women,10234563
Boys,10213211
Girls,10213431
Women,10222653
Women,10216749
Men,10222929
Men,10222921
Women,10234473
Women,10223315
Girls,10213459
Men,10216547
Boys,10212981
Women,10234455
Men,10217643
Boys,10213045
Women,10224689
Women,10222651
Girls,10213103
Boys,10212997
Women,10234369
Unisex,10223101
Men,10222811
Unisex,10234761
Women,10233259
Women,10231171
Men,10219649
Women,10233359
Women,10217605
Women,10231057
Women,10212829
Boys,10212867
Women,10224555
Men,10222863
Girls,10213159
Boys,10213109
Men,10223367
Girls,10211977
Men,10233167
Girls,10213039
Men,10232011
Women,10221201
Men,10215665
Men,1022300
Men,10231925
Men,10232005
Boys,10213177
Women,10234551
Women,10234555
Men,10216051
Women,10234453
Women,10234457
Boys,10213041
Men,10219665
Women,10231163
Men,10223337
Women,10234325
Boys,10212949
Boys,10213183
Boys,10213033
Boys,10213203
Boys,10213761
Boys,10213067
Girls,10213119
Women,10224657
Boys,10213021
Men,10216641
Boys,10213959
Women,1020984
Boys,10213059
Boys,10212909
Women,10211853
Girls,10213897
Women,10216855
Women,10224723
Men,10215877
Men,10222855
Boys,10213107
Women,10208891
Girls,10213411
Men,10224305
Men,1022303
Boys,10213031
Girls,10212901
Women,10220371
Women,1022184
Women,10231185
Women,10213551
Women,10231041
Women,10224585
Girls,10212963
Unisex,10214771
Men,10231241
Women,10220349
Women,10234327
Girls,10213281
Unisex,10214823
Men,10222789
Women,10234487
Women,10224643
Men,10231811
Men,10219759
Boys,10212935
Men,10233187
Boys,10213217
Boys,10213247
Men,10219749
Girls,10213931
Unisex,10214795
Women,10234527
Girls,10213277
Women,10213549
Women,10224943
Women,10231153
Women,10217491
Men,10216611
Women,10233281
Men,10214943
Women,10216735
Unisex,10233157
Unisex,10223107
Boys,10212979
Men,10234793
Boys,10213221
Women,10231721
Boys,10213427
Women,10234581
Girls,10214013
Girls,10213257
Women,10224969
Women,10220891
Boys,10213327
Girls,10212845
Women,10224741
Women,10234329
Girls,10213767
Boys,10213063
Unisex,10214883
Girls,10213291
Women,10211851
Men,10222923
Men,10217097
Women,10231977
Women,10233283
Women,10232995
Unisex,10233131
Boys,10214283
Women,10222903
Women,10222641
Women,10234267
Women,10226629
Unisex,10223105
Women,10231045
Men,10216523
Women,10231147
Girls,10213693
Unisex,10217011
Men,10219729
Unisex,10216841
Men,10215757
Women,10234485
Women,10211803
Women,10223339
Women,10234401
Women,10234843
Women,10231031
Boys,10213035
Women,1022503
Women,10222619
Women,10233391
Women,1020977
Women,10224829
Boys,10213207
Boys,10213019
Women,10225013
Women,10234403
Girls,10213365
Women,10234305
Boys,10214003
Men,10217111
Women,10225753
Women,10222655
Men,10223319
Boys,10213783
Men,10232001
Women,10224949
Girls,10213323
Girls,10213381
Girls,10213353
Men,10229193
Men,10233999
Boys,10213069
Women,10226457
Girls,10213437
Unisex,10211863
Women,10217969
Women,10224985
Women,10225783
Unisex,10234725
Unisex,10214773
Women,10220617
Women,10224981
Boys,10212855
Women,10233349
Boys,10212953
Girls,10213225
Women,10231981
Women,10217591
Women,10234419
Girls,10213939
Girls,10214365
Women,10222897
Women,10226425
Women,10224743
Women,10234075
Men,10216005
Boys,10212985
Women,10217997
Women,10225011
Women,10226395
Boys,10212933
Men,10220791
Unisex,10233139
Women,10233459
Women,10234491
Women,10208799
Women,10234511
Women,10217045
Women,10231047
Women,10234565
Women,10208787
Girls,10212907
Men,10223359
Girls,10212883
Boys,10213163
Unisex,10214789
Girls,10213419
Girls,10213359
Girls,10213197
Women,10221407
Women,10226437
Men,10233869
Men,10222783
Women,10234349
Men,10222819
Boys,10213233
Boys,10213017
Men,1022192
Boys,10212903
Unisex,10232575
Girls,10213145
Men,10233173
Women,10231009
Men,10216459
Men,10215661
Women,10222645
Women,10213525
Unisex,10211023
Women,10212837
Girls,10213243
Girls,10213027
Girls,10213091
Men,10214157
Men,10217089
Men,10217181
Men,10215727
Girls,10213447
Unisex,10214853
Women,10217567
Unisex,10233133
Women,10223311
Women,10234377
Women,10234505
Boys,10213151
Unisex,10232591
Girls,10213393
Women,10234299
Women,10234301
Women,10213497
Men,10216023
Women,10216741
Women,10222893
Women,10224923
Women,10213529
Men,10220787
Boys,10213367
Women,10231665
Girls,10213439
Women,10224707
Men,10214041
Unisex,10232625
Men,10232003
Men,10222803
Women,10231151
Women,10234553
Women,10224671
Boys,10212987
Women,10231053
Women,10224877
Boys,10213189
Men,10232793
Girls,10213369
Men,10233169
Unisex,10214847
Unisex,10214791
Girls,10213913
Unisex,10223099
Men,10217063
Women,10224959
Men,10219637
Unisex,10214867
Women,10234521
Women,10208783
Boys,10212847
Women,10226609
Women,10216685
Unisex,10214855
Women,10208801
Unisex,10233155
Women,10234409
Girls,10213409
Boys,10213121
Women,10217313
Men,10219717
Boys,10213057
Boys,10213137
Unisex,10214815
Boys,10213157
Boys,10213287
Boys,10213099
Boys,10213005
Women,10213475
Unisex,10214813
Girls,10213895
Boys,10212913
Boys,10212865
Women,10216747
Unisex,10214797
Women,10234447
Men,10222859
Girls,10232063
Women,10234433
Women,10234365
Women,10233361
Unisex,10214837
Boys,10213077
Girls,10213261
Women,10217495
Boys,10213085
Girls,10232061
Boys,10232253
Men,10217061
Men,10222875
Men,10234803
Women,10232397
Men,10216721
Girls,10212929
Girls,10213441
Women,10225003
Women,1021229
Boys,10213153
Boys,10213011
Women,10234437
Women,10222917
Women,10234259
Unisex,10214805
Women,10208823
Women,10231049
Women,10216897
Men,10216055
Men,10219573
Women,10224827
Men,10220785
Men,10222871
Unisex,10214807
Men,10232643
Men,10220795
Men,10216019
Unisex,10223111
Women,10223303
Unisex,10233149
Women,10224709
Women,10226503
Girls,10213321
Women,10226627
Women,10234297
Women,10224941
Women,10233317
Men,10215763
Girls,10213379
Women,10223021
Women,10231649
Women,10224995
Women,10224661
Women,10220659
Men,10231427
Men,10215805
Women,10234385
Girls,10213295
Women,10213517
Boys,10212863
Women,10234413
Women,10217603
Men,10216039
Women,10234387
Boys,10213009
Women,10226495
Men,10215645
Women,10223321
Boys,10213155
Men,10222799
Girls,10214369
Boys,10213215
Unisex,10214801
Women,10231729
Women,10234441
Women,10219527
Girls,10212857
Men,10216017
Girls,10212861
Women,10233861
Girls,10213187
Women,10234277
Boys,10213451
Women,10216861
Boys,10231817
Boys,10213255
Girls,10213343
Boys,10213293
Men,10232523
Girls,10213383
Women,10223309
Women,10224645
Girls,10213421
Women,10222623
Men,10222883
Men,10217093
Men,10215759
Boys,10213135
Women,10233287
Women,10231653
Girls,10213075
Men,10232539
Women,10234383
Women,10224911
Girls,10213311
Women,10226147
Men,10234773
Men,10217145
Women,10231063
Women,10220711
Boys,10222913
Women,10213539
Men,10215677
Boys,10213425
Men,10215739
Women,10213479
Women,10225005
Men,10216645
Unisex,10223121
Unisex,10214831
Women,10234273
Women,10224971
Women,10234533
Girls,10213415
Women,10234515
Women,10226409
Unisex,10214881
Women,10217583
Unisex,10214835
Men,10216711
Women,10234531
Men,10230959
Women,10213519
Women,10234351
Women,10214973
Boys,10213199
Boys,10213345
Girls,10212955
Unisex,10217835
Men,10222869
Unisex,10233127
Boys,10214275
Men,10214027
Men,10217109
Men,10222933
Women,10234371
Girls,10213079
Boys,10213749
Boys,10213185
Men,10224509
Women,10223975
Girls,10213301
Women,10226583
Men,10217103
Men,10220797
Women,10231159
Women,10217967
Girls,10212969
Men,10234801
Men,10222821
Women,10213553
Women,10234787
Men,10216025
Men,10218063
Women,10217963
Girls,10213395
Men,10222797
Women,10216863
Girls,10213751
Women,10231515
Women,10225727
Women,10222635
Women,10217987
Men,10215659
Unisex,10214845
Women,10216733
Unisex,10233137
Women,10234549
Men,10222927
Unisex,10233141
Boys,10213003
Men,10234771
Men,10222919
Women,10216695
Girls,10213303
Unisex,10214873
Men,10233163
Unisex,10233151
Girls,10213677
Girls,10213181
Women,10208809
Unisex,10214803
Women,10216743
Women,10234289
Men,10222791
Boys,10212957
Women,10224699
Girls,10213265
Women,10231603
Girls,10213933
Unisex,10214829
Women,10220677
Girls,10212919
Men,10231431
Girls,10213937
Women,10226467
Boys,10213975
Men,10216041
Unisex,10232561
Women,10231693
Women,10234475
Girls,10212943
Men,10216525
Women,10216989
Women,10232357
Women,10225789
Women,10231001
Women,10232997
Men,10219675
Women,10232355
Women,10223295
Men,10232649
Women,10222621
Men,10220773
Unisex Kids,10224593
Men,10231941
Boys,10213193
Men,10233179
Girls,10213845
Girls,10213903
Women,10224963
Unisex,10232563
Girls,10214307
Boys,10213317
Men,10231903
Women,10234367
Men,10215649
Unisex,10232599
Men,10223347
Women,10234495
Women,10224947
Women,10231789
Boys,10213957
Unisex,10223103
Women,10212051
Boys,10213745
Men,10232517
Men,10233965
Unisex,10217007
Women,1022177
Boys,10212951
Unisex,10211875
Girls,10212991
Women,10234459
Men,10232819
Women,10217479
Men,10222829
Women,10220885
Girls,10212923
Unisex,10214779
Men,10219763
Women,10217147
Women,10231037
Women,10217977
Boys,10213399
Women,10233437
Girls,10213025
Girls,10213253
Women,10224747
Women,10224579
Women,10213489
Girls,10213373
Girls,10213289
Women,10213531
Men,10222831
Men,10216003
Men,10217079
Women,10214987
Boys,10212937
Women,10234397
Boys,10232069
Boys,10213259
Women,10231055
Men,10219663
Unisex,10214827
Women,10224957
Men,10231917
Unisex,10223113
Unisex,10232553
Women,10234525
Women,10235947
Men,10221375
Unisex,10239485
Girls,10212899
Girls,10244311
Women,10236149
Girls,10244549
Women,10245891
Unisex,10247881
Men,10235383
Girls,10239207
Girls,10237957
Women,10245919
Women,10245991
Men,10236945
Men,10237213
Boys,10239079
Men,10245301
Men,10245243
Unisex,10239559
Women,10246133
Men,10245635
Unisex,10236611
Boys,10239603
Women,10243545
Men,10237451
Men,10244953
Boys,10247193
Boys,10242281
Boys,10239295
Boys,10242451
Men,10235405
Women,10246229
Men,10239333
Women,10242721
Women,10246065
Boys,10247123
Boys,10242471
Men,10245421
Women,10242675
Girls,10244277
Boys,10247287
Women,10235645
Men,10235241
Men,10245075
Women,10237779
Women,10246215
Boys,10247237
Men,10245393
Women,10236797
Girls,10238541
Men,10247993
Women,10235895
Women,10243523
Unisex,10247877
Men,10244177
Women,10238463
Men,10241785
Women,10243989
Girls,10236739
Girls,10239241
Men,10237325
Men,10241341
Girls,10237921
Boys,10247189
Boys,10247277
Boys,10247367
Men,10240261
Women,10236543
Women,10237903
Women,10238709
Men,10236761
Boys,10238917
Women,10238631
Men,10245037
Men,10245407
Boys,10238983
Boys,10247113
Women,10236155
Women,10235899
Boys,10247257
Women,10246037
Women,10239465
Boys,10244327
Boys,10247195
Men,10237249
Unisex,10239557
Women,10235305
Women,10242647
Men,10236489
Girls,10244671
Women,10246545
Women,10236241
Men,10245689
Women,10242639
Men,10240213
Men,10245355
Men,10236107
Men,10243943
Boys,10247115
Men,10242943
Boys,10247157
Girls,10244513
Boys,10247201
Women,10239781
Women,10238395
Men,10239607
Men,10239525
Women,10243967
Women,10246003
Boys,10247221
Men,10246437
Boys,10247233
Men,10235181
Women,10236539
Men,10237203
Women,10237881
Men,10239387
Women,10235659
Women,10242193
Women,10245441
Men,10246439
Girls,10244313
Girls,10247443
Boys,10241901
Men,10238557
Women,10243483
Men,10237209
Women,10245971
Women,10238471
Men,10245045
Men,10236507
Girls,10244583
Men,10245647
Boys,10247311
Men,10242849
Boys,10247375
Men,10242855
Men,10239821
Men,10242847
Women,10247843
Men,10245845
Men,10241791
Women,10236165
Women,10242617
Women,10238469
Men,10236759
Men,10240201
Boys,10242279
Boys,10242355
Men,10244193
Boys,10247337
Women,10245941
Men,10237283
Women,10240057
Women,10243443
Women,10246011
Men,10245263
Girls,10238755
Men,10239527
Boys,10247211
Men,10245069
Boys,10238977
Girls,10244569
Men,10241795
Women,10239461
Women,10245907
Women,10246579
Women,10236549
Women,10238617
Men,10241845
Boys,10239259
Men,10245103
Boys,10247357
Women,10245933
Men,10245191
Unisex,10247963
Boys,10247365
Boys,10247359
Men,10237167
Boys,10244459
Men,10242853
Men,10241355
Men,10237233
Boys,10244577
Women,10242631
Men,10244993
Women,10246023
Women,10236803
Men,10235363
Women,10238655
Boys,10247299
Women,10240153
Boys,10247379
Women,10239445
Boys,10247209
Boys,10247223
Girls,10237915
Women,10237377
Men,10244185
Women,10245977
Girls,10241661
Women,10243467
Women,10243537
Girls,10238809
Women,10245985
Boys,10247131
Boys,10247199
Women,10235325
Men,10242895
Women,10243917
Women,10243521
Men,10245657
Boys,10247325
Women,10246965
Men,10242859
Women,10236233
Women,10242691
Unisex,10246821
Boys,10241877
Girls,10242061
Boys,10247203
Women,10247035
Unisex,10247883
Men,10244181
Men,10242833
Men,10235261
Men,10237311
Women,10239425
Women,10236547
Women,10238627
Men,10244935
Men,10244149
Boys,10247273
Men,10242869
Women,10245959
Boys,10247147
Boys,10244425
Women,10239443
Men,10237305
Women,10235349
Women,10241509
Boys,10247275
Women,10246499
Boys,10244497
Girls,10244343
Women,10235763
Men,10240227
Men,10245251
Women,10238577
Women,10243455
Boys,10247137
Girls,10246523
Men,10236389
Boys,10241683
Women,10237771
Men,10245525
Girls,10244281
Men,10239853
Men,10241771
Boys,10241973
Women,10242761
Women,10235537
Boys,10247135
Women,10236143
Girls,10239293
Girls,10242373
Women,10239479
Men,10245197
Boys,10247213
Women,10242609
Men,10244171
Women,10239449
Boys,10247141
Men,10240299
Women,10240123
Girls,10244593
Girls,10244679
Men,10242865
Boys,10244421
Men,10245819
Women,10241511
Men,10245473
Men,10245201
Boys,10247207
Women,10242665
Men,10242873
Women,10236689
Women,10239447
Women,10235293
Women,10245921
Boys,10244317
Women,10245903
Women,10242723
Boys,10242407
Girls,10247479
Men,10235369
Women,10236639
Women,10235889
Men,10239365
Women,10237055
Men,10240237
Men,10235379
Men,10236119
Boys,10242309
Men,10238671
Men,10245105
Girls,10237951
Men,10242843
Women,10235509
Women,10235345
Women,10235945
Women,10242705
Boys,10247133
Women,10235413
Women,10235661
Women,10236209
Boys,10242397
Boys,10247159
Men,10245837
Men,10244957
Men,10244175
Men,10238687
Men,10244125
Women,10235301
Women,10245913
Women,10237991
Men,10239897
Boys,10238843
Men,10236393
Men,10245479
Women,10235519
Girls,10242261
Unisex,10235563
Girls,10244691
Boys,10244401
Men,10242875
Boys,10247229
Women,10247025
Women,10239427
Men,10237327
Men,10238673
Women,10245893
Women,10239411
Women,10235327
Women,10239453
Women,10246115
Women,10235331
Women,10236207
Boys,10247121
Boys,10247313
Women,1024128
Men,10235355
Boys,10247185
Women,10237907
Women,10236211
Women,10239435
Girls,10241531
Men,10247655
Women,10242629
Boys,10247315
Boys,10238887
Women,10242645
Boys,10247295
Men,10245125
Men,10241783
Men,10235165
Women,10238571
Men,10242835
Men,10242861
Women,10240155
Women,10239487
Boys,10244605
Boys,10244581
Women,10246081
Women,10238421
Boys,10247125
Boys,10238799
Women,10242641
Men,10237425
Boys,10247227
Women,10237785
Boys,10239005
Women,10246089
Women,10235337
Women,1024119
Men,10236025
Boys,10239063
Men,10242891
Boys,10247307
Women,10239471
Women,10236147
Women,10247611
Men,10246199
Men,10245193
Girls,10242971
Women,10236783
Men,10241315
Men,10239617
Girls,10238927
Women,10238553
Men,10242871
Women,10241517
Women,10243959
Women,10235343
Boys,10247345
Women,10242701
Women,10235297
Women,10235317
Girls,10244669
Girls,10244385
Boys,10247155
Boys,10247377
Men,10237259
Men,10245417
Women,10246123
Women,10246069
Men,10246637
Men,10237315
Women,1024538
Men,10237415
Girls,10237959
Boys,10247259
Boys,10247251
Men,10238569
Men,10235951
Men,10242917
Men,10242139
Men,10244939
Women,10236153
Women,10246015
Women,10246487
Girls,10238319
Men,10236383
Women,10246161
Unisex,10239555
Boys,10242391
Boys,10244325
Boys,10239099
Women,10236589
Women,10237713
Men,10245335
Women,10239467
Women,1024130
Women,10235351
Boys,10247393
Men,10245053
Boys,10247397
Women,10246747
Women,10235311
Men,10245155
Men,10237195
Women,10235641
Men,10245271
Women,10239497
Men,10247807
Women,10239847
Men,10247989
Women,10237783
Men,10236397
Women,10246145
Women,10235323
Women,10246583
Men,10245831
Women,10238599
Women,10238701
Women,10235295
Unisex,10247875
Boys,10238981
Men,10246193
Men,10245869
Men,10237183
Men,10236093
Boys,10247383
Girls,10244483
Women,10243995
Girls,10241719
Boys,10244287
Women,10242615
Girls,10244469
Boys,10244303
Men,10246445
Boys,10247217
Women,10241047
Girls,10238793
Boys,10247347
Boys,10244575
Men,10244855
Women,10243973
Boys,10242393
Men,10245343
Women,10245997
Boys,10247267
Women,10237777
Men,10235979
Women,10234851
Men,10236405
Women,10243575
Men,10237323
Women,10239491
Boys,10247401
Girls,10238801
Men,10246505
Women,10246549
Unisex,10239561
Boys,10247119
Girls,10239049
Men,10241807
Unisex,10235561
Boys,10247335
Boys,10247181
Boys,10238749
Unisex,10247879
Women,10236179
Women,10236231
Women,10235579
Boys,10241953
Girls,10238321
Women,10243463
Men,10242863
Women,10239431
Women,10246043
Boys,10247309
Girls,10244301
Unisex,10239619
Women,10237675
Men,10241325
Women,10235333
Men,10247619
Women,10238413
Girls,10237917
Men,10245357
Women,10236535
Women,10239423
Women,10235903
Men,10245225
Boys,10247109
Girls,10244381
Women,10235651
Women,10245961
Girls,10242537
Women,10236821
Women,10246001
Women,10246029
Boys,10247143
Girls,10237967
Boys,10239187
Boys,10247177
Unisex,10239565
Men,10241797
Women,10235321
Girls,10244457
Men,10235375
Women,10236545
Women,10242607
Women,10236551
Women,10235653
Boys,10247271
Men,10235371
Women,10236603
Women,10237003
Men,10245283
Boys,10239115
Women,10237899
Women,10242673
Men,10239511
Boys,10242337
Women,10235639
Men,10234889
Women,10242711
Women,10235591
Girls,10244525
Women,10235307
Girls,10242513
Women,10243433
Women,10246077
Women,10237729
Men,10245183
Girls,10245789
Women,10247041
Women,10246415
Women,10235533
Boys,10247243
Women,10236829
Men,10244995
Men,10241789
Boys,10242347
Boys,10241569
Girls,10237931
Women,10246155
Women,10245987
Men,10241779
Boys,10244447
Women,10246589
Women,10241073
Boys,10247293
Women,10238663
Men,10242953
Men,10236403
Women,10235657
Women,10236171
Men,10236755
Boys,10247235
Women,10239415
Men,10236385
Women,10241411
Men,10239839
Men,10245871
Boys,10244373
Men,10244179
Boys,10242321
Women,10246035
Women,10239483
Girls,10244579
Women,10236695
Men,10245409
Men,10236439
Men,10244985
Women,10243471
Men,10236475
Boys,10235675
Men,10236099
Men,10237175
Girls,10244683
Women,10245889
Girls,10247471
Men,10237197
Women,10237653
Girls,10244377
Women,10239455
Men,10245823
Men,10245227
Women,10246993
Women,10235647
Men,10238563
Women,10246107
Women,10237909
Men,10245849
Unisex,10247885
Men,10245109
Boys,10247353
Girls,10241697
Men,10245413
Men,10245827
Women,10247011
Women,10242709
Men,10245477
Men,10235961
Women,10244851
Men,10236115
Boys,10247139
Men,10239615
Women,10235725
Men,10240187
Women,10247017
Women,10238451
Men,10245265
Women,10241507
Boys,10242359
Men,10245035
Boys,10238753
Women,10246639
Women,10237901
Women,10236951
Boys,10247391
Women,10242659
Girls,10244431
Men,10236101
Boys,10247363
Women,1024129
Women,10247039
Men,10245867
Women,10246453
Women,10235523
Women,10235291
Boys,10247285
Women,10238485
Men,10246447
Girls,10242467
Men,10245121
Women,10236583
Girls,10239385
Women,10235901
Men,10236467
Men,10247615
Men,10245853
Men,10245173
Men,10244199
Women,10247027
Women,10246085
Boys,10247179
Women,10246159
Girls,10247433
Boys,10247175
Men,10236459
Girls,10247483
Women,10235893
Men,10242857
Men,10245143
Men,10245285
Boys,10247343
Women,10235421
Men,10241817
Boys,10247371
Women,10238487
Men,10245239
Women,10246963
Boys,10238985
Women,10235493
Boys,10247263
Women,10242681
Boys,10239047
Women,10246999
Unisex,10236615
Boys,10241609
Women,10243509
Men,10246435
Men,10245077
Boys,10242509
Women,10246959
Men,10241801
Women,10245911
Women,10236161
Women,10236839
Women,1024110
Girls,10238823
Men,10238561
Women,10241519
Men,10244959
Girls,10239257
Men,10236443
Men,10235367
Boys,10247395
Men,10245465
Men,10242829
Women,10236559
Men,10242899
Women,10243435
Women,10245885
Men,10237261
Girls,10237911
Men,10236109
Unisex,10239563
Boys,10244489
Boys,10247333
Men,10241787
Women,10246473
Men,10245709
Men,10237427
Women,10238649
Men,10240005
Boys,10247323
Men,10240225
Women,10245937
Boys,10241933
Men,10241775
Girls,10244371
Women,10246137
Men,10245817
Men,10235389
Women,10246167
Boys,10244677
Girls,10247475
Boys,10247129
Women,10235299
Girls,10237965
Women,10240097
Women,10235907
Men,10236113
Women,1024125
Boys,10247279
Women,10235539
Boys,10247351
Boys,10247247
Women,10236157
Unisex,10236609
Women,10235339
Women,10246111
Women,10238397
Girls,10244699
Boys,10247265
Women,10236169
Men,10245401
Boys,10247339
Women,10238555
Women,10240049
Men,10241793
Men,10245087
Women,10245917
Boys,10247245
Men,10245259
Boys,10247183
Women,10239871
Boys,10247331
Boys,10238849
Women,10235665
Boys,10247261
Men,10242883
Boys,10247167
Women,10243441
Girls,10242419
Men,10236433
Women,10243563
Women,10243499
Women,10240081
Women,10239459
Boys,10238807
Women,10246009
Women,10245983
Girls,10238937
Girls,10242255
Women,10242611
Women,1024121
Women,10246225
Men,10245151
Men,10246443
Girls,10241659
Women,10238549
Men,10236939
Women,10236141
Women,10241405
Women,10240085
Women,10245947
Men,10245859
Women,10235649
Men,10244145
Men,10237269
Women,10235891
Women,10247001
Women,10238605
Boys,10247197
Boys,10242329
Women,10237897
Women,10235303
Women,10236183
Women,10240047
Men,10242837
Boys,10247255
Boys,10244595
Women,10235309
Boys,10247355
Women,10239469
Boys,10242287
Women,10243473
Women,10236159
Boys,10247389
Women,10235583
Women,10243479
Men,10245051
Men,10245139
Men,10245157
Boys,10247385
Men,10244137
Men,10245195
Boys,10239045
Women,10235727
Women,10242677
Women,10243987
Men,10245349
Men,10245515
Men,10245539
Men,10245521
Men,10236505
Women,10239413
Girls,10244341
Men,10245461
Men,10245865
Women,10246991
Women,10246059
Boys,10247283
Men,10245093
Girls,10239073
Women,10239463
Women,10246093
Men,10246449
Women,10247031
Men,10237431
Boys,10242395
Women,10239473
Women,10243457
Boys,10247387
Women,10235723
Women,10238505
Women,10237905
Women,10242679
Men,10242879
Men,10245857
Women,10243977
Boys,10247369
Women,10236177
Men,10244107
Women,10237073
Men,10245159
Men,10246441
Boys,10247169
Men,10247579
Women,10247853
Women,10242627
Men,10238683
Women,10242603
Women,10246451
Men,10235441
Girls,10244443
Men,10236485
Girls,10244453
Women,10235319
Women,10243979
Boys,10244203
Girls,10244695
Women,1024559
Men,10241331
Men,10245825
Women,10239429
Women,10239437
Girls,10244285
Girls,10244681
Women,10238407
Boys,10242429
Boys,10247291
Women,10246989
Girls,10244523
Girls,10242449
Women,10235643
Women,10237651
Women,10236163
Women,10242685
Men,10245509
Women,10242703
Women,10235313
Women,10246477
Men,10245839
Men,10235385
Boys,10239219
Girls,10242439
Women,10239489
Women,10244003
Women,10246205
Women,10238547
Men,10241819
Boys,10246803
Men,10245063
Women,10239875
Women,10246425
Men,10244975
Boys,10247269
Women,10246157
Boys,10238803
Women,10238493
Boys,10238833
Women,10239441
Boys,10247149
Women,10241525
Boys,10242433
Boys,10247215
Women,10247015
Women,10246091
Women,10247005
Women,10245999
Women,10246455
Boys,10247253
Men,10245353
Men,10247649
Men,10247703
Men,10246525
Men,10236097
Women,10236555
Women,10245935
Women,10242657
Women,10236641
Girls,10238907
Women,10235761
Boys,10238979
Women,10240109
Boys,10247281
Men,10241781
Boys,10247303
Men,10238675
Boys,10242345
Women,10243983
Men,10238567
Women,10239433
Women,10235347
Boys,10242289
Women,10237987
Men,10235395
Boys,10239123
Men,10236431
Men,10240231
Women,10247605
Women,10246013
Women,10239409
Boys,10247219
Girls,10247429
Men,10247997
Women,10186693
Men,10247985
Men,10188579
Unisex,10257997
Men,10187669
Men,10249101
Men,10248341
Boys,10258525
Women,10248493
Men,10260403
Boys,10254017
Women,10252613
Boys,10256887
Men,10254613
Boys,10257011
Boys,10257023
Men,10253101
Women,10258381
Unisex,10257993
Unisex,10253605
Boys,10256541
Unisex,10248649
Unisex,10252419
Women,10253753
Boys,10257545
Men,10248139
Boys,10256565
Men,10252621
Boys,10256921
Unisex,10253071
Women,10252619
Boys,10256967
Men,10248387
Men,10248509
Unisex,10248465
Boys,10255667
Women,10249019
Boys,10256409
Women,10258609
Boys,10255415
Boys,10255805
Boys,10256631
Boys,10254037
Boys,10256507
Men,10248267
Boys,10255633
Boys,10258517
Men,10254387
Unisex,10253231
Boys,10255847
Women,10260115
Women,10260199
Women,10259835
Boys,10256961
Boys,10257019
Women,10253997
Men,10252601
Boys,10255687
Boys,10255833
Boys,10256559
Unisex,10258001
Boys,10256885
Men,10248501
Men,10248051
Unisex,10252447
Men,10253661
Unisex,10255519
Boys,10256511
Women,10252711
Men,10248673
Unisex,10248337
Boys,10255591
Boys,10257017
Unisex,10248687
Unisex,10248203
Men,10260149
Boys,10256379
Girls,10260239
Men,10252775
Unisex,10253057
Women,1025062
Men,10248557
Women,10248977
Women,10259291
Men,10252567
Boys,10255835
Men,10255057
Men,10258861
Girls,10256973
Boys,10256423
Women,10248447
Women,10260567
Boys,10258421
Men,10260135
Unisex,10248539
Women,10250607
Boys,10255469
Boys,10255465
Boys,10255793
Boys,10256949
Men,10248411
Unisex,10253421
Girls,10250621
Boys,10255463
Girls,10255839
Women,10258213
Girls,10255819
Men,10248503
Women,10252017
Men,10254399
Unisex,10252943
Boys,10256929
Women,10259285
Women,10258359
Unisex,10248313
Women,10260343
Boys,10255497
Women,10251081
Boys,10255487
Boys,10255885
Unisex,10248485
Boys,10255619
Women,10248955
Men,10259963
Boys,10256937
Men,10248425
Men,10250803
Women,10255037
Boys,10255473
Women,10252845
Women,10260043
Unisex,10253427
Men,10253435
Boys,10255759
Women,10260313
Boys,10256487
Men,10252591
Women,10251279
Women,10248281
Unisex,10248663
Boys,10255563
Men,10248867
Men,10250037
Women,10248667
Women,10253599
Men,10254083
Women,10258127
Boys,10257031
Men,10255185
Boys,10256457
Boys,10255461
Girls,10255755
Men,10256709
Women,10249025
Women,10248935
Women,1025060
Women,10258823
Boys,10256503
Boys,10256467
Women,10248731
Men,10248589
Unisex,10258367
Unisex,10252999
Men,10255189
Men,10252473
Women,10256843
Boys,10256473
Women,10248895
Unisex,10248335
Boys,10255395
Women,10249075
Unisex,10248665
Boys,10255677
Boys,10256593
Men,10248091
Men,10250433
Women,10252869
Unisex,10253541
Unisex,10253211
Men,10250887
Men,10252561
Men,10259957
Women,10248671
Boys,10254025
Women,10250643
Girls,10251013
Boys,10257041
Men,10254401
Men,10259035
Women,10258617
Men,10248037
Unisex,10248355
Women,10251869
Boys,10257047
Unisex,10252799
Women,10251139
Boys,10256499
Women,10260171
Girls,10256879
Unisex,10253269
Men,10255053
Men,10249927
Men,10254367
Boys,10254023
Women,10260179
Boys,10256513
Boys,10254021
Boys,10254043
Boys,10256465
Women,10255013
Men,10259631
Boys,10255611
Women,10260563
Women,1025056
Women,10258105
Men,10248605
Men,10248789
Women,10256017
Boys,10255443
Boys,10255511
Men,10259997
Boys,10255831
Men,10257411
Men,10249417
Boys,10260233
Women,10252617
Women,10248967
Women,10252509
Boys,10255761
Boys,10256387
Women,10260189
Men,10248215
Women,10252693
Boys,10255377
Unisex,10255537
Boys,10255699
Unisex,10258049
Unisex,10252795
Girls,10255615
Boys,10256577
Women,10259979
Men,10258857
Unisex,10248457
Boys,10256627
Women,10251057
Men,10250831
Unisex,10252801
Women,10252723
Boys,10255551
Boys,10255695
Men,10252859
Girls,10256873
Men,10248005
Boys,10256915
Boys,10256479
Girls,10255567
Men,10248865
Men,10248861
Girls,10255501
Boys,10255577
Boys,10255431
Men,10250879
Women,10248881
Boys,10257013
Men,10256671
Unisex,10253007
Women,10260173
Unisex,10253055
Women,10259671
Boys,10255365
Boys,10255857
Boys,10256993
Girls,10256941
Men,10259623
Women,10260181
Girls,10256969
Women,10260207
Unisex,10248269
Women,10252731
Women,10260197
Boys,10256505
Men,10253145
Men,10250809
Unisex,10253151
Boys,10256439
Women,10248939
Men,10248247
Men,10254409
Men,10252609
Unisex,10248273
Women,10249027
Men,10249389
Men,10249305
Men,10252545
Men,10259491
Men,10254487
Boys,10255597
Men,10248003
Men,10248031
Unisex,10258017
Girls,10256469
Women,10258911
Women,10248899
Women,10251919
Women,1025447
Boys,10255557
Men,10254365
Men,10255047
Men,10249115
Boys,10256957
Women,10256325
Boys,10255727
Boys,10254187
Men,10256697
Women,10256841
Men,10256663
Men,10253695
Boys,10256867
Men,10256717
Unisex,10253221
Men,10259987
Men,10249263
Men,10248349
Men,10259467
Boys,10254261
Unisex,10252759
Women,10248885
Men,10253655
Women,10256055
Men,10254405
Men,10252497
Men,10260113
Boys,10256543
Men,10248049
Women,10251547
Men,10253531
Men,10252481
Men,10253617
Men,10256711
Women,10251143
Boys,10255739
Women,10258387
Boys,10255853
Women,10253265
Boys,10255603
Men,10258859
Women,10253041
Boys,10255711
Unisex,10252453
Men,10255179
Boys,10255637
Women,10257743
Men,10252513
Unisex,10248227
Women,10259861
Women,10256829
Boys,10255773
Boys,10254245
Women,10252717
Boys,10260231
Men,10248321
Men,10253035
Women,10256035
Men,10253623
Men,10260011
Boys,10256629
Women,10258193
Boys,10255817
Girls,10256947
Women,10252699
Unisex,10258011
Men,10250829
Boys,10256359
Boys,10254045
Men,10256733
Men,10248087
Men,10260089
Boys,10256361
Unisex,10258041
Men,10248155
Boys,10255779
Men,10249485
Boys,10255841
Girls,10260245
Boys,10257001
Men,10252989
Women,10252663
Men,10248531
Men,10253683
Boys,10256905
Boys,10255413
Boys,10254243
Unisex,10248323
Men,10248405
Men,10249327
Women,10258385
Men,10255209
Boys,10257003
Boys,10255429
Boys,10255561
Women,10248969
Women,10254771
Men,10256723
Boys,10255575
Men,10259985
Boys,10255651
Women,10248101
Women,10248479
Unisex,10252777
Unisex,10252455
Men,10259457
Men,10254373
Men,10249153
Men,10255071
Women,10258233
Boys,10256493
Boys,10255585
Men,10254397
Men,10256685
Boys,10255703
Men,10255205
Boys,10255849
Boys,10256451
Men,10260133
Men,10248569
Men,1025260
Men,10248161
Women,10260203
Men,10258865
Men,10253701
Boys,10255411
Men,10259961
Women,10260569
Women,10260193
Boys,10257029
Men,10260123
Women,10253053
Men,10252911
Men,10254587
Girls,10257049
Women,10248931
Unisex,10258031
Men,10248021
Boys,10255373
Women,10252697
Men,10252487
Men,10248723
Women,10260561
Men,10254667
Men,10259619
Unisex,10252445
Men,10248017
Boys,10255401
Boys,10256617
Men,10248417
Boys,10256861
Boys,10258533
Unisex,10252441
Boys,10260251
Boys,10254183
Boys,10254039
Men,10258853
Boys,10255439
Unisex,10248261
Women,10248093
Boys,10255743
Women,10259675
Men,10255073
Women,10258103
Women,10251115
Women,10248909
Women,10253963
Women,10259915
Women,10248889
Men,10249387
Women,10260103
Men,10256649
Women,10253387
Boys,10256945
Women,10248305
Boys,10256371
Women,10248905
Unisex,10252957
Boys,10254051
Women,10253725
Women,10252555
Men,10259397
Boys,10256963
Men,10254383
Boys,10255641
Women,10260143
Boys,10255437
Men,10248053
Men,10248147
Boys,10255505
Boys,10256983
Men,10250689
Men,10248141
Unisex,10248159
Men,10250653
Men,10248025
Boys,10255477
Men,10250033
Men,10259443
Men,10249279
Unisex,10252423
Men,10253477
Women,10248971
Girls,10256611
Women,10260289
Women,10260117
Women,10256015
Women,10258195
Men,10255045
Boys,10255783
Boys,10255663
Men,10248331
Women,10252735
Women,10253749
Women,10248941
Women,10255999
Boys,10256433
Men,10252519
Boys,10256977
Girls,10255795
Men,10253467
Men,10260013
Men,10256677
Boys,10256931
Women,10260293
Women,10249015
Unisex,10252425
Unisex,10257979
Men,10249215
Men,10248437
Women,10259879
Women,10252673
Men,10252579
Men,10253399
Men,10260039
Men,10255059
Women,10248877
Men,10255061
Boys,10255441
Unisex,10255917
Men,10248381
Boys,10255479
Women,10260323
Women,10256059
Women,10251141
Women,10253773
Women,10248495
Men,10260429
Men,10250647
Men,10248659
Men,10253161
Women,10256847
Men,10248365
Women,10254773
Men,10252805
Women,10258365
Men,10248187
Women,10248915
Men,10248523
Women,10256827
Men,10248013
Men,10250019
Boys,10255659
Men,10253177
Unisex,10252749
Men,10249299
Boys,10255571
Women,10260175
Women,10260209
Men,10248001
Boys,10260221
Unisex,10252849
Men,10250787
Men,10260009
Girls,10256991
Men,10254589
Women,10255963
Women,10260315
Women,10258373
Men,10255181
Men,10248063
Men,10249517
Boys,10254241
Women,10260195
Women,10252725
Unisex,10253227
Women,10248925
Boys,10255399
Women,10248995
Unisex,10253097
Boys,10256389
Women,10252595
Men,10255203
Boys,10256557
Boys,10256859
Men,10256661
Women,10254767
Men,10254565
Women,10258133
Unisex,10252997
Men,10256737
Boys,10256401
Unisex,10252919
Men,10260007
Unisex,10252439
Women,10253241
Boys,10256857
Girls,10255693
Men,10260053
Boys,10256485
Women,10260279
Men,10253469
Men,10255065
Boys,10255887
Boys,10254041
Men,10258873
Men,10248373
Men,10248055
Women,10248721
Men,10248015
Women,10258369
Men,10248361
Men,10248363
Boys,10256529
Men,10249491
Girls,10250619
Women,10253201
Men,10249357
Men,10249369
Unisex,10253023
Boys,10255723
Men,10260475
Men,10248573
Men,10253569
Women,10248917
Unisex,10252433
Women,10253761
Men,10248237
Women,10259939
Boys,10256509
Men,10254489
Men,10260085
Women,10251903
Boys,10256971
Boys,10255861
Women,10251421
Men,10260151
Boys,10256579
Boys,10256461
Women,10255959
Boys,10256567
Women,10260309
Boys,10255713
Boys,10256571
Women,10259877
Women,10253767
Women,10258273
Boys,10255837
Unisex,10248713
Women,10253229
Unisex,10254201
Boys,10256599
Unisex,10255909
Boys,10256639
Men,10255043
Women,10253975
Boys,10255825
Women,10258363
Men,10254375
Women,10251167
Unisex,10252863
Men,10254403
Boys,10256399
Men,10254379
Girls,10256987
Unisex,10259381
Men,10253649
Women,10258405
Boys,10256383
Boys,10255879
Boys,10256435
Girls,10250615
Boys,10256985
Men,10255067
Women,10251419
Boys,10256525
Boys,10256911
Women,10258355
Women,10253275
Unisex,10252927
Boys,10255671
Men,10260451
Men,10259959
Men,10248153
Unisex,10252655
Men,10252565
Men,10254369
Men,10260057
Girls,10256975
Boys,10257025
Women,10252709
Women,10248879
Girls,10255767
Boys,10254049
Boys,10256531
Unisex,10258027
Men,10248173
Boys,10257547
Women,10254135
Women,10259855
Boys,10255579
Men,10259965
Women,10259953
Men,10248023
Women,10260021
Men,10248145
Men,10249173
Boys,10255375
Girls,10255599
Men,10255069
Men,10248389
Women,10258611
Unisex,10258379
Unisex,10257983
Women,10259999
Men,10250081
Boys,10256581
Boys,10255503
Boys,10256865
Boys,10256613
Boys,10255653
Unisex,10252855
Men,10259479
Boys,10256445
Boys,10255697
Women,10256053
Men,10256675
Unisex,10252451
Men,10252499
Girls,10256955
Girls,10256927
Men,10256703
Unisex,10248407
Boys,10257045
Boys,10255379
Women,1025451
Boys,10256979
Boys,10256417
Boys,10255435
Unisex,10253239
Boys,10256545
Men,10252607
Unisex,10257999
Men,10253615
Men,10254679
Men,10248165
Girls,10255707
Men,10248029
Unisex,10248639
Boys,10257007
Men,10256645
Women,10252729
Men,10250797
Boys,10255717
Men,10248827
Women,10257755
Boys,10256475
Boys,10256889
Unisex,10253457
Men,10248819
Unisex,10253031
Unisex,10250447
Boys,10255775
Women,10249047
Men,10255077
Men,10248297
Boys,10255565
Men,10252593
Men,10253857
Boys,10254029
Girls,10256863
Women,10252713
Boys,10255407
Women,10258123
Men,10248151
Women,10260557
Women,10256831
Men,10248403
Unisex,10248487
Women,10252689
Women,10249009
Women,10258063
Unisex,10248409
Men,10258877
Women,10251105
Men,10255177
Unisex,10258371
Girls,10258543
Women,10259673
Women,10253973
Boys,10257027
Boys,10255481
Boys,10256899
Girls,10256851
Men,10260137
Women,10260139
Women,10248997
Women,10259945
Women,10258247
Men,10253499
Men,10249269
Girls,10256999
Women,10259831
Men,10249251
Women,10258615
Girls,10256903
Boys,10258409
Boys,10260227
Men,10259411
Men,10249415
Women,10253775
Women,10258353
Girls,10256981
Girls,10257009
Women,10258093
Women,10258235
Men,10248311
Boys,10255553
Women,10251889
Unisex,10253017
Women,10258357
Boys,10255789
Men,10248679
Men,10248783
Girls,10255639
Men,10252563
Men,10253527
Boys,10256595
Boys,10254047
Women,10252681
Unisex,10248375
Men,10254391
Boys,10255507
Girls,10256881
Boys,10256563
Women,10252933
Men,10256689
Women,10249049
Men,10250039
Men,10259949
Men,10254381
Men,10260141
Women,10260581
Unisex,10248157
Men,10250881
Girls,10255409
Men,10253533
Boys,10257543
Boys,10256607
Women,10251581
Men,10248603
Unisex,10252443
Girls,10258413
Boys,10254027
Boys,10256421
Unisex,10248351
Unisex,10253199
Men,10248579
Women,10260105
Boys,10256471
Women,10252719
Women,10251159
Men,10254553
Men,10248491
Boys,10255545
Men,10248301
Women,10260033
Boys,10255665
Men,10260101
Women,10251915
Men,10254389
Men,10248547
Boys,10255871
Girls,10255921
Men,10259427
Boys,10256539
Men,10248061
Men,10253395
Girls,10256923
Women,10253247
Girls,10256935
Boys,10255851
Boys,10255801
Boys,10254019
Boys,10255709
Unisex,10252837
Boys,10255869
Women,10260187
Men,10256647
Boys,10260243
Girls,10258523
Men,10256739
Men,10260047
Women,10259565
Men,10249437
Women,10254057
Unisex,10253129
Women,10249037
Boys,10256441
Boys,10256385
Boys,10254035
Boys,10256497
Men,10254593
Boys,10256573
Women,10260329
Women,10260573
Men,10252525
Boys,10254031
Women,10258259
Women,10260191
Unisex,10255543
Women,10252727
Men,10250061
Boys,10256463
Girls,10256997
Boys,10255747
Women,10255989
Women,10249055
Men,10254385
Women,10260301
Men,10250387
Men,10249451
Men,10260119
Boys,10255601
Men,10248221
Men,10253451
Boys,10256901
Boys,10256917
Women,10258249
Men,10248059
Boys,10257037
Boys,10256377
Men,10248703
Unisex,10253197
Girls,10256895
Men,10260055
Boys,10255803
Women,10252701
Men,10252887
Boys,10255771
Boys,10256587
Women,10248959
Girls,10256919
Boys,10254239
Boys,10254055
Men,10256673
Girls,10255705
Women,10259677
Men,10260409
Boys,10256415
Unisex,10252789
Men,10255051
Women,10258229
Men,10256701
Men,10254551
Boys,10255751
Boys,10255515
Men,10248085
Women,10258099
Women,10258139
Men,10248553
Women,10248883
Men,10236763
Boys,10255513
Men,10266865
Men,10266795
Men,10250811
Men,10235963
Men,10274511
Unisex,10263793
Men,10268141
Women,1026725
Men,10267795
Men,10263929
Women,10266019
Women,1026809
Men,10266825
Men,10268007
Men,10274565
Men,10263897
Men,10274687
Men,10268295
Men,10274745
Women,10261951
Girls,10261181
Women,10261931
Men,10267651
Women,10266661
Women,10266601
Women,10274079
Men,10267671
Women,10261863
Men,10262881
Women,10266013
Women,10270053
Men,10265059
Women,1026811
Women,10275103
Men,10266973
Men,10266809
Men,10268215
Women,1026831
Women,1027019
Men,10264691
Men,10263333
Men,10266897
Men,10267851
Women,10270961
Men,10267095
Women,1026719
Men,10262065
Men,10266807
Women,10262005
Men,10266827
Women,1027068
Women,10275139
Men,10264403
Men,10268137
Men,10262089
Men,10268121
Women,10261755
Women,1026765
Men,10274785
Women,10266005
Women,10262449
Women,10261989
Women,10261917
Men,10268105
Women,10273999
Men,10265113
Women,10274671
Men,10266941
Men,10267735
Men,10264207
Men,10268397
Unisex,10263795
Men,10266637
Men,10268287
Women,10266045
Unisex,10263323
Men,10267989
Women,10272239
Women,10261555
Women,1026827
Women,10274899
Women,10262013
Men,10265057
Men,10265153
Men,10265297
Women,1026434
Women,10265451
Men,10268159
Women,1027018
Women,10265683
Men,10267881
Women,10261763
Women,10271987
Women,1027090
Girls,10268827
Women,10260589
Men,10262853
Women,1026847
Men,10262865
Women,10261891
Unisex,10262317
Men,10268387
Men,10274349
Men,10266951
Men,10266859
Women,10261731
Men,10264689
Women,1026771
Unisex,10263813
Men,10266981
Men,10265135
Men,10263185
Men,10266997
Men,10266907
Women,1026933
Men,10262795
Men,10268089
Women,10266011
Women,10266625
Men,10266801
Women,10271401
Women,10261913
Unisex,10262305
Men,10265441
Men,10268221
Women,10262387
Men,10266797
Men,10264839
Men,10264371
Unisex,10263313
Women,10261739
Men,10274495
Men,10274569
Men,10264121
Men,10274441
Men,10267709
Men,10274447
Men,10274555
Unisex,10262345
Men,10267003
Women,10265919
Women,10274393
Men,10274489
Men,10266791
Boys,10261291
Women,10273985
Men,10263517
Men,10274525
Men,1027237
Women,10265929
Women,10266023
Unisex,10263785
Men,10274743
Men,10267791
Men,10274623
Women,10274905
Women,10275121
Women,10266653
Women,10274855
Women,1026769
Men,10262125
Men,10266823
Men,10265139
Girls,10261293
Women,10274847
Women,10274859
Men,10262879
Women,1026777
Women,10261991
Women,10261673
Women,10265467
Women,1026819
Women,1027089
Women,1026757
Men,10274471
Men,10264273
Men,10266925
Women,10263005
Women,10263009
Women,10262423
Women,10269883
Women,1026793
Men,10267899
Women,10264535
Men,10274563
Women,1026918
Women,1027083
Women,10274313
Women,10270919
Women,10266699
Women,10261993
Women,10266315
Men,10274433
Women,10266003
Unisex,10265867
Women,10263037
Men,10266979
Women,10261773
Men,10267803
Unisex,10262311
Men,10262867
Women,10274099
Men,10266917
Women,10265999
Women,1026711
Men,10274907
Men,10262863
Women,10261879
Men,10267697
Women,10266609
Women,10263061
Men,10264231
Men,10268171
Women,10261723
Women,10266279
Women,10266647
Women,10264575
Men,10267763
Men,10267633
Women,1026857
Men,10268461
Men,10268385
Men,10274779
Men,10267945
Men,10262947
Women,1027086
Women,10261713
Men,10267813
Men,10271357
Women,10262413
Women,1027007
Women,1026755
Men,10266919
Women,10274875
Unisex,10263769
Men,10262137
Men,10262895
Women,10274891
Men,10268463
Men,10265263
Men,10267871
Women,10261697
Men,10268335
Women,10274051
Women,10263095
Men,10268437
Men,10262169
Men,10268415
Men,10274339
Women,10264519
Men,10262869
Men,10274275
Women,10265977
Women,10266635
Men,10266491
Women,10266737
Women,1027085
Men,10266841
Women,10264785
Women,10266711
Women,10261557
Women,1026914
Women,1026957
Women,10263021
Unisex,10262323
Women,10273997
Women,10262025
Unisex,10262251
Men,10264141
Unisex,10263773
Men,10268173
Men,10266883
Men,10267963
Boys,10261317
Women,10273991
Women,1026998
Women,1026904
Women,1027058
Women,10270979
Girls,1027295
Women,1027066
Men,10274279
Men,10274469
Men,10265043
Women,10261867
Women,10266731
Men,10266813
Men,10268499
Women,10261921
Men,10263213
Men,10264649
Men,10268555
Women,10274069
Unisex,10263833
Men,10274761
Women,10265383
Women,10261729
Women,1027076
Women,1027012
Men,10267917
Men,10267995
Women,10265487
Women,10274065
Women,10266643
Men,10262837
Women,10275089
Boys,10261619
Women,1027002
Women,10274013
Men,10267699
Women,10261849
Women,10261887
Women,10261559
Women,1026713
Women,10265419
Women,10267513
Men,10268869
Men,10262161
Women,10265445
Women,10265985
Men,10262781
Men,10264389
Men,10268249
Men,10266959
Women,10266521
Men,10266889
Men,10268061
Women,1026731
Men,10264215
Men,10264323
Men,10268423
Men,10268003
Men,10262053
Men,10268477
Men,10263197
Men,10262109
Girls,10267589
Women,10273987
Men,10274765
Women,1027074
Men,10262117
Women,10274015
Women,10263017
Unisex,10263807
Men,10267939
Women,1027017
Women,10261801
Women,10261963
Women,10270099
Women,10265935
Men,10266877
Men,10268279
Women,1026911
Women,10274003
Women,10260611
Men,10266893
Women,1026703
Women,10266945
Women,10262003
Women,10262407
Men,10268507
Men,10267857
Men,10274503
Men,10264865
Women,10261927
Men,10265325
Women,10265369
Women,10266329
Men,10268365
Men,10264063
Women,10275137
Unisex,10265887
Men,10266929
Men,10274477
Men,10268301
Men,10264429
Men,10267007
Men,10262143
Men,10267843
Men,10268315
Unisex,10263783
Women,10274419
Unisex,10263799
Men,10268077
Girls,10268825
Men,10265133
Men,10268157
Men,10266863
Boys,10261295
Men,10266901
Women,1027022
Women,1026887
Women,10270903
Men,10264249
Men,10268201
Men,10271659
Men,10267097
Women,10270933
Men,10268809
Men,10266857
Men,10267681
Women,10274101
Men,10274459
Women,10261985
Unisex,10263823
Men,10266949
Women,1026994
Women,10270967
Men,10266785
Women,10274645
Unisex,10262259
Men,10265303
Men,10274603
Men,10264901
Women,10261573
Men,10262085
Women,1026987
Women,1026981
Women,10275099
Men,10268119
Women,10265461
Women,10274211
Men,10265231
Men,10268427
Women,10261907
Boys,10261263
Women,10275131
Women,10274047
Women,10274105
Women,10274041
Women,10266743
Unisex,10262307
Women,10261997
Women,1027005
Women,10269809
Women,10275101
Women,10261861
Women,1027006
Women,1026735
Women,10266705
Men,10267673
Men,10267785
Men,10268405
Women,1027084
Men,10268429
Women,1027016
Girls,10261185
Men,10266789
Men,10263941
Women,10270963
Men,10268071
Men,10268241
Men,10266617
Men,10264909
Unisex,10262341
Women,10266001
Women,10264511
Women,10265511
Men,10267905
Women,10274867
Men,10264873
Women,10274009
Women,10265469
Men,10268195
Men,10267895
Women,10270923
Men,1027232
Men,10267885
Unisex,10263311
Men,10266847
Men,10264633
Women,1026991
Women,10266273
Men,10274463
Men,10274461
Women,1026705
Women,1026926
Men,10274507
Women,10266631
Women,10270971
Men,10266873
Men,10264655
Men,10267621
Women,10274075
Unisex,10263789
Men,10267849
Men,10263425
Women,10262421
Women,10265499
Women,10274837
Men,10262107
Men,10268409
Men,10266937
Men,10262129
Women,10264513
Unisex,10262281
Women,1027078
Women,10261869
Women,10272123
Women,1026795
Men,10268257
Unisex,10262229
Men,10268627
Women,1026803
Men,10262087
Men,10262745
Men,10274475
Women,10271953
Men,10264171
Women,10263093
Women,10263125
Men,10265109
Men,10266895
Women,10264565
Women,10274851
Women,10270905
Men,10274465
Men,10268255
Women,10273989
Men,10271347
Women,10274903
Men,10274509
Women,10263103
Unisex,10263819
Women,10261765
Women,10270953
Men,10262083
Women,1026709
Women,10265351
Women,1026733
Girls,10265433
Men,10274777
Men,10267041
Men,10268791
Men,10266603
Men,10274493
Men,10267067
Men,10262047
Men,10262071
Women,10270907
Men,10268321
Women,10261405
Women,10270955
Men,10266799
Women,10261851
Men,10264897
Men,10271235
Women,10261873
Unisex,10261367
Women,1026805
Women,10265385
Men,10274485
Men,10271783
Men,10274521
Women,1027073
Men,10262755
Men,10267923
Men,10274455
Women,1027020
Women,10264503
Boys,10261265
Women,10263013
Women,1026716
Women,1026813
Women,10274029
Women,10261719
Girls,10266239
Women,10264741
Women,1026707
Women,10261847
Men,10267679
Men,10266773
Men,10268467
Men,10265261
Men,10261449
Women,10266547
Men,10266241
Women,10261843
Women,1026717
Men,1026423
Men,10267805
Girls,10272013
Women,10274043
Women,10266059
Men,10268147
Girls,10261205
Men,10264113
Men,10268715
Women,1027088
Women,10266623
Men,10264983
Men,10264931
Men,10268117
Men,10266837
Women,10266819
Men,10265171
Women,1026699
Men,10263143
Women,10266913
Men,10268439
Women,10265489
Women,10262017
Unisex,10262289
Men,10266903
Women,1026853
Women,1027075
Men,10263181
Men,10263145
Men,10262159
Men,10274341
Men,10266835
Unisex,10263801
Men,10267743
Men,10263399
Men,10268329
Men,10267767
Men,1027236
Men,10266871
Girls,10267605
Women,1026845
Women,10274081
Women,1026741
Women,1026875
Men,10274755
Men,10274547
Girls,10265431
Men,10267983
Boys,10261219
Women,1027014
Women,1026901
Men,10274781
Women,10266533
Women,10265465
Men,10266619
Men,10268041
Women,1027080
Men,10265137
Women,10275107
Men,10274295
Women,1026753
Women,10261845
Women,1027008
Men,10265177
Women,10261595
Men,10262843
Women,10261721
Girls,10261607
Men,10266621
Men,10265199
