brandName,productId
DKNY,10017413
EthnoVogue,10016283
SPYKAR,10009781
Raymond,10015921
Parx,10017833
SHOWOFF,10014361
Parx,10017869
SPYKAR,10009695
Parx,10000571
DKNY,10017421
Kenneth Cole,10000911
Parx,10000245
Police,10001989
Vishudh,10016727
Parx,10017749
Being Human,1000795
Homesake,10003803
SEJ by Nisha Gupta,10012765
YAK YAK,10014413
PARFAIT,10013483
Michael Kors,10001265
HIGHLANDER,10004155
SEJ by Nisha Gupta,10012795
SPYKAR,10009723
JEWEL JUNCTION,10012853
ID,10006001
Story@home,10017377
Raymond,10015839
Gini and Jony,10003123
SEJ by Nisha Gupta,10012767
Sera,10013041
AccessHer,10014831
Parx,10017831
Alcis,10002713
ID,10006029
Difference of Opinion,10005903
Parx,10017781
Michael Kors,10002151
Tokyo Talkies,10015989
ANNA SUI,10001111
HIGHLANDER,10004151
her by invictus,10007705
ID,10006041
SPYKAR,10009621
SPYKAR,10009681
Soie,10017569
Lara Karen,10001251
Gini and Jony,10003199
Story@home,10017405
PARFAIT,10013687
Urban Dog,10015163
ahilya,1000710
PARFAIT,10013541
VASTRAMAY,10002833
Difference of Opinion,10005915
Campus Sutra,10002707
FIDO DIDO,10012433
MIAH Decor,10012699
JEWEL JUNCTION,10012851
Vishudh,10016755
Urban Dog,10015159
PARFAIT,10013655
SEJ by Nisha Gupta,10012821
ID,10006073
PARFAIT,10013491
SPYKAR,10009773
SPYKAR,10009643
Raymond,10015831
BuckleUp,10014675
Peter England,10012761
AIGNER,10001887
Gini and Jony,10003179
Homesake,10003821
Campus Sutra,10017017
MIAH Decor,10012721
Gini and Jony,10003341
SEJ by Nisha Gupta,10013417
Parx,10017923
PARFAIT,10013665
Parx,10017595
Lady Lyka,10000805
SEJ by Nisha Gupta,10012769
her by invictus,10007835
JEWEL JUNCTION,10012881
PARFAIT,10013617
her by invictus,10007811
DKNY,10017427
Parx,10017899
Story@home,10017369
Parx,10017671
her by invictus,10007595
Park Avenue,10004343
Roadster,10007683
her by invictus,10007801
U.S. Polo Assn. Denim Co.,10002181
SEJ by Nisha Gupta,10012783
Gini and Jony,10003387
Sweet Dreams,10004053
Kazo,10017211
Gini and Jony,10003299
PARFAIT,10013569
Parx,10017835
Parx,10017771
ID,10006019
Stylo Bug,10002825
PARFAIT,10013703
MIAH Decor,10012713
JEWEL JUNCTION,10012875
Tokyo Talkies,10015997
SEJ by Nisha Gupta,10012771
Sera,10013055
Gini and Jony,10003213
AccessHer,10014775
Bvlgari,10002337
ahilya,1000745
SPYKAR,10009685
FIDO DIDO,10012429
Parx,10017723
Parx,10017855
Sera,10013025
Bvlgari,10001211
ID,10006003
JEWEL JUNCTION,10012841
DKNY,10017423
Parx,10000599
Qraa Men,10002809
PARFAIT,10013641
Lady Lyka,10000657
Difference of Opinion,10005937
Michael Kors,10001573
Homesake,10003809
ID,10006069
Soie,10017501
GAS,10002079
Homesake,10003807
HIGHLANDER,10004165
WITH,10013269
ID,10006075
SPYKAR,10009637
ZUSH,10017093
Story@home,10017355
DKNY,10017447
Campus Sutra,10017013
Campus Sutra,10017053
Parx,10017599
JBN Creation,10002785
U.S. Polo Assn. Kids,1000905
Bvlgari,10001445
PARFAIT,10013603
PARFAIT,10013585
JEWEL JUNCTION,10012865
DKNY,10017417
DressBerry,1001423
Parx,10017719
BuckleUp,10014659
Gini and Jony,10003183
PARFAIT,10013567
Bvlgari,10001975
Parx,10017747
ColorPlus,10015929
Parx,10017913
HIGHLANDER,10004129
Parx,10012919
Tokyo Talkies,10015983
BuckleUp,10014677
SPYKAR,10009715
MIAH Decor,10012733
Lakme,10012349
Campus Sutra,10017079
Allen Solly Woman,10002675
Palm Tree,10003177
PARFAIT,10013677
Arrow,1001774
JEWEL JUNCTION,10012959
Difference of Opinion,10005885
AccessHer,10012497
HIGHLANDER,10004169
Lady Lyka,10000775
DKNY,10017441
Raymond,10016679
Lakme,10012371
Lakme,10012335
DAVID BECKHAM,10001931
AccessHer,10014817
MANGO,10002341
Park Avenue,10004325
ahilya,1000717
AccessHer,10014941
Lady Lyka,10000747
Story@home,10017391
Urban Dog,10015151
ID,10006081
Carrera,10017167
Story@home,10017347
Campus Sutra,10017031
Gini and Jony,10003277
Story@home,10017363
DKNY,10017439
Parx,10000553
Soie,10017481
Raymond,10012373
Lakme,10012355
Gini and Jony,10003051
PARFAIT,10013691
Parx,10017847
Urban Dog,10015167
Campus Sutra,10017043
EthnoVogue,10016271
PARFAIT,10013487
Lady Lyka,10000811
PARFAIT,10013707
Tokyo Talkies,10015985
Parx,10017651
ROMEE,10002753
ZUSH,10017113
Lady Lyka,10000697
TAYHAA,10013243
Gini and Jony,10003303
Ishin,10013787
Shoe Couture,10001425
MIAH Decor,10012725
Parx,10017587
WITH,10014735
PARFAIT,10013519
PARFAIT,10013727
HARBORNBAY,10011181
Difference of Opinion,10005911
SPYKAR,10009771
Parx,10012909
Lady Lyka,10000729
Gini and Jony,10005261
Palm Tree,10003011
Raymond,10015913
JEWEL JUNCTION,10012845
Story@home,10017407
Palm Tree,10003085
SPYKAR,10009711
ID,10006049
Keds,10015937
Parx,10017629
Parx,10004201
Homesake,10003823
Parx,10017743
SEJ by Nisha Gupta,10013421
Rozia,10002767
ID,10006053
Gini and Jony,10003439
her by invictus,10007597
HARBORNBAY,10011163
Aj DEZInES,10002869
Gini and Jony,10003027
AccessHer,10014845
Monte Carlo,10013073
Lady Lyka,10000751
ID,10006039
Parx,10000641
PARFAIT,10013523
Lady Lyka,10000667
PARFAIT,10013673
Gini and Jony,10002963
ahilya,1000718
Parx,10000281
Parx,10017857
SPYKAR,10009743
SEJ by Nisha Gupta,10013425
SEJ by Nisha Gupta,10013405
Tokyo Talkies,10016003
JEWEL JUNCTION,10012971
Gini and Jony,10003597
Bvlgari,10001003
Urban Dog,10015161
HIGHLANDER,10004157
VASTRAMAY,10002837
DKNY,10017415
SEJ by Nisha Gupta,10012803
Palm Tree,10003505
Bvlgari,10001527
Parx,10000215
even,10003695
PARFAIT,10013623
ID,10006015
Parx,10017631
ether,10007663
Crimsoune Club,10003899
SEJ by Nisha Gupta,10013427
Urban Dog,10015165
Carrera,10017163
Aj DEZInES,10002865
PARFAIT,10013631
JEWEL JUNCTION,10012879
Gini and Jony,10003347
JEWEL JUNCTION,10012863
Homesake,10003851
U.S. Polo Assn. Kids,1000894
HIGHLANDER,10004123
SEJ by Nisha Gupta,10012823
her by invictus,10007763
Lakme,10012363
Homesake,10003801
SPYKAR,10009623
Russell Athletic,1000494
Gini and Jony,10003047
Sera,10013037
MIMOSA,10001491
Kazo,10017213
Gini and Jony,10003569
SEJ by Nisha Gupta,10013415
Bvlgari,10001715
Vishudh,10016713
Gini and Jony,10003437
Puma,10018013
Raymond,10015877
ahilya,1000709
ID,10006083
MIAH Decor,10012719
ether,10007787
Peter England,10012759
Campus Sutra,10017011
Parx,10000593
Parx,10017603
AIGNER,10001497
SPYKAR,10009611
Campus Sutra,10016983
Campus Sutra,10016985
Gini and Jony,10003249
Gini and Jony,10003411
Soie,10017503
Parx,10017917
ether,10007783
Difference of Opinion,10005971
Blackberrys,1001061
Difference of Opinion,10005969
MIAH Decor,10012723
Campus Sutra,10017001
SEJ by Nisha Gupta,10012779
PARFAIT,10013719
Parx,10017589
HIGHLANDER,10004177
Story@home,10017359
Parx,10004283
Playdate,10001271
Parx,10017693
Difference of Opinion,10005967
Rocia,1001221
DAVID BECKHAM,10001773
JEWEL JUNCTION,10012883
ID,10006045
JEWEL JUNCTION,10012969
SEJ by Nisha Gupta,10013413
MIAH Decor,10012715
AccessHer,10014933
Marvel by Wear Your Mind,10013361
Palm Tree,10003469
HIGHLANDER,10004145
Parx,10017667
ID,10005983
Park Avenue,10004509
Gini and Jony,10003493
Difference of Opinion,10005909
Gini and Jony,10003417
HIGHLANDER,10004121
Parx,10017695
ID,10005997
Urban Dog,10015145
Annabelle by Pantaloons,1001707
Park Avenue,10001057
Lady Lyka,10000761
AccessHer,10014759
Homesake,10003843
Sera,10013049
ether,10007611
SEJ by Nisha Gupta,10012805
AccessHer,10014795
Sera,10013035
TAYHAA,10013237
Park Avenue,10004477
her by invictus,10007743
Palm Tree,10003209
berrytree,10006199
SIMON CARTER LONDON,10013131
MIAH Decor,10012731
Parx,10004267
DKNY,10017457
Gini and Jony,10003531
SEJ by Nisha Gupta,10012807
ID,10006063
Soie,10013261
ID,10006071
MIAH Decor,10012707
DKNY,10017453
EthnoVogue,10016269
SPYKAR,10009767
SEJ by Nisha Gupta,10013423
Vishudh,10016757
Parx,10017585
Soie,10017567
Parx,10000583
Soie,10017507
Gini and Jony,10003365
Tokyo Talkies,10016001
Parx,10000533
DKNY,10001731
Raymond,10015819
Campus Sutra,10016997
Parx,10000107
Vishudh,10016753
FIDO DIDO,10012413
Gini and Jony,10003523
her by invictus,10007713
Soie,10017571
HIGHLANDER,10004143
ID,10006031
Raymond,10016703
PARFAIT,10013671
PARFAIT,10013651
Beli,10001097
Lady Lyka,10000683
Homesake,10003817
HIGHLANDER,10004135
Parx,10017741
Raymond,10016671
Blackberrys,1001062
HIGHLANDER,10004139
SEJ by Nisha Gupta,10012799
ahilya,1000740
Parx,10017841
Parx,10000097
DKNY,10017459
Soie,10017479
Roadster,10007617
SPYKAR,10009693
Gini and Jony,10003097
Michael Kors,10002487
Homesake,10003819
Gini and Jony,10003497
Story@home,10017397
Police,10002003
Homesake,10003831
U.S. Polo Assn. Denim Co.,10002441
JEWEL JUNCTION,10012877
Campus Sutra,10017007
Raymond,10016665
Parx,10017601
Nautica,10001585
Gini and Jony,10003109
PARFAIT,10013543
Park Avenue,10004357
PARFAIT,10013589
Raymond,10001157
Raymond,10015915
SPYKAR,10009747
SEJ by Nisha Gupta,10012789
Jn Joy,1000182
SEJ by Nisha Gupta,10012791
PARFAIT,10013621
Qraa Men,10002807
DKNY,10017429
Lady Lyka,10000727
ahilya,1000744
BuckleUp,10014683
Lady Lyka,10000777
Tokyo Talkies,10015987
Marvel by Wear Your Mind,10013371
Bvlgari,10001849
THE SILHOUETTE STORE,10001511
Parx,10000595
Campus Sutra,10017021
PARFAIT,10013579
Gini and Jony,10003427
Lady Lyka,10000675
DKNY,10017433
ID,10006059
Puma,10018011
HIGHLANDER,10004163
Russell Athletic,1000505
JEWEL JUNCTION,10012981
ID,10006057
Blackberrys,10000903
DKNY,10017409
Russell Athletic,1000488
Xpose,10008647
Gini and Jony,10003543
HIGHLANDER,10004133
ID,10006087
PARFAIT,10013493
HIGHLANDER,10004111
MIAH Decor,10012695
Sera,10013045
Parx,10017915
Parx,10017737
Gini and Jony,10005247
Homesake,10003845
Campus Sutra,10016991
Carrera,10017157
Homesake,10003853
Puma,10018075
SPYKAR,10009687
DKNY,10017425
Parx,10017615
Soie,10017495
Parx,10000355
Soie,10017475
Gini and Jony,10003207
Sera,10013059
DKNY,10017443
Campus Sutra,10017063
Playdate,10001333
ID,10006027
AccessHer,10012551
SEJ by Nisha Gupta,10012815
Soie,10017489
MBE,10003725
PARFAIT,10013595
PARFAIT,10013495
Parx,10000559
Story@home,10017383
Park Avenue,10004501
HIGHLANDER,10004115
SPYKAR,10009673
SEJ by Nisha Gupta,10012777
Park Avenue,10004421
Sweet Dreams,10004011
Lakme,10012339
HIGHLANDER,10004149
ahilya,1000743
Gini and Jony,10003155
SEJ by Nisha Gupta,10012781
SPYKAR,10009679
PARFAIT,10013549
PARFAIT,10013565
Vishudh,10016739
ID,10005999
Parx,10017861
Gini and Jony,10003605
Gini and Jony,10003463
ID,10006051
Parx,10012927
her by invictus,10007673
Parx,10000445
ID,10006047
SPYKAR,10009675
Lakme,10012369
SEJ by Nisha Gupta,10012787
HIGHLANDER,10004131
Campus Sutra,10017081
her by invictus,10007733
Parx,10017911
AccessHer,10014815
Urban Dog,10015141
Puma,10018053
her by invictus,10007719
AccessHer,10014939
AccessHer,10012555
Kenneth Cole,10000921
Roadster,10007655
Beli,10002521
Urban Dog,10015057
MIAH Decor,10012701
Russell Athletic,1000497
Parx,10017679
SPYKAR,10009647
Lakme,10012341
Parx,10017811
Sera,10013051
Lady Lyka,10000737
Parx,10000543
Mast & Harbour,10007717
PARFAIT,10013735
Parx,10017697
MIAH Decor,10012739
Sera,10001751
SEJ by Nisha Gupta,10012809
Campus Sutra,10016981
JEWEL JUNCTION,10012869
SPYKAR,10009659
Mast & Harbour,10007623
Parx,10017699
JEWEL JUNCTION,10012977
Campus Sutra,10017009
AccessHer,10012519
AccessHer,10014785
ether,10007757
JEWEL JUNCTION,10012867
DKNY,10017437
MIAH Decor,10012729
Roadster,10015539
ahilya,1000741
Parx,10017829
ID,10006079
Campus Sutra,10017077
SPYKAR,10009671
Parx,10017761
PARFAIT,10013501
Campus Sutra,10016993
Parx,10000377
ahilya,1000716
Gini and Jony,10003297
ahilya,1000721
SEJ by Nisha Gupta,10012797
Park Avenue,10004463
SEJ by Nisha Gupta,10012817
VASTRAMAY,10002835
PARFAIT,10013533
SEJ by Nisha Gupta,10012813
Raymond,10015863
Raymond,10015919
AccessHer,10014829
Parx,10017853
JC Collection,10001923
GUESS,10002193
Allen Solly Woman,10002673
PARFAIT,10013545
HIGHLANDER,10004175
SEJ by Nisha Gupta,10012827
Homesake,10003847
SEJ by Nisha Gupta,10013397
Soie,10017499
Lady Lyka,10000801
SPYKAR,10009751
Russell Athletic,1000507
Campus Sutra,10017085
HARBORNBAY,10011195
JEWEL JUNCTION,10012839
Raymond,10015829
AccessHer,10012515
ahilya,1000712
SPYKAR,10009635
Qraa Men,10002805
HIGHLANDER,10004113
Campus Sutra,10016971
SEJ by Nisha Gupta,10013411
PARFAIT,10013605
Parx,10000301
JEWEL JUNCTION,10012963
Soie,10017491
JEWEL JUNCTION,10012961
SEJ by Nisha Gupta,10012819
Blackberrys,1001050
ID,10006007
Gini and Jony,10003171
Homesake,10003855
ID,10005993
Homesake,10003849
PARFAIT,10013515
Park Avenue,10004315
Lady Lyka,10000753
SPYKAR,10009661
Gini and Jony,10003477
NEUDIS,10002627
PARFAIT,10013581
Gini and Jony,10003647
PARFAIT,10013499
MIAH Decor,10012741
PARFAIT,10013649
AccessHer,10012533
Gini and Jony,10003099
Stylo Bug,10002827
BuckleUp,10014665
AccessHer,10012517
Gini and Jony,10003395
Vishudh,10016735
Parx,10017627
SPYKAR,10009735
Parx,10017659
AccessHer,10014783
Raymond,10016699
AccessHer,10014843
SEJ by Nisha Gupta,10013401
Vishudh,10016731
StyleStone,10002759
AccessHer,10012543
SASSAFRAS,10013223
HIGHLANDER,10004181
United Colors of Benetton,1001519
Parx,10000587
Playdate,10002269
Marvel by Wear Your Mind,10013349
Michael Kors,10001899
Parx,10017805
Bvlgari,10002195
Gini and Jony,10003087
Blackberrys,1001060
Lady Lyka,10000707
Lady Lyka,10000763
Parx,10017867
Vishudh,10016741
Marvel by Wear Your Mind,10013305
Marvel by Wear Your Mind,10013377
Parx,10017801
PARFAIT,10013629
Peter England,10012757
Lady Lyka,10000725
Blackberrys,10000901
ID,10006017
Parx,10017799
MIAH Decor,10012705
Bvlgari,10002393
HIGHLANDER,10004171
Parx,10000635
BuckleUp,10014661
Gini and Jony,10003161
U.S. Polo Assn. Kids,1000903
Raymond,10015805
Parx,10000539
Parx,10017733
Gini and Jony,10005241
Vishudh,10016723
ahilya,1000746
ID,10005995
VLCC,10000869
SEJ by Nisha Gupta,10012775
Marvel by Wear Your Mind,10013315
Police,10001017
Kazo,10017237
Homesake,10003837
Urban Dog,10015153
AccessHer,10012539
Urban Dog,10015171
Parx,10017739
Kook N Keech Disney,1000353
ROMEE,10002751
Parx,10017775
JEWEL JUNCTION,10012973
Lady Lyka,10000771
HIGHLANDER,10004153
SHOWOFF,10014337
Gini and Jony,10003149
Michael Kors,10001981
MBE,10003727
SEJ by Nisha Gupta,10013399
AccessHer,10014837
Sera,10013057
Park Avenue,10004401
DKNY,10000945
Palm Tree,10003557
Parx,10000651
Parx,10000187
Raymond,10012293
ahilya,1000729
Gini and Jony,10003311
Parx,10017889
Soie,10017483
Parx,10017821
Parx,10017597
Parx,10000535
Parx,10017871
Park Avenue,10004381
AccessHer,10014825
SEJ by Nisha Gupta,10012801
Story@home,10017365
Sera,10013027
Campus Sutra,10017039
PARFAIT,10013657
Parx,10017827
her by invictus,10007721
SEJ by Nisha Gupta,10012793
ID,10006033
SEJ by Nisha Gupta,10013419
Parx,10017677
Bubblegummers,10001781
JBN Creation,10002791
Gini and Jony,10005167
DKNY,10017455
PARFAIT,10013737
JC Collection,10001345
Homesake,10003805
Rozia,10002761
her by invictus,10007803
Puma,10018065
Hoopers,10002467
Lady Lyka,10000699
Difference of Opinion,10005883
Peter England Casuals,10012617
Lady Lyka,10000723
Bubblegummers,10001209
Parx,10017593
Honey by Pantaloons,10006979
SPYKAR,10009775
SPYKAR,10009729
Gini and Jony,10003077
HIGHLANDER,10004167
HIGHLANDER,10004119
MANGO,10001131
Difference of Opinion,10005977
ID,10006009
Police,10001665
JEWEL JUNCTION,10012859
Pink Cow,10016117
her by invictus,10007829
Raymond,10016697
Xpose,10008639
Parx,10017755
Michael Kors,10001203
Campus Sutra,10016995
Crimsoune Club,10012833
Parx,10017875
Parx,10017863
PARFAIT,10013525
Parx,10017905
Gini and Jony,10003075
Lakme,10012343
HIGHLANDER,10004137
TAYHAA,10013251
Shoe Couture,10001377
Michael Kors,10001483
HIGHLANDER,10004125
DAVID BECKHAM,10001561
JEWEL JUNCTION,10012843
Gini and Jony,10003019
Homesake,10003799
Rozia,10002763
SHOWOFF,10014345
Vishudh,10016747
Parx,10000591
GAS,10002455
PARFAIT,10013679
Gini and Jony,10002989
Campus Sutra,10017059
ColorPlus,10014897
Urban Dog,10015155
PARFAIT,10013573
JEWEL JUNCTION,10012985
SEJ by Nisha Gupta,10013409
Ishin,10013759
FIDO DIDO,10012435
DKNY,10017449
PARFAIT,10013497
Lady Lyka,10000693
Soie,10017573
Homesake,10003815
Lady Lyka,10000813
MIMOSA,10001479
SPYKAR,10009663
Tokyo Talkies,10015993
Lady Lyka,10000715
VASTRAMAY,10002831
her by invictus,10007591
Raymond,10016685
Vishudh,10016721
Parx,10000403
Campus Sutra,10002711
ID,10006043
DOROTHY PERKINS,10001363
HIGHLANDER,10004179
JEWEL JUNCTION,10012873
VASTRAMAY,10002775
AccessHer,10014765
Gini and Jony,10003527
MIMOSA,10001475
MBE,10003723
Homesake,10003827
Gini and Jony,10003511
HIGHLANDER,10004147
DKNY,10017419
Kenneth Cole,10000915
Puma,10018015
Park Avenue,10004305
Parx,10017753
SEJ by Nisha Gupta,10012773
Gini and Jony,10003413
SEJ by Nisha Gupta,10012825
AccessHer,10014761
Parx,10017705
Parx,10000561
Beli,10002103
Gini and Jony,10003575
Parx,10017663
Campus Sutra,10016999
MIAH Decor,10012737
SEJ by Nisha Gupta,10013407
Gini and Jony,10003363
Vishudh,10016715
Gini and Jony,10005243
AccessHer,10014801
Raymond,10016663
Story@home,10017387
Lady Lyka,10000717
Gini and Jony,10003271
Parx,10017619
Parx,10000369
MBE,10003729
Crew STREET,10014975
Sera,10013065
Lakme,10012353
Bhama Couture,10015947
Vishudh,10016717
Zippo,10002267
Homesake,10003833
PARFAIT,10013529
Homesake,10003835
Parx,10004277
Park Avenue,10004491
MIMOSA,10001485
ID,10006005
ID,10006013
JEWEL JUNCTION,10012965
Campus Sutra,10017051
Campus Sutra,10016969
SPYKAR,10009619
Puma,10018061
Parx,10000291
Urban Dog,10015149
Gini and Jony,10003517
PARFAIT,10013539
JEWEL JUNCTION,10012861
Raymond,10016683
Michael Kors,10002363
Daffodils,10001007
Homesake,10003813
SEJ by Nisha Gupta,10012785
Campus Sutra,10017033
EthnoVogue,10016267
JEWEL JUNCTION,10012979
JEWEL JUNCTION,10012849
WITH,10014725
berrytree,10006191
SEJ by Nisha Gupta,10012811
PARFAIT,10013527
GAS,10001909
Homesake,10003797
HIGHLANDER,10004117
ID,10006077
HIGHLANDER,10004161
ahilya,1000714
Peter England,10012763
PARFAIT,10013663
ahilya,1000725
Gini and Jony,10002947
Marvel by Wear Your Mind,10013303
aramis,10000973
Vishudh,10016737
Parx,10000221
Park Avenue,10004391
Gini and Jony,10003121
Gini and Jony,10003259
HIGHLANDER,10004159
Homesake,10003811
Vishudh,10016745
PARFAIT,10013731
VASTRAMAY,10002829
Parx,10017609
Park Avenue,10004431
Raymond,10016689
Homesake,10003841
ether,10007607
Puma,10018055
Lakme,10012365
C9 AIRWEAR,10002643
PARFAIT,10013619
JEWEL JUNCTION,10012855
SPYKAR,10009617
Lady Lyka,10000679
Campus Sutra,10016977
DKNY,10017451
Bubblegummers,10001657
her by invictus,10007797
JEWEL JUNCTION,10012857
Parx,10017773
DKNY,10017445
Soie,10017497
DKNY,10017461
Raymond,10016669
Urban Dog,10015173
Oxolloxo,10017957
MANGO,10001281
Homesake,10003839
ID,10006055
ID,10006061
Parx,10012917
AccessHer,10014943
Story@home,10017401
ID,10006067
Gini and Jony,10005281
ahilya,1000713
Homesake,10003829
Lady Lyka,10000809
Homesake,10003825
JEWEL JUNCTION,10012967
Gini and Jony,10003081
Carrera,10017133
SEJ by Nisha Gupta,10018865
Parx,10017643
Soumya,10025687
PARFAIT,10013587
Park Avenue,10021597
Kazo,10026739
Crocs,10029491
Soumya,10027161
SEJ by Nisha Gupta,10018885
Carlton London,10019881
HERE&NOW,10031555
French Connection,1003130
Next Look,10030039
XYXX,10019071
shaze,10021281
Bitiya by Bhama,10021513
Geox,10029377
Tulsattva,10030893
HERE&NOW,10032495
ExclusiveLane,10025889
Raymond,10018839
Tulsattva,10030891
Geox,10029299
SHISEIDO,10033715
DressBerry,10032095
Next Look,10030171
Soumya,10027163
HERE&NOW,10032449
Bitiya by Bhama,10021499
Next Look,10030001
Geox,10029059
DressBerry,10032879
HERE&NOW,10032475
Raymond,10025543
MSC,10028931
Rocia,10020701
XYXX,10019201
XYXX,10019257
Anekaant,10035409
Rocia,10020739
MBE,10021161
Crocs,10024799
Soumya,10027179
Raymond,10018857
Next Look,10030173
Carlton London,10019811
HERE&NOW,10032521
XYXX,10019161
SEJ by Nisha Gupta,10021561
Park Avenue,10027977
SHISEIDO,10033763
SHISEIDO,10033637
Next Look,10030279
Geox,10029195
HERE&NOW,10032459
Geox,10030391
Soumya,10025303
MSC,10028959
Next Look,10035807
SHISEIDO,10033751
Geox,10029037
Tulsattva,10030921
Geox,10029161
MSC,10028947
Park Avenue,10027957
SEJ by Nisha Gupta,10024515
Puma,10018287
Next Look,10029661
HERE&NOW,10032551
Puma,1002199
MSC,10028997
Park Avenue,10028353
MBE,10021155
DressBerry,10032127
DressBerry,10032121
Carlton London,10027387
Next Look,10030151
Innisfree,10020041
MSC,10028953
Urban Dog,10020017
SHISEIDO,10033789
SEJ by Nisha Gupta,10018897
SEJ by Nisha Gupta,10018919
HERE&NOW,10032635
MSC,10028963
SEJ by Nisha Gupta,10024489
Geox,10030431
Next Look,10030245
SEJ by Nisha Gupta,10024485
SEJ by Nisha Gupta,10018863
SHISEIDO,10033699
Next Look,10030139
SHISEIDO,10033723
SEJ by Nisha Gupta,10018903
Geox,10030371
XYXX,10019231
SEJ by Nisha Gupta,10018923
SHISEIDO,10033655
Wintage,10027385
Wintage,10027365
Geox,10029235
Next Look,10030187
SHISEIDO,10030747
XYXX,10019223
Next Look,10030077
SHISEIDO,10030749
HERE&NOW,10032823
ExclusiveLane,10018981
Rocia,10020709
LOCOMOTIVE,10020075
Next Look,10030291
XYXX,10019539
HERE&NOW,10032445
HERE&NOW,10032795
MSC,10028929
Carlton London,10019701
SEJ by Nisha Gupta,10018861
SHISEIDO,10033599
SHISEIDO,10030739
Parx,10025015
Soumya,10027195
Carlton London,10019643
Geox,10029077
Bene Kleed,10033053
Carlton London,10019873
Geox,10029025
Kazo,10030455
Park Avenue,10027907
Carlton London,10019785
HERE&NOW,10032773
Next Look,10030041
Carlton London,10019733
ExclusiveLane,10027099
Geox,10029241
HERE&NOW,10032801
Geox,10030397
HERE&NOW,10032481
Carlton London,10019851
Park Avenue,10028157
Park Avenue,10028841
Next Look,10029991
Next Look,10030183
Next Look,10030255
XYXX,10019209
Park Avenue,10027963
HERE&NOW,10032525
SHISEIDO,10033681
Varanga,10018783
Next Look,10029989
XYXX,10019523
SHISEIDO,10033619
SEJ by Nisha Gupta,10018893
Next Look,10030021
Crocs,10024835
Urban Dog,10019985
Park Avenue,10028179
Park Avenue,10028399
Next Look,10029987
Raymond,10024581
Park Avenue,10028881
Tokyo Talkies,10025137
XYXX,10019159
HERE&NOW,10032717
Bitiya by Bhama,10021477
Geox,10029089
Carlton London,10019775
SHISEIDO,10033597
HERE&NOW,10032631
Next Look,10030213
DressBerry,10032853
XYXX,10019255
Wintage,10027377
DKNY,10025329
Next Look,10030141
Geox,10029259
Park Avenue,10027549
Next Look,10030153
Sera,10035883
HERE&NOW,10032719
HRX by Hrithik Roshan,10020899
Puma,10018217
MSC,10028923
Park Avenue,10027669
Geox,10029293
DressBerry,10032073
Geox,10030381
SEJ by Nisha Gupta,10021553
SHISEIDO,10034019
Carlton London,10019715
Parx,10024751
Soumya,10025293
Park Avenue,10028763
Avira Home,10024959
MSC,10028943
Soumya,10027197
Force 10,10029819
Next Look,10029999
Park Avenue,10028087
HERE&NOW,10032729
Next Look,10029565
HERE&NOW,10032825
HERE&NOW,10032807
Park Avenue,10024317
SHISEIDO,10033615
SHISEIDO,10030743
Soumya,10027169
XYXX,10019277
Force 10,10029687
SHISEIDO,10033747
Park Avenue,10027645
Force 10,10029731
HERE&NOW,10032455
Crimsoune Club,10036241
XYXX,10019077
Force 10,10029811
SEJ by Nisha Gupta,10021559
Park Avenue,10020307
MSC,10035863
DressBerry,10032117
maxima,10036233
MSC,10030327
XYXX,10019083
XYXX,10019543
Crocs,10024841
Park Avenue,10028145
Geox,10029357
Park Avenue,10028113
Next Look,10029525
Next Look,10030275
Force 10,10029717
SHISEIDO,10033611
HERE&NOW,10032691
XYXX,10019189
Next Look,10035817
Geox,10029017
MIAH Decor,10019005
SHISEIDO,10033759
XYXX,10019259
SEJ by Nisha Gupta,10018883
Geox,10029233
Geox,10018997
Park Avenue,10026223
Park Avenue,10027301
Park Avenue,10028143
LOCOMOTIVE,10020073
Park Avenue,10028127
Bitiya by Bhama,10021519
Next Look,10035823
Aapno Rajasthan,10035587
Park Avenue,10028413
MSC,10028989
Crocs,10024861
Park Avenue,10027531
Fortune,10035999
SHISEIDO,10033719
Park Avenue,10028647
Geox,10030395
Bene Kleed,10033057
SEJ by Nisha Gupta,10018875
Sera,10030715
Park Avenue,10027649
Moedbuille,10031117
SHISEIDO,10033667
ExclusiveLane,10018929
Blue Saint,10024629
XYXX,10019247
SHISEIDO,10033701
Park Avenue,10028331
Park Avenue,10026251
XYXX,10019113
XYXX,10019069
Park Avenue,10027609
MASPAR,10026297
XYXX,10019101
XYXX,10019521
Geox,10018963
shaze,10021271
Carlton London,10019697
Park Avenue,10028581
Next Look,10030129
HERE&NOW,10032713
W,1003545
XYXX,10019513
Next Look,10035815
MSC,10028971
LOCOMOTIVE,10020049
Geox,10029381
HERE&NOW,10032785
XYXX,10019115
Tulsattva,10030923
Geox,10030331
Geox,10030403
DressBerry,10033967
Raymond,10018841
SCORPIUS,10030543
XYXX,10019167
Park Avenue,10028217
XYXX,10019533
Moedbuille,10031085
SHISEIDO,10033589
Park Avenue,10028427
SEJ by Nisha Gupta,10024511
Park Avenue,10028843
Park Avenue,10028169
MIAH Decor,10019003
Next Look,10030135
Geox,10029253
Next Look,10030189
Park Avenue,10028291
MBE,10021169
SHISEIDO,10033671
XYXX,10019199
Next Look,10030239
Next Look,10029673
Park Avenue,10027571
Carlton London,10019823
Aapno Rajasthan,10035561
MBE,10021175
Carlton London,10019843
Puma,10018173
HERE&NOW,10032579
SHISEIDO,10033691
Soumya,10025691
Mast & Harbour,10025037
Carlton London,10019885
DressBerry,10031099
Next Look,10030045
SHISEIDO,10033771
XYXX,10019165
Park Avenue,10028275
XYXX,10019157
XYXX,10020357
Park Avenue,10028121
SHISEIDO,10033785
XYXX,10019235
Bitiya by Bhama,10021497
Sera,10027227
Moedbuille,10031013
XYXX,10019289
MSC,10028979
Next Look,10030167
ExclusiveLane,10018985
Park Avenue,10027685
Ecko Unltd,10018329
Park Avenue,10028041
Next Look,10030205
Park Avenue,10028635
Ecko Unltd,10018337
XYXX,10019079
SEJ by Nisha Gupta,10018867
XYXX,10019227
Varanga,10018801
BERING,10025233
Next Look,10030119
Fortune,10036081
XYXX,10019097
Next Look,10030097
XYXX,10019155
Next Look,10030203
Parx,10024949
XYXX,10020355
SEJ by Nisha Gupta,10018889
Park Avenue,10028211
SEJ by Nisha Gupta,10024519
XYXX,10019285
Next Look,10030169
HRX by Hrithik Roshan,10031241
Geox,10029173
Park Avenue,10028481
MASPAR,10026303
Next Look,10030093
Carlton London,10019625
Park Avenue,10026247
Park Avenue,10028137
Geox,10029397
Park Avenue,10027917
Next Look,10029637
Healers,10035639
Geox,10029119
Carlton London,10019841
Geox,10030413
Next Look,10030051
Innisfree,10020039
Next Look,10030179
Kvsfab,10033025
HERE&NOW,10032581
Soumya,10027173
Geox,10029321
Park Avenue,10028355
Next Look,10030017
Force 10,10029695
SEJ by Nisha Gupta,10021563
XYXX,10019141
HERE&NOW,10031549
Sera,10030721
SHISEIDO,10033753
MOVADO,10026411
Puma,10018193
Raymond,10026845
Next Look,10030305
SHISEIDO,10033809
Next Look,10029625
XYXX,10019095
Park Avenue,10027707
Soumya,10025681
Urban Dog,10020019
Soumya,10025697
Aapno Rajasthan,10035511
Park Avenue,10028225
Rocia,10020711
Geox,10029031
Next Look,10030217
SEJ by Nisha Gupta,10024517
Soumya,10025625
Varanga,10018785
Next Look,10030009
MASPAR,10026295
Soumya,10025693
Park Avenue,10028253
Wintage,10027369
SHISEIDO,10033673
Carlton London,10019685
CINOCCI,10021627
SHISEIDO,10033793
Mitera,10029975
HERE&NOW,10032609
Carlton London,10019611
MBE,10021165
SEJ by Nisha Gupta,10024505
Geox,10029051
XYXX,10019143
Harvard,10021449
Park Avenue,10028817
Next Look,10030251
Park Avenue,10028277
Parx,10020223
Carlton London,10033415
Raymond,10020179
MBE,10021135
Next Look,10030181
Next Look,10030161
DressBerry,10032881
SEJ by Nisha Gupta,10018913
Next Look,10030101
SEJ by Nisha Gupta,10018881
Next Look,10029509
Geox,10030393
SHISEIDO,10033709
HERE&NOW,10032745
Soumya,10027189
XYXX,10019245
Geox,10029207
ether,1002096
SEJ by Nisha Gupta,10021555
Raymond,10025539
MSC,10029005
SHISEIDO,10033705
Park Avenue,10027591
Geox,10018939
HERE&NOW,10032681
Anekaant,10035423
SHISEIDO,10033779
Geox,10018989
Next Look,10030025
Carlton London,10019797
Force 10,10029753
SHISEIDO,10033679
Vishudh,10030591
SHISEIDO,10033687
XYXX,10019239
Raymond,10020145
SEJ by Nisha Gupta,10018907
Park Avenue,10027799
Geox,10029043
HERE&NOW,10032537
Next Look,10035835
Puma,10018169
XYXX,10019065
HERE&NOW,10032721
MSC,10028925
MBE,10021181
Geox,10029101
Mitera,10029959
XYXX,10019121
SHISEIDO,10033641
Ojjasvi,10027319
Soumya,10025301
Geox,10029307
Carlton London,10019605
SEJ by Nisha Gupta,10021547
DressBerry,10032877
BERING,10025201
MOVADO,10026417
Next Look,10030075
SHISEIDO,10033683
Next Look,10029543
LOCOMOTIVE,10020059
Next Look,10030219
Wild stone,10019563
Fortune,10036065
Park Avenue,10028389
SEJ by Nisha Gupta,10024509
Soumya,10027165
Park Avenue,10028269
Harvard,10021461
HERE&NOW,10032797
AVANT-GARDE PARIS,10030529
Park Avenue,10028497
Park Avenue,10028139
Carlton London,10019855
Next Look,10035821
Ojjasvi,10027317
Carlton London,10019687
Park Avenue,10028327
maxima,10036235
XYXX,10019067
Next Look,10030231
Park Avenue,10028193
Gliders,10033165
Park Avenue,10028403
HERE&NOW,10032833
Soumya,10027167
SHISEIDO,10033649
Anekaant,10035431
SHISEIDO,10033801
U&F,10030635
SEJ by Nisha Gupta,10018869
Park Avenue,10028855
SHISEIDO,10033659
XYXX,10019229
Geox,10029275
Bitiya by Bhama,10021507
Park Avenue,10027307
XYXX,10019119
MSC,10028937
Anekaant,10035419
Moedbuille,10031043
Geox,10018943
Parx,10020225
Abhishti,10021007
Park Avenue,10026241
Soumya,10027171
Soumya,10027183
ExclusiveLane,10018927
XYXX,10019181
XYXX,10019267
Next Look,10030065
Fortune,10036077
Park Avenue,10027877
Next Look,10030085
Varanga,10018793
Dreamscape,10025079
Carlton London,10019793
Park Avenue,10028215
Soumya,10027155
Sera,10030717
Geox,10029171
SHISEIDO,10033745
SEJ by Nisha Gupta,10018887
Next Look,10030285
HERE&NOW,10032753
XYXX,10019147
Tokyo Talkies,10025161
Next Look,10030269
OddCroft,10027143
Puma,10018279
MSC,10028995
MASPAR,10026293
Park Avenue,10028797
Next Look,10030013
W,1003553
Anekaant,10035381
SHISEIDO,10033629
XYXX,10019383
XYXX,10019153
Geox,10029365
Park Avenue,10028367
Next Look,10029997
Park Avenue,10028025
SHISEIDO,10033613
Geox,10018993
Puma,10018119
Carlton London,10019821
Carlton London,10019845
Mitera,10029927
XYXX,10019063
SHISEIDO,10030737
Wild stone,10019559
MOVADO,10026421
MBE,10021145
Geox,10029375
XYXX,10019075
Next Look,10030259
OddCroft,10027145
Carlton London,10019573
Tokyo Talkies,10027281
Flying Machine,1002026
HERE&NOW,10032821
HERE&NOW,10032765
Geox,10030399
Geox,10029231
SEJ by Nisha Gupta,10021551
Next Look,10030061
SEJ by Nisha Gupta,10018891
Fortune,10035977
SHISEIDO,10033783
XYXX,10019207
HERE&NOW,10032531
Mast & Harbour,10025031
XYXX,10019185
XYXX,10019111
XYXX,10019073
Carlton London,10019869
SHISEIDO,10034015
XYXX,10019091
MBE,10021163
Kvsfab,10033029
Geox,10029315
Next Look,10030059
SHISEIDO,10033675
Park Avenue,10027661
Park Avenue,10028541
ExclusiveLane,10027097
XYXX,10019197
SHISEIDO,10033757
Next Look,10035839
Carlton London,10019805
XYXX,10019517
HERE&NOW,10032817
Geox,10030351
Park Avenue,10028333
DressBerry,10032077
Carlton London,10019827
Carlton London,10019593
Park Avenue,10028577
Next Look,10029503
Next Look,10030149
Geox,10029167
Vishudh,10030593
MSC,10028993
Rocia,10020719
SHISEIDO,10033805
HERE&NOW,10031565
IT luggage,10021085
BERING,10025241
XYXX,10019151
Park Avenue,10027587
Park Avenue,10028859
Geox,10029129
Park Avenue,10020329
Park Avenue,10027717
MSC,10028949
Bitiya by Bhama,10021491
Parx,10024945
HERE&NOW,10032637
Carlton London,10019655
Park Avenue,10027787
Park Avenue,10020323
Carlton London,10019883
Geox,10029325
Geox,10029157
SHISEIDO,10033817
Next Look,10030195
HERE&NOW,10032845
Next Look,10030221
Nike,1003485
MSC,10035881
XYXX,10019281
Parx,10018313
Next Look,10030271
Next Look,10029995
SHISEIDO,10033665
HERE&NOW,10032831
XYXX,10019163
Sera,10030719
Varanga,10018807
maxima,10036169
Wintage,10027383
Park Avenue,10028077
Carlton London,10019755
Next Look,10030191
DressBerry,10031101
XYXX,10019279
LOCOMOTIVE,10020071
Geox,10029305
XYXX,10019225
One Friday,10030547
SEJ by Nisha Gupta,10024503
SEJ by Nisha Gupta,10024501
SHISEIDO,10033713
Carlton London,10019579
HERE&NOW,10032707
DressBerry,10032861
Mitera,10029949
Next Look,10030295
HERE&NOW,10032561
MBE,10021131
Harvard,10021447
SEJ by Nisha Gupta,10024491
Carlton London,10019765
Carlton London,10019661
XYXX,10019145
HERE&NOW,10032743
Next Look,10030247
Geox,10029399
HERE&NOW,10031529
SHISEIDO,10030751
HERE&NOW,10032487
DressBerry,10032101
Rocia,10020773
Geox,10029205
Sera,10027241
Geox,10029337
LOCOMOTIVE,10020047
Sera,10030731
Geox,10030421
Puma,1001944
Force 10,10029805
Tokyo Talkies,10027285
Bitiya by Bhama,10021505
Next Look,10030293
XYXX,10019241
SHISEIDO,10033711
Parx,10024935
Moedbuille,10031183
MBE,10021147
Geox,10029327
Geox,10029391
Next Look,10029993
Puma,10018191
Next Look,10029627
Park Avenue,10028245
Carlton London,10019773
SHISEIDO,10033617
Anekaant,10035405
MSC,10035865
Carlton London,10019677
Park Avenue,10028081
Healers,10035653
Carlton London,10019615
Geox,10029021
XYXX,10019269
Next Look,10035825
Park Avenue,10021609
MSC,10028951
SHISEIDO,10033663
HRX by Hrithik Roshan,10030665
Next Look,10030095
Varanga,10018797
XYXX,10019519
Next Look,10030007
Geox,10029087
XYXX,10019087
Next Look,10030079
XYXX,10019193
Varanga,10018809
SEJ by Nisha Gupta,10021541
ether,1002097
Next Look,10030211
DressBerry,10032075
MSC,10035859
Next Look,10030303
Geox,10018967
Parx,10018311
ExclusiveLane,10025885
Geox,10018987
Park Avenue,10028555
Park Avenue,10028741
Park Avenue,10028095
Varanga,10018795
Raymond,10018851
SEJ by Nisha Gupta,10018879
Carlton London,10019689
Raymond,10024391
SEJ by Nisha Gupta,10021549
Geox,10029267
Park Avenue,10027629
SEJ by Nisha Gupta,10024499
HERE&NOW,10032541
HERE&NOW,10032777
HERE&NOW,10032791
Park Avenue,10026255
XYXX,10019531
Next Look,10030115
SHISEIDO,10030741
Carlton London,10019759
LOCOMOTIVE,10020069
Park Avenue,10027833
SEJ by Nisha Gupta,10024495
HERE&NOW,10032463
Next Look,10030055
Park Avenue,10027911
Geox,10030423
Park Avenue,10028827
Geox,10029069
Bitiya by Bhama,10021489
Carlton London,10019745
Park Avenue,10027763
SHISEIDO,10033595
Park Avenue,10028323
MSC,10028991
Geox,10018991
HERE&NOW,10032643
Raymond,10024537
XYXX,10019139
Crocs,10024845
Parx,10024767
Park Avenue,10027735
Geox,10029035
Next Look,10035813
Geox,10018979
SHISEIDO,10033775
ExclusiveLane,10018935
ExclusiveLane,10018983
Wild stone,10019567
Geox,10029271
Indibelle,10030581
SEJ by Nisha Gupta,10018921
MSC,10029003
Force 10,10029745
Tulsattva,10030889
Park Avenue,10026227
Carlton London,10019647
DKNY,10025345
Raymond,10018845
Rocia,10020721
DressBerry,10032865
HERE&NOW,10032583
MSC,10028987
Park Avenue,10028383
Park Avenue,10027615
SEJ by Nisha Gupta,10018871
MSC,10028933
Next Look,10030111
HERE&NOW,10032625
Tulsattva,10030885
HERE&NOW,10032587
SHISEIDO,10033739
Ecko Unltd,10018327
SEJ by Nisha Gupta,10021543
Bitiya by Bhama,10021509
HERE&NOW,10032613
Raymond,10025555
XYXX,10019061
XYXX,10019169
Park Avenue,10028265
Next Look,10029635
Geox,10029091
SEJ by Nisha Gupta,10018915
Park Avenue,10028533
SHISEIDO,10033791
Next Look,10030053
BERING,10025229
Geox,10029111
Park Avenue,10028423
HRX by Hrithik Roshan,10030681
Raymond,10024583
DressBerry,10032871
Next Look,10030297
HRX by Hrithik Roshan,10020911
HERE&NOW,10032641
Force 10,10029797
Puma,10021521
Sera,10027217
SHISEIDO,10033731
HERE&NOW,10032669
SEJ by Nisha Gupta,10021545
SHISEIDO,10034011
XYXX,10019057
Fortune,10035973
Next Look,10030301
HERE&NOW,10032465
Geox,10029303
SHISEIDO,10033677
Geox,10029039
HERE&NOW,10032479
DressBerry,10032059
Anekaant,10035387
SEJ by Nisha Gupta,10018895
XYXX,10019233
Park Avenue,10028151
Flying Machine,1002020
ExclusiveLane,10018925
XYXX,10019203
Carlton London,10033429
Next Look,10030019
HERE&NOW,10032727
shaze,10021359
HERE&NOW,10032837
SEJ by Nisha Gupta,10018899
MASPAR,10026125
Carlton London,10019833
Sera,10027225
Park Avenue,10028195
Ecko Unltd,10018323
SHISEIDO,10033651
SEJ by Nisha Gupta,10018917
Park Avenue,10028011
SEJ by Nisha Gupta,10021557
Carlton London,10019763
HRX by Hrithik Roshan,10030679
XYXX,10019195
Geox,10030339
Puma,10018209
HERE&NOW,10032563
shaze,10021339
Next Look,10030193
Park Avenue,10027559
Flying Machine,1002027
Next Look,10030003
SHISEIDO,10033721
MSC,10028945
HERE&NOW,10032653
SEJ by Nisha Gupta,10018905
Park Avenue,10028455
Healers,10035621
Harvard,10021469
Force 10,10029835
SHISEIDO,10033631
Force 10,10029809
MBE,10021167
Park Avenue,10027313
Tokyo Talkies,10027279
Anekaant,10035427
Anekaant,10035383
Geox,10030349
Rocia,10020707
SEJ by Nisha Gupta,10021567
ExclusiveLane,10018931
Carlton London,10019875
HERE&NOW,10032595
MSC,10035873
SEJ by Nisha Gupta,10024521
MASPAR,10026305
Carlton London,10019867
Next Look,10029519
Parx,10024927
Park Avenue,10028787
Geox,10030411
SHISEIDO,10033769
SHISEIDO,10033657
SHISEIDO,10033621
XYXX,10019149
LOCOMOTIVE,10020061
Next Look,10030265
HERE&NOW,10032549
SHISEIDO,10033643
Park Avenue,10028299
XYXX,10019219
MSC,10035861
XYXX,10019249
Moedbuille,10031035
MSC,10028969
XYXX,10019085
Park Avenue,10028271
Next Look,10030005
HERE&NOW,10032811
SHISEIDO,10033797
Next Look,10030583
SHISEIDO,10033695
Park Avenue,10028325
XYXX,10019117
XYXX,10019541
SHISEIDO,10033727
Force 10,10029869
HERE&NOW,10032741
Park Avenue,10028407
Geox,10030401
Rocia,10020691
HERE&NOW,10032843
HERE&NOW,10032497
Raymond,10025541
Raymond,10026855
HERE&NOW,10032457
Park Avenue,10028395
SEJ by Nisha Gupta,10018911
XYXX,10019509
Next Look,10035827
Park Avenue,10028301
MSC,10029001
Park Avenue,10028449
XYXX,10019537
HERE&NOW,10032673
Fortune,10035971
Carlton London,10019653
shaze,10021345
SEJ by Nisha Gupta,10024513
Park Avenue,10028125
HERE&NOW,10032667
DressBerry,10032883
Dynamocks,10063547
Arrow New York,1005162
Fortune,10036029
Soumya,10051073
Titan,10052459
Zoop,10052579
Roadster,10058541
Levis,10038559
ColorPlus,10036581
Roadster,10058403
IVOC,10038579
Athena,10063325
Roadster,10058497
Elizabeth Arden,10048403
Arrow Sport,1005084
Roadster,10058453
Park Avenue,10050219
Dynamocks,10063489
StyleStone,10039011
Red Tape,10063519
PANAHI,10050735
Titan,10052137
Roadster,10058259
Titan,10052367
Veni Vidi Vici,10054477
Titan,10052443
ROMEE,10051345
CODE by Lifestyle,10060909
Fame Forever by Lifestyle,10056103
Sonata,10052639
Titan,10052327
Yuris,10054299
Sherrif Shoes,10038835
Levis,10038513
TIMESMITH,10044461
Cherry Crumble,10043749
Senorita,10044851
ColorPlus,10036511
Veni Vidi Vici,10054841
Veni Vidi Vici,10054561
CHUTPUT,10062233
Sonata,10052719
Sonata,10052447
Veni Vidi Vici,10054525
Roadster,10058179
Slumber Jill,10039489
Veni Vidi Vici,10054519
Sonata,10052563
Metro,10063653
Abhishti,10039721
Titan,10051889
ColorPlus,10036723
Roadster,10058393
shaze,10048545
Marks & Spencer,10039401
CHUTPUT,10062167
C9 AIRWEAR,10040027
Park Avenue,10040177
TIMESMITH,10044465
Fastrack,10052383
CODE by Lifestyle,10060901
CODE by Lifestyle,10060233
Soumya,10051151
ColorPlus,10036701
Titan,10052523
Arrow New York,1005088
Sonata,10052329
Titan,10052441
CODE by Lifestyle,10059721
ROMEE,10051349
Titan,10051995
ColorPlus,10036331
Fastrack,10052583
Arrow Sport,1005083
CODE by Lifestyle,10060415
DODO & MOA,10051545
FabSeasons,10039607
Titan,10051985
Cherry Crumble,10043737
Titan,10052751
TIMESMITH,10044467
Roadster,10058555
shaze,10039935
Red Tape,10063535
CODE by Lifestyle,10060923
Soumya,10051215
Soumya,10051143
Shaily,10063359
Mirchi Fashion,10039841
Sergio Tacchini,10038957
Park Avenue,10040171
Fastrack,10052515
Sonata,10052347
ColorPlus,10036737
Sonata,10051911
Titan,10052221
Fastrack,10052465
Janasya,10051735
Roadster,10058485
ColorPlus,10036625
Bossini,10063021
Arrow Sport,1005105
Red Tape,10063501
Elizabeth Arden,10048279
Titan,10052353
Titan,10052473
FabSeasons,10039595
Veni Vidi Vici,10054453
CHUTPUT,10062265
ColorPlus,10036595
Shaily,10037123
Rajnandini,10042693
Soumya,10050913
Cherry Crumble,10043721
Soumya,10051139
Call It Spring,10051447
Fastrack,10052255
Sergio Tacchini,10038951
Rajnandini,10043097
Coolers,10043891
MIAH Decor,10053855
JBN Creation,10053555
Roadster,10046859
ColorPlus,10036525
Bossini,10062775
Levis,10038501
THE SILHOUETTE STORE,10051283
Gliders,10037001
Chhabra 555,10036923
Sonata,10052557
Titan,10052021
LA LOFT,10054119
Titan,10052277
Cottinfab,10053725
TIMESMITH,10044463
Calvin Klein,10051483
Liberty,10048139
Bene Kleed,10050791
TIMESMITH,10044471
Titan,10052005
CODE by Lifestyle,10060465
Soumya,10051041
Soumya,10051103
Fastrack,10052633
Cottinfab,10053779
Fastrack,10052687
Roadster,10058475
Roadster,10058301
Titan,10052369
Carrera,10048093
ColorPlus,10036523
CODE by Lifestyle,10060579
Fame Forever by Lifestyle,10056063
Roadster,10058199
Red Tape,10063503
Soumya,10051097
ColorPlus,10036339
Titan,10052263
Soumya,10051105
ColorPlus,10036547
Titan,10052451
Roadster,10046863
Zoop,10052349
ColorPlus,10036527
Metro,10063721
Cherry Crumble,10043657
Marks & Spencer,10039339
IMYOUNG,10050379
Veni Vidi Vici,10054821
Titan,10052141
ColorPlus,10036391
Cottinfab,10053761
CODE by Lifestyle,10059875
CODE by Lifestyle,10060231
CHUTPUT,10062189
ColorPlus,10036607
ColorPlus,10036467
Roadster,10058181
Elizabeth Arden,10048353
Shaily,10037129
Roadster,10058499
CLAY CRAFT,10053897
Fastrack,10052541
Veni Vidi Vici,10054597
Abhishti,10040023
Marks & Spencer,10039363
Roadster,10058387
Veni Vidi Vici,10054415
Coolers,10044019
Shaily,10037057
Chhabra 555,10036909
CODE by Lifestyle,10060227
Crunchy Fashion,10040099
Soumya,10051159
Arrow Sport,1005117
Arrow Sport,1005043
Mitera,10048371
Veni Vidi Vici,10054785
Yuris,10054383
Alcis,10053685
Tokyo Talkies,10051325
Flying Machine,1003800
Metro,10063675
HERE&NOW,10041423
Park Avenue,10054041
Soumya,10051009
CODE by Lifestyle,10060367
Fame Forever by Lifestyle,10056439
Titan,10052575
Roadster,10058471
Respiro,10044701
berrytree,10039955
trueBrowns,10039709
Veni Vidi Vici,10054547
Trend Arrest,10053999
Besiva,10040847
Cottinfab,10053749
Coolers,10044165
Fame Forever by Lifestyle,10056473
Red Tape,10063533
Fastrack,10051953
Soumya,10051131
Fame Forever by Lifestyle,10056493
Titan,10052631
Shaily,10037125
C9 AIRWEAR,10040029
INCOLOR,10041873
Roadster,10038101
Zoop,10052337
Roadster,10058339
SPYKAR,10048071
Vishudh,10051253
Titan,10052271
Cottinfab,10053755
Fastrack,10052095
LA LOFT,10039473
Fastrack,10052061
Sonata,10052627
Titan,10052657
Fame Forever by Lifestyle,10056403
INCOLOR,10041879
Roadster,10058419
Kraus Jeans,10038921
Shaily,10037083
Titan,10052099
Fame Forever by Lifestyle,10055925
Sonata,10052107
Veni Vidi Vici,10054419
Chhabra 555,10045843
Fastrack,10052235
RICHARD PARKER by Pantaloons,10048579
Arrow Sport,1005114
Titan,10052165
Marks & Spencer,10039347
TIMESMITH,10044433
Titan,10051975
PANAHI,10051525
INCOLOR,10041841
Fame Forever by Lifestyle,10056273
Sonata,10052159
Cherry Crumble,10043639
Cottinfab,10053733
Cottinfab,10053737
Roadster,10058399
Mali Fionna,10038765
Titan,10052305
Veni Vidi Vici,10054607
Roadster,10058535
Veni Vidi Vici,10054551
FabSeasons,10039611
INCOLOR,10041847
Roadster,10058215
LA LOFT,10041985
ColorPlus,10036271
TIMESMITH,10044435
Titan,10052113
Roadster,10046831
Metro,10063669
Arrow Sport,1005151
Sonata,10052717
Bossini,10062851
Dynamocks,10063209
Soumya,10050933
Roadster,10046851
DODO & MOA,10039917
Sonata,10051943
Sonata,10052045
TIMESMITH,10044479
Veni Vidi Vici,10054585
Titan,10052139
Marks & Spencer,10039351
Arrow Sport,1005044
Veni Vidi Vici,10054491
Soumya,10051085
Zoop,10051919
Titan,10052637
Cottinfab,10053767
Titan,10052509
Kraus Jeans,10038931
Kryptic,10050835
Senorita,10044833
CODE by Lifestyle,10060205
Titan,10052063
C9 AIRWEAR,10040031
Sonata,10051909
San Frissco,1005386
Roadster,10058189
Coolers,10044185
ROMEE,10051347
INCOLOR,10041835
Liberty,10048125
Sonata,10052295
Roadster,10058383
Fastrack,10052089
Veni Vidi Vici,10054489
You Got Plan B,10050867
DODO & MOA,10051543
Fame Forever by Lifestyle,10055911
Veni Vidi Vici,10054599
Kvsfab,10041569
Soumya,10051197
Roadster,10058253
Fame Forever by Lifestyle,10056583
Fastrack,10051923
Sonata,10052721
Roadster,10058363
Roadster,10058549
Rajnandini,10043075
Tokyo Talkies,10051331
Titan,10051905
Veni Vidi Vici,10054575
Rajnandini,10039729
Sonata,10052017
Titan,10052685
Roadster,10058275
Sonata,10052023
Soumya,10051229
ROMEE,10051369
Soumya,10051091
CODE by Lifestyle,10059785
CODE by Lifestyle,10059749
CODE by Lifestyle,10060847
Sonata,10052401
TIMESMITH,10044439
CODE by Lifestyle,10061153
Red Tape,10063531
Shaily,10037175
Soumya,10050961
Roadster,10058271
Chhabra 555,10045883
Roadster,10058439
DODO & MOA,10039913
DODO & MOA,10051537
Titan,10052703
The Kaftan Company,10050771
Roadster,10058409
Levis,10038557
Metro,10063649
Respiro,10044687
Park Avenue,10054047
Call It Spring,10051445
Veni Vidi Vici,10054917
CHUTPUT,10062173
THE SILHOUETTE STORE,10051287
Arrow Sport,1005107
Fame Forever by Lifestyle,10056283
Fastrack,10051973
Simply,10053885
Titan,10052003
ColorPlus,10036635
IVOC,10038573
Sonata,10052399
Titan,10052715
Sonata,10052309
CODE by Lifestyle,10061057
Cottinfab,10053781
Titan,10052097
Soumya,10051005
CODE by Lifestyle,10059853
Sonata,10052133
Marks & Spencer,10039371
Fame Forever by Lifestyle,10056195
CODE by Lifestyle,10060541
Coolers,10043881
Sonata,10052157
Titan,10052019
Titan,10052073
Fastrack,10052661
Roadster,10058291
Force 10,10045711
Soumya,10050981
ColorPlus,10036491
Cherry Crumble,10043685
Titan,10052223
ColorPlus,10036627
CHUTPUT,10062243
Red Tape,10063539
CODE by Lifestyle,10059933
Roadster,10046847
CODE by Lifestyle,10060375
CODE by Lifestyle,10061121
LA LOFT,10039459
Fastrack,10052379
Veni Vidi Vici,10054887
Arrow Sport,1005119
Infuzze,10038141
Fastrack,10052215
Soumya,10051101
Harvard,10063563
Veni Vidi Vici,10054555
CODE by Lifestyle,10060661
Levis,10038517
Fastrack,10052591
Simply,10053889
Fastrack,10052149
Roadster,10058357
Vishudh,10051257
Roadster,10058303
Sonata,10052621
Kraus Jeans,10038935
Harvard,10063557
LA LOFT,10039485
Cherry Crumble,10043701
Roadster,10046867
Soumya,10051149
Soumya,10051175
Sir Corbett,10048095
Veni Vidi Vici,10054915
Roadster,10058355
Soumya,10051179
Fame Forever by Lifestyle,10055865
Titan,10051903
Arrow Sport,1005144
Veni Vidi Vici,10054835
Yuris,10054361
Roadster,10058369
HERE&NOW,10041407
Red Tape,10063507
Sonata,10052123
Sonata,10052083
Roadster,10046857
Fastrack,10052381
CODE by Lifestyle,10060131
Elizabeth Arden,10048347
LA LOFT,10051679
Titan,10052321
Oxolloxo,10054215
Roadster,10058379
Titan,10051893
ColorPlus,10036611
Yuris,10054369
HERE&NOW,10041421
Sonata,10051897
Cherry Crumble,10043627
Roadster,10058443
Dynamocks,10053983
Titan,10052091
Kvsfab,10051523
INCOLOR,10041839
Soumya,10051081
ColorPlus,10036695
Red Tape,10063511
HOME DECOR INDIA,10040391
CODE by Lifestyle,10060479
Besiva,10040587
Vishudh,10051245
CODE by Lifestyle,10060441
Soumya,10050937
Sonata,10052325
DODO & MOA,10051585
Sonata,10052771
Titan,10052695
Fastrack,10052527
Fame Forever by Lifestyle,10056573
Cherry Crumble,10043703
Roadster,10058203
ColorPlus,10036461
Liberty,10048143
Vishudh,10051261
Sonata,10052195
Roadster,10058321
Roadster,10046839
Roadster,10058433
StyleStone,10039015
Calvin Klein,10051487
Roadster,10058459
Veni Vidi Vici,10054553
Titan,10052147
Elizabeth Arden,10048399
OddCroft,10046949
Sonata,10052503
Call It Spring,10051439
Titan,10052111
Tokyo Talkies,10051315
Fastrack,10052371
Roadster,10058305
Dynamocks,10063211
Vero Moda,1005558
Titan,10052351
Veni Vidi Vici,10054533
Roadster,10058205
Veni Vidi Vici,10054429
CHUTPUT,10062309
The Kaftan Company,10050761
Tokyo Talkies,10051317
Roadster,10058467
Roadster,10058201
W,1004316
Zoop,10052081
Be Indi,10063145
Da Intimo,10039901
Sonata,10052355
Titan,10052605
Titan,10052237
Roadster,10046889
Soumya,10051111
Veni Vidi Vici,10054485
Titan,10052711
Veni Vidi Vici,10054483
Marks & Spencer,10039367
Sergio Tacchini,10038955
Roadster,10058481
Roadster,10046833
berrytree,10039969
Soumya,10051115
Roadster,10058191
Red Tape,10063521
Camey,10039763
Arrow Sport,1005081
Titan,10052053
CLAY CRAFT,10053901
Sonata,10052767
Roadster,10058429
Titan,10052517
Roadster,10058245
Roadster,10046881
CODE by Lifestyle,10060111
Veni Vidi Vici,10054507
Sonata,10052299
Marks & Spencer,10039387
Soie,10040089
Soumya,10051203
Fastrack,10052483
Respiro,10044699
San Frissco,1005390
Veni Vidi Vici,10054501
Mitera,10048389
Fame Forever by Lifestyle,10056613
Rajnandini,10043077
Call It Spring,10050705
Park Avenue,10050223
Veni Vidi Vici,10054479
CODE by Lifestyle,10059977
PANAHI,10050725
LA LOFT,10039477
Soumya,10051089
Yuris,10054351
Roadster,10058237
Red Tape,10063505
Veni Vidi Vici,10054817
Fame Forever by Lifestyle,10056149
ROMEE,10051339
Soumya,10051093
Fastrack,10052041
Titan,10052753
Calvin Klein,10051481
CLAY CRAFT,10053895
Titan,10052659
ROMEE,10051355
Sonata,10052681
Veni Vidi Vici,10054803
Titan,10052317
Roadster,10046837
Yuris,10054385
Park Avenue,10050231
Soie,10040091
IMYOUNG,10050389
Titan,10052311
CHUTPUT,10062285
CLAY CRAFT,10053899
Sonata,10052487
Sonata,10051891
ColorPlus,10036335
Fame Forever by Lifestyle,10056031
Tokyo Talkies,10051329
Dynamocks,10063631
Sergio Tacchini,10038953
Titan,10052419
Gliders,10036981
Veni Vidi Vici,10054505
Cherry Crumble,10043651
Roadster,10058381
CODE by Lifestyle,10059811
Roadster,10046827
CODE by Lifestyle,10061085
Be Indi,10051595
Shaily,10037207
Red Tape,10063509
Alcis,10053697
ColorPlus,10036571
Harvard,10063569
Fastrack,10051949
Titan,10052065
Red Tape,10063537
Roadster,10058435
Solemio,10043601
Kryptic,10050841
Fastrack,10052739
berrytree,10039951
Veni Vidi Vici,10054543
berrytree,10039949
Veni Vidi Vici,10054893
LA LOFT,10051681
W,1004314
Soumya,10051211
INCOLOR,10041821
Veni Vidi Vici,10054855
Park Avenue,10050245
Sonata,10052679
CODE by Lifestyle,10059829
Roadster,10058315
CHUTPUT,10062139
CODE by Lifestyle,10060653
MsFQ,10039715
Call It Spring,10051449
Fastrack,10052359
WITH,10038885
ColorPlus,10036293
Alcis,10053675
CODE by Lifestyle,10059979
Metro,10063713
INCOLOR,10041871
CLAY CRAFT,10040631
Sonata,10052281
Titan,10052635
Shaily,10037023
Roadster,10058389
Roadster,10058309
Tokyo Talkies,10051303
Titan,10051955
CHUTPUT,10062099
TIMESMITH,10044431
Titan,10052273
Sonata,10052199
Fastrack,10052457
SPYKAR,10048029
Fastrack,10052313
Vishudh,10051251
IMYOUNG,10050369
Veni Vidi Vici,10054611
Cherry Crumble,10043709
Roadster,10058353
Sonata,10052247
Park Avenue,10050239
Cottinfab,10053743
Titan,10052301
Fame Forever by Lifestyle,10055817
Zoop,10052505
Tokyo Talkies,10051327
Forever New,10041745
Fame Forever by Lifestyle,10056445
CHUTPUT,10062273
Kvsfab,10051517
Veni Vidi Vici,10054469
ColorPlus,10036559
Rajnandini,10042697
ColorPlus,10036669
Veni Vidi Vici,10054795
Fastrack,10052629
Mali Fionna,10038731
Titan,10052745
Respiro,10053909
Sonata,10051997
Titan,10052737
Da Intimo,10039905
Cherry Crumble,10043665
CODE by Lifestyle,10060549
Roadster,10058537
Fame Forever by Lifestyle,10055975
Veni Vidi Vici,10054431
Killer,10053159
CODE by Lifestyle,10060299
Titan,10052701
Sonata,10052085
Fastrack,10052625
Red Tape,10063545
Fame Forever by Lifestyle,10056457
Elizabeth Arden,10048255
Besiva,10040837
Alcis,10053683
Veni Vidi Vici,10054577
Veni Vidi Vici,10054583
Titan,10052725
Roadster,10046861
berrytree,10039963
DODO & MOA,10051541
Sergio Tacchini,10038943
ColorPlus,10036633
Titan,10052245
Besiva,10040599
Soumya,10051031
Fastrack,10052055
AURELIA,1003781
Titan,10052723
Sonata,10052079
Fame Forever by Lifestyle,10056541
Roadster,10046897
Fame Forever by Lifestyle,10056033
Tokyo Talkies,10051319
Fastrack,10052565
Metro,10063643
ColorPlus,10036641
Veni Vidi Vici,10054811
Fame Forever by Lifestyle,10056529
Soumya,10051001
Titan,10052153
Zoop,10052385
Calvin Klein,10051479
TIMESMITH,10044459
Metro,10063703
Arrow Sport,1005061
Fastrack,10052331
Kraus Jeans,10038925
Titan,10052015
Kraus Jeans,10038933
CODE by Lifestyle,10060073
Roadster,10046853
Soumya,10051217
Sonata,10052335
Fastrack,10052699
Sonata,10052623
Miss Chase,10053873
Cottinfab,10053729
Saadgi,10053963
Roadster,10058401
Soumya,10050917
ColorPlus,10036717
Parx,10038613
Titan,10052601
Vishudh,10051243
Roadster,10058289
Mitera,10048365
Roadster,10058469
Titan,10052501
Vishudh,10051265
Shaily,10037147
Fastrack,10052537
Arrow Sport,1005137
Titan,10052207
Titan,10052169
Levis,10038519
Veni Vidi Vici,10054443
Marks & Spencer,10039429
WITH,10038875
Marks & Spencer,10039379
Lee Cooper,10053577
ColorPlus,10036433
Kraus Jeans,10038969
Park Avenue,10054037
Titan,10052151
Titan,10052201
Sonata,10052421
Soumya,10050963
Cottinfab,10053777
Fastrack,10052167
ColorPlus,10036349
Fastrack,10051935
Titan,10051929
Call It Spring,10051441
Coolers,10044177
Fame Forever by Lifestyle,10055815
Veni Vidi Vici,10054493
ColorPlus,10036631
CODE by Lifestyle,10060179
Titan,10051993
Titan,10051939
Titan,10052569
Da Intimo,10039889
AURELIA,1003783
Soumya,10051207
Veni Vidi Vici,10054447
INCOLOR,10041861
Bossini,10062739
Fame Forever by Lifestyle,10055883
Sonata,10052491
Zoop,10052497
Parx,10038611
Elizabeth Arden,10048253
Zoop,10052645
Arrow Sport,1005146
Arrow Sport,1005082
SPYKAR,10048073
Arrow New York,1005161
Sonata,10052193
CLAY CRAFT,10040633
Respiro,10044667
Foolzy,10039845
Titan,10051957
Liberty,10048145
Titan,10052489
Abhishti,10041193
INCOLOR,10041877
Sonata,10052075
Senorita,10044875
Soumya,10050955
Sonata,10052691
ROMEE,10051351
Crunchy Fashion,10040095
ColorPlus,10036283
Harvard,10063551
CODE by Lifestyle,10059839
Coolers,10044057
TIMESMITH,10044469
ColorPlus,10036553
CHUTPUT,10062223
Yuris,10054349
Roadster,10058463
Marks & Spencer,10039423
CODE by Lifestyle,10060765
Titan,10052059
Sonata,10052033
Rajnandini,10042679
Cherry Crumble,10043697
You Got Plan B,10050673
Titan,10052553
Soumya,10051023
Veni Vidi Vici,10054573
ZHEIA,10054051
Yuris,10054297
Roadster,10058397
ColorPlus,10036585
Soumya,10050931
Kraus Jeans,10038919
CHUTPUT,10062299
Chhabra 555,10036899
Soumya,10051043
Flying Machine,1003778
Veni Vidi Vici,10054593
HOME DECOR INDIA,10040389
Sonata,10052239
Mali Fionna,10038769
ColorPlus,10036325
Roadster,10058223
Sonata,10052689
Besiva,10040841
Soumya,10050923
CHUTPUT,10062175
Liberty,10045765
Roadster,10058277
Tokyo Talkies,10051297
ROMEE,10051367
DODO & MOA,10039923
LA LOFT,10039475
ROMEE,10051359
Vero Moda,1005514
Titan,10052449
CHUTPUT,10062229
CODE by Lifestyle,10060313
Flying Machine,1003764
ColorPlus,10036437
ColorPlus,10036541
Roadster,10046841
Fastrack,10052705
Arrow Sport,1004904
Sonata,10052249
Levis,10038489
Titan,10052455
Fastrack,10052163
Camey,10039787
LA LOFT,10063269
RICHARD PARKER by Pantaloons,10044639
Park Avenue,10050249
Veni Vidi Vici,10054497
Red Tape,10063523
Red Tape,10063529
IMYOUNG,10050417
Fastrack,10052227
Soumya,10051225
Cherry Crumble,10043649
Titan,10052183
Sonata,10052467
berrytree,10039965
Red Tape,10063541
CODE by Lifestyle,10060217
Soumya,10050975
CODE by Lifestyle,10059993
Flying Machine,1003775
Titan,10052743
Sergio Tacchini,10038945
ColorPlus,10036599
Roadster,10046873
Miss Chase,10053875
trueBrowns,10039711
CODE by Lifestyle,10060167
Shaily,10037089
Roadster,10046871
Roadster,10058547
Soumya,10051021
Soumya,10050949
Roadster,10058347
Respiro,10044683
Miss Chase,10062439
SPYKAR,10048055
Roadster,10046829
Sonata,10052209
Roadster,10058233
ColorPlus,10036591
Titan,10052677
Titan,10052131
Fastrack,10051987
Veni Vidi Vici,10054517
Marks & Spencer,10047999
ColorPlus,10036431
Chhabra 555,10045877
Cottinfab,10053735
ROMEE,10051371
Veni Vidi Vici,10054531
Flying Machine,1003773
Soumya,10051061
Fame Forever by Lifestyle,10056427
ColorPlus,10036593
Veni Vidi Vici,10054427
Zoop,10052641
Metro,10063693
Sonata,10052069
SPYKAR,10048033
Veni Vidi Vici,10054579
Alcis,10053689
Fame Forever by Lifestyle,10056475
Red Tape,10063513
Veni Vidi Vici,10054875
DODO & MOA,10039915
Sonata,10052345
Shaily,10037187
Veni Vidi Vici,10054445
Vishudh,10051241
Titan,10052435
Fastrack,10052727
Fastrack,10052545
CODE by Lifestyle,10060289
Fame Forever by Lifestyle,10056595
Cottinfab,10053731
ColorPlus,10036465
Arrow New York,1005163
ROMEE,10051337
INCOLOR,10041823
Vishudh,10051249
CODE by Lifestyle,10060341
Cottinfab,10053773
Zoop,10052539
RICHARD PARKER by Pantaloons,10044549
Coolers,10044109
Veni Vidi Vici,10054581
Veni Vidi Vici,10054781
CODE by Lifestyle,10059963
Sonata,10052613
Soumya,10051013
Titan,10051959
CHUTPUT,10062263
Chhabra 555,10036911
Park Avenue,10050217
Titan,10052519
Veni Vidi Vici,10054527
Cottinfab,10053775
Cottinfab,10053763
Fastrack,10052397
Titan,10052177
CODE by Lifestyle,10059919
CODE by Lifestyle,10060061
Mitera,10048373
Kraus Jeans,10038915
CODE by Lifestyle,10060103
Vishudh,10051263
Park Avenue,10050247
Shaily,10037143
DODO & MOA,10101345
Friskers,10071509
UCLA,10073339
Blue Saint,10070589
Fastrack,10052233
Genie,10105895
Veni Vidi Vici,10054557
Fastrack,10052643
Genie,10105845
DressBerry,10080173
Femmora,10072509
Vishudh,10080601
Kazo,10074379
Fos Lighting,10098667
FirstClap,10072411
Clovia,10096173
Femmora,10072507
Vishudh,10080393
ZHEIA,10068615
Style Quotient,10092051
Rajasthan Decor,10096263
Femmora,10072499
Flying Machine,10099541
SG YUVRAJ,10096481
Kazo,10074381
URBAN TRIBE,10075753
Vishudh,10074619
UCLA,10073389
DressBerry,10080179
CASIO,10069631
Kenneth Cole,10088907
LOCOMOTIVE,10074245
VRINDA,10101287
Lady Stark,10064595
Newton,10075283
Bodycare,10089325
Alvaro Castagnino,1008976
Organic Harvest,10075865
Campus,10071067
Tokyo Talkies,10080497
Be Indi,10080551
Free Authority,10073829
CASIO,10069655
Dennmarks,10065605
Voylla,10073919
Wish Karo,10070537
FirstClap,10072381
Flying Machine,10099499
Bodycare,10089373
Ecko Unltd,10092123
DressBerry,10098527
Roadster,10064507
UCLA,10073181
Crocs,10089285
MBOSS,10082677
VRINDA,10096767
Bodycare,10089413
Mochi,10080317
CASIO,10069707
Voylla,10098487
Vishudh,10073609
ELLE,10073687
Metro,10063803
Campus,10063863
Free Authority,10073825
Oxolloxo,10070715
ELLE,10073665
UCLA,10073415
OBSESSIONS,10098771
ELLE,10101099
Puma,10071051
Campus,10063861
Bodycare,10089343
Living Essence,10068483
Femmora,10072517
Difference of Opinion,10070545
GIORDANO,10097193
Hi RELs,10089513
Roadster,10099591
Roadster,10064493
DDecor,10105693
Friskers,10071521
Bodycare,10089465
ELLE,10073681
Vishudh,10080605
Tokyo Talkies,10085971
Bodycare,10089385
VRINDA,10099051
Bodycare,10089453
Tokyo Talkies,10080485
Metro,10063767
Free Authority,10073827
Puma,10075943
Mochi,10066959
Soumya,10101289
Tokyo Talkies,10098519
HRX by Hrithik Roshan,10064639
INVICTUS,10065009
ELLE,10073685
Campus,10071803
Miss Chase,10075723
Metro,10063853
Flying Machine,10099509
GIORDANO,10097267
Alvaro Castagnino,1008977
Miss Chase,10075725
Evoke 1899,1009385
GIORDANO,10097253
UCLA,10073351
UCLA,10073315
ZHEIA,10068569
Marvel by Wear Your Mind,10069765
Flying Machine,10099483
Newport,10064053
Tokyo Talkies,10080481
Schwarzkopf PROFESSIONAL,10092455
ZHEIA,10068547
Louis Philippe,10065515
LOCOMOTIVE,10074239
Louis Philippe,10065419
Metro,10063735
Puma,10075921
Anekaant,10073959
Metro,10063755
Metro,10063841
Be Indi,10080465
ELLE,10101119
ZHEIA,10068595
Rajasthan Decor,10096435
PANIT,10089043
TAYHAA,10080555
Bodycare,10089383
SELECTED,1010508
PANIT,10089045
Ecko Unltd,10092139
Alvaro Castagnino,10071177
SOJANYA,10091317
Rajasthan Decor,10096285
HERE&NOW,10095305
ELLE,10073635
ELLE,10073637
ELLE,10073623
Puma,10071673
CASIO,10069675
IMYOUNG,10071395
Ecko Unltd,10092109
Flying Machine,10099525
Organic Harvest,10075837
Bodycare,10089415
Ecko Unltd,10092113
Organic Harvest,10075823
SOJANYA,10091247
Roadster,10064569
Living Essence,10068465
Veni Vidi Vici,10072963
Flying Machine,10099515
IMYOUNG,10071371
GIORDANO,10097195
Genie,10105833
Ecko Unltd,10092117
Tokyo Talkies,10086319
UCLA,10073237
VRINDA,10097063
Louis Philippe,10065531
CASIO,10069695
Metro,10072339
IMYOUNG,10071397
Flying Machine,10099505
Flying Machine,10099475
Dennmarks,10065623
Vishudh,10073605
GIORDANO,10097201
Louis Philippe,10065539
Louis Philippe,10065295
Bodycare,10089387
Sangria,10098867
Divine Casa,10089141
OBSESSIONS,10098823
Red Tape,10074949
SELECTED,1010510
Louis Philippe,10065493
Roadster,10092105
Unravel India,10073899
Steenbok,10101611
SOJANYA,10091349
Belle Fille,1010453
Roadster,10099633
DODO & MOA,10101321
Metro,10063723
ELLE,10101105
DDecor,10105705
Kittens,10074433
HERE&NOW,10095267
Kvsfab,10071041
Genie,10105877
Belle Fille,1010438
GIORDANO,10097211
Vishudh,10080397
Schwarzkopf PROFESSIONAL,10092469
Alvaro Castagnino,1008981
HERE&NOW,10095269
OBSESSIONS,10098847
Roadster,10064485
ELLE,10101113
Fos Lighting,10098663
Tokyo Talkies,10080477
Bodycare,10089399
VRINDA,10097069
ELLE,10073669
ELLE,10073639
Shaily,10080227
Red Tape,10089185
Belle Fille,1010440
Evoke 1899,1009364
Marks & Spencer,10105709
UCLA,10073227
Tokyo Talkies,10075395
Roadster,10092097
INVICTUS,10064981
DressBerry,10098553
Slub,1009557
IMYOUNG,10071375
Flying Machine,1008343
UCLA,10073337
Bodycare,10089433
Rajasthan Decor,10096301
Roadster,10064529
OBSESSIONS,10098819
URBAN TRIBE,10074201
Metro,10072347
Soumya,10101251
Flying Machine,10099493
DODO & MOA,10101635
Blissta,1010018
Alena,10104841
MIAH Decor,10089315
Roadster,10064501
Newport,10064153
SWHF,10080243
Flying Machine,1008342
INVICTUS,10064807
Newport,10064109
Steenbok,10101619
Belle Fille,1010467
Urban Dog,10070233
JUMP USA,10101409
Roadster,10064487
INVICTUS,10064723
Flying Machine,10099479
St. Ives,10091275
Organic Harvest,10075857
Campus,10063877
DDecor,10105703
Mochi,10074713
GIORDANO,10097251
UCLA,10073073
Unravel India,10073895
Roadster,10092089
Rajasthan Decor,10096403
OBSESSIONS,10098805
ELLE,10101661
Vishudh,10074627
Puma,10076001
UCLA,10073483
FabAlley,10063955
Steenbok,10101613
Nucleus,10089009
Vishudh,10089243
Campus,10071097
Puma,10082761
GIORDANO,10097307
Voylla,10085039
Campus,10063901
Soumya,10101379
Soumya,10101363
Home Sparkle,10098655
Puma,10075963
Kazo,10074409
ZHEIA,10068597
shiloh,10070729
Roadster,10064513
Roadster,10064489
INVICTUS,10064901
Allen Solly,10066279
Mochi,10066975
UCLA,10073363
KLEIO,10098361
TAYHAA,10080565
Campus,10063887
Maniac,10098491
Flying Machine,10099523
ELLE,10101123
UCLA,10073179
KLEIO,10098367
Tokyo Talkies,10085961
Bodycare,10089361
Kittens,10074449
ELLE,10073693
SOJANYA,10091367
Roadster,10092103
Nucleus,10089013
Globus,10099445
ELLE,10101687
Vishudh,10080395
EthnoVogue,10075177
ZHEIA,10068605
Genie,10105867
CASIO,10069669
Bodycare,10089457
Bodycare,10089463
Home Sparkle,10098647
VRINDA,10099079
Tokyo Talkies,10080493
ELLE,10073683
Vishudh,10074615
Organic Harvest,10075855
ELLE,10101121
GIORDANO,10097237
Bodycare,10089349
Belle Fille,1010478
Fourwalls,10080599
ZHEIA,10068553
Bodycare,10089365
Newport,10064049
Newport,10064165
Miss Chase,10075727
Campus,10092019
Newport,10064029
Roadster,10092085
Alvaro Castagnino,1008979
Bodycare,10089469
Tokyo Talkies,10098521
AKKRITI BY PANTALOONS,10080283
GIORDANO,10097243
DressBerry,10080181
INVICTUS,10064851
Metro,10072343
Genius,10105815
GIORDANO,10097289
Vishudh,10074643
HERE&NOW,10095231
Campus,10063895
GIORDANO,10073749
Bohemia Crystal,10075291
EQUINOX,10079995
Genie,10105861
Zink London,10089161
Rajasthan Decor,10096289
INVICTUS,10065037
Schwarzkopf PROFESSIONAL,10092453
Vishudh,10073597
YASH GALLERY,10089301
Dennmarks,10071443
Vishudh,10073603
Metro,10063849
Puma,10098419
Soumya,10096843
Alena,10104825
Genie,10105823
Organic Harvest,10075841
Sparx,10101445
ELLE,10073667
Clovia,10096239
Dennmarks,10071423
Newport,10064143
Free Authority,10074227
Tokyo Talkies,10088851
Puma,10075941
Newport,10064035
Bodycare,10089435
VRINDA,10101227
Roadster,10064481
UCLA,10073263
Vishudh,10074641
Alvaro Castagnino,10071231
UCLA,10073171
Annabelle by Pantaloons,10075821
Ecko Unltd,10092439
Flying Machine,10099531
Kazo,10066987
CASIO,10069587
KLEIO,10098377
Bodycare,10089441
Slub,1009547
ELLE,10101111
Van Heusen,1010554
Genie,10105863
CASIO,10069539
Roadster,10064515
INVICTUS,10064773
GIORDANO,10097219
Newport,10064085
GIORDANO,10097249
UCLA,10073007
Alena,10104831
UCLA,10073359
Organic Harvest,10075859
INVICTUS,10064857
Bodycare,10089411
YK,10099125
Puma,10098425
Red Tape,10089205
Bodycare,10089437
Kenneth Cole,10071599
CASIO,10069699
Ecko Unltd,10092115
FirstClap,10072391
Kenneth Cole,10088931
Blue Giraffe,10080643
GIORDANO,10073735
Free Authority,10073811
OBSESSIONS,10098825
Vishudh,10074629
Ecko Unltd,10092121
SOJANYA,10091325
Flying Machine,10099537
Silvermerc Designs,10075785
Sparx,10101435
Roadster,10064541
Newport,10064111
Blue Giraffe,10080645
Blue Giraffe,10080649
HERE&NOW,10095239
Black coffee,10074235
Genie,10105871
HERE&NOW,10091967
Roadster,10092075
Metro,10063795
Clovia,10096225
Blue Giraffe,10075281
ELLE,10073633
UCLA,10073177
Puma,10065725
CASIO,10069623
YASH GALLERY,10089299
UCLA,10073463
UCLA,10073077
SOJANYA,10091339
Bodycare,10089347
Annabelle by Pantaloons,10081403
Roadster,10064547
Dennmarks,10065595
Louis Philippe,10065473
Roadster,10064521
Jacques Lemans,10071413
UCLA,10072995
Organic Harvest,10075867
Tokyo Talkies,10085969
Divine Casa,10089149
OBSESSIONS,10098801
Flying Machine,10099487
ZIYAA,10076029
Vishudh,10074623
Tokyo Talkies,10075411
ZHEIA,10068535
Flying Machine,10099519
ELLE,10101107
Miss Chase,10080611
Alvaro Castagnino,1009000
GIORDANO,10073771
Soumya,10101253
ZHEIA,10068529
Flying Machine,10099489
SKULT by Shahid Kapoor,10065151
TAYHAA,10080573
GIORDANO,10068639
Roadster,10064459
Campus,10071793
Belle Fille,1010450
Flying Machine,10099477
Bodycare,10089429
Mochi,10074751
Soumya,10097155
Schwarzkopf PROFESSIONAL,10092465
Ecko Unltd,10092137
Soumya,10101259
Campus,10071787
PERFKT-U,10072929
VRINDA,10101211
Puma,10063923
INVICTUS,10064843
Kazo,10074387
Zeal,10075815
Organic Harvest,10075833
Vishudh,10080399
WITH,10089225
Vishudh,10074597
OBSESSIONS,10098765
Metro,10072357
Roadster,10092073
Vishudh,10080607
HERE&NOW,10095311
SOJANYA,10091351
HERE&NOW,10064575
Cortina,10096329
Vishudh,10080407
DressBerry,10088875
Organic Harvest,10075845
Blue Giraffe,10089607
plusS,10101727
ELLE,10073627
Vishudh,10075453
Style Quotient,10072629
DressBerry,10080175
Friskers,10071507
Organic Harvest,10075843
Flying Machine,10099517
Kenneth Cole,10088949
Rajasthan Decor,10096303
Flying Machine,10099467
Nucleus,10089007
Vishudh,10073599
Evoke 1899,1009347
Vishudh,10074601
Flying Machine,10099497
Unravel India,10073907
Voylla,10085047
Peter England,10071139
Wintage,10081353
ZHEIA,10068573
ELLE,10101643
Flying Machine,10099539
SELECTED,1010498
Tokyo Talkies,10080479
V Dot,1010542
ZHEIA,10068563
Shoetopia,10071451
Kazo,10074401
Belle Fille,1010437
Soumya,10101295
Voylla,10085025
TAYHAA,10080569
MIAH Decor,10089313
Puma,10075953
Eavan,10084341
Zink London,10089169
Puma,10075915
Vishudh,10074635
Anekaant,10073971
Levis,10086121
ZHEIA,10068571
Soumya,10096851
Campus,10071073
Free Authority,10073815
Tokyo Talkies,10080489
Femmora,10072515
YASH GALLERY,10070531
Belle Fille,1010452
Vishudh,10073611
Voylla,10098467
Vishudh,10074631
Vishudh,10074639
ZHEIA,10068583
Alena,10104829
Flying Machine,10099529
Free Authority,10074225
Bodycare,10089397
Louis Philippe,10065471
Kazo,10074421
Bodycare,10089337
Rajasthan Decor,10096411
VRINDA,10097071
IMYOUNG,10071389
Campus,10063883
SKULT by Shahid Kapoor,10065121
Ecko Unltd,10092127
Vishudh,10074647
Rajasthan Decor,10096295
Puma,10071055
YK,10099113
Genie,10105881
GIORDANO,10068627
ELLE,10073679
Metro,10072335
ELLE,10073675
JBN Creation,10063995
Urban Dog,10070291
DressBerry,10080177
Tokyo Talkies,10080475
ELLE,10101109
ZHEIA,10068567
VRINDA,10096961
Masch Sports,10074083
Newport,10064041
YASH GALLERY,10070533
Louis Philippe,10065307
Louis Philippe,10065581
Puma,10075935
Vishudh,10074617
Roadster,10064539
Tokyo Talkies,10080483
Tokyo Talkies,10086107
Hi RELs,10089519
Metro,10063811
Roadster,10092093
Sparx,10101447
Bohemia Crystal,10075289
Campus,10071065
INVICTUS,10064765
ZHEIA,10068551
Steenbok,10101627
ELLE,10101117
Roadster,10091939
Annabelle by Pantaloons,10081401
Alvaro Castagnino,1009002
CASIO,10069727
TAYHAA,10080567
DODO & MOA,10101319
GIORDANO,10068687
Newport,10064141
Organic Harvest,10075829
Belle Fille,1010483
Allen Solly,10066363
UCLA,10073437
Newport,10064065
Tokyo Talkies,10075405
Divine Casa,10074313
Alena,10104843
Bohemia Crystal,10075295
GIORDANO,10097287
Roadster,10064497
Soumya,10101313
ELLE,10101127
GIORDANO,10097213
Louis Philippe,10065407
ELLE,10073621
Home Sparkle,10098661
Kenneth Cole,10071591
plusS,10075747
Flying Machine,10099511
Alena,10104845
Devis,10089059
Campus,10071795
CASIO,10069611
Bodycare,10089447
Vishudh,10074611
Vishudh,10073615
Vishudh,10074621
Divine Casa,10089143
Roadster,10064549
OBSESSIONS,10098777
ELLE,10073641
Divine Casa,10089133
ELLE,10101129
Namyaa,10092065
ONLY,1009680
Puma,10072215
Schwarzkopf PROFESSIONAL,10092457
Bodycare,10089333
DODO & MOA,10101325
SOJANYA,10091359
Newport,10064145
Eske,10072955
Bohemia Crystal,10075293
Genie,10105821
Alena,10104827
Newport,10064121
Rajasthan Decor,10096283
Vishudh,10074625
Steenbok,10101607
ZHEIA,10068611
Roadster,10064545
Soumya,10096845
UCLA,10073123
Louis Philippe,10065477
Belle Fille,1010442
Campus,10071081
Genie,10105869
Louis Philippe,10065447
Bodycare,10089407
ELLE,10073643
DressBerry,10088871
Mochi,10066969
ELLE,10073657
Campus,10092025
Vishudh,10074605
Belle Fille,1010476
IMYOUNG,10071387
Namyaa,10089295
HERE&NOW,10095327
Femmora,10072511
Free Authority,10073831
V Dot,1010546
ELLE,10101691
Organic Harvest,10075853
Kvsfab,10071025
ELLE,10073651
Roadster,10064479
KLEIO,10098387
Roadster,10064471
MIWAY,10075491
Campus,10071785
Smiley World,10076249
Friskers,10071499
PANIT,10085061
KLEIO,10098385
ZIYAA,10076055
Roadster,10064565
Maserati,10071263
Roadster,10064553
UCLA,10073113
Ecko Unltd,10092125
Zink London,10089159
JUMP USA,10101401
Tokyo Talkies,10080501
Marvel by Wear Your Mind,10069795
Bodycare,10089359
Genie,10105855
Rajasthan Decor,10096271
Archies,10075357
ELLE,10101647
Red Tape,10074941
DDecor,10105691
ELLE,10101665
CASIO,10069713
ELLE,10073661
Puma,10075969
ZHEIA,10068579
Tokyo Talkies,10085973
Marie Claire,10083433
Vishudh,10075455
Puma,10080309
Kittens,10074437
Puma,10071317
Chumbak,10081151
Roadster,10064531
YK,10099093
Allen Solly,10066255
HERE&NOW,10095277
Vishudh,10080603
ELLE,10073645
Roadster,10064511
Mochi,10066951
Rajasthan Decor,10096291
Bodycare,10089439
ELLE,10101677
Aber & Q,10074559
Crew STREET,10088889
DressBerry,10080183
Bodycare,10089335
KLEIO,10098381
KLEIO,10098363
Bodycare,10089431
Louis Philippe,10065507
Bohemia Crystal,10075299
Friskers,10071511
Puma,10075955
Divine Casa,10089151
CASIO,10069705
EQUINOX,10080029
HERE&NOW,10095335
Bodycare,10089423
Roadster,10092083
Kazo,10074385
Kittens,10074431
Red Tape,10074967
Simply,10088847
Friskers,10071529
UCLA,10073119
Sparx,10101425
Shoetopia,10071463
Unravel India,10073889
Bodycare,10089409
Bodycare,10089377
Campus,10063867
Flying Machine,10099485
Tokyo Talkies,10080499
Evoke 1899,1009381
Flying Machine,10099543
Roadster,10064543
Bodycare,10089393
DODO & MOA,10101327
Voylla,10098479
Flying Machine,10099533
Tokyo Talkies,10075401
GIORDANO,10068643
Voylla,10084985
Soumya,10096821
Roadster,10064463
Flying Machine,10099471
Roadster,10064499
Roadster,10064561
Puma,10075937
TAYHAA,10080571
YASH GALLERY,10089303
YASH GALLERY,10089305
Campus,10063875
Bodycare,10089353
KLEIO,10098373
VRINDA,10096923
Dennmarks,10065659
Organic Harvest,10075851
SOJANYA,10091347
Belle Fille,1010448
Vishudh,10074613
Soumya,10101255
DressBerry,10098569
Wintage,10081369
People,10072299
Flying Machine,10099545
UCLA,10073199
ELLE,10101649
GIORDANO,10097271
VRINDA,10096927
ELLE,10073625
Roadster,10064461
Genius,10101529
ELLE,10073653
Kittens,10074435
Eavan,10063979
GMF,10074155
Divine Casa,10089139
Puma,10063911
Alvaro Castagnino,1008985
Alena,10104839
Puma,10075931
GIORDANO,10097221
Ecko Unltd,10092111
OBSESSIONS,10098757
Tokyo Talkies,10098517
Roadster,10064475
Flying Machine,1008344
GIORDANO,10073703
Puma,10065709
Soumya,10101301
Flying Machine,10099495
Simply,10088823
Roadster,10064467
Shaily,10080233
Kittens,10074447
Louis Philippe,10065383
CASIO,10069711
EthnoVogue,10075165
Varanga,10074211
Puma,10063927
Be Indi,10080617
GIORDANO,10097293
Schwarzkopf PROFESSIONAL,10092447
Puma,10098421
Red Tape,10089199
Divine Casa,10089145
GIORDANO,10097299
Kittens,10074453
Urban Dog,10070297
Rajasthan Decor,10096267
Blue Giraffe,10089609
VRINDA,10101219
CASIO,10069605
Bodycare,10089391
Roadster,10064517
ABELINO,10091243
Vishudh,10074595
FirstClap,10072389
Home Sparkle,10098657
Flying Machine,10099469
HERE&NOW,10095323
Unravel India,10073905
Roadster,10064535
Namyaa,10089297
Miss Chase,10080609
Soumya,10101297
SOJANYA,10091369
Roadster,10064557
Tokyo Talkies,10082953
OBSESSIONS,10098779
SOJANYA,10091343
UCLA,10073297
Campus,10092027
JBN Creation,10064015
ELLE,10101131
IMYOUNG,10071369
Flying Machine,10099481
COVER STORY,10070587
URBAN TRIBE,10075751
UCLA,10073431
Roadster,10064525
Belle Fille,1010447
CASIO,10069683
Levis,10086117
Vishudh,10089613
DDecor,10105697
SOJANYA,10091321
Organic Harvest,10075835
Kittens,10074463
Bodycare,10089323
ZHEIA,10068557
Cortina,10096347
CASIO,10069595
Metro,10063743
Louis Philippe,10065355
GIORDANO,10097303
Roadster,10064559
HERE&NOW,10064579
ELLE,10073631
Campus,10063897
Vishudh,10074637
Soumya,10096823
UCLA,10073079
FirstClap,10072379
Tokyo Talkies,10085981
Unravel India,10073893
CASIO,10069641
Schwarzkopf PROFESSIONAL,10092535
UCLA,10073251
Roadster,10064523
VRINDA,10099069
Voylla,10084973
Tokyo Talkies,10080487
Vishudh,10073613
Organic Harvest,10075825
Unravel India,10073885
Tokyo Talkies,10085983
Belle Fille,1010441
Roadster,10092091
Van Heusen,10068081
Vishudh,10074609
JUMP USA,10101395
Bodycare,10089339
Kazo,10074407
Shaily,10080239
FirstClap,10072409
DressBerry,10080187
Bodycare,10089363
CASIO,10069571
Belle Fille,1010439
Friskers,10071503
UCLA,10073061
Puma,10063925
Miss Chase,10075261
Hi RELs,10089531
UCLA,10073485
Miss Chase,10089511
Roadster,10064519
Levis,10086119
YK,10099121
ELLE,10073647
Rajasthan Decor,10096265
Kenneth Cole,10088937
Campus,10063881
Zink London,10089173
ELLE,10092533
Blue Giraffe,10080651
HERE&NOW,10064585
Oxolloxo,10070717
VRINDA,10099065
Genie,10105887
ELLE,10073677
Vishudh,10074633
Shaily,10080229
Sparx,10101427
Roadster,10064457
YK,10099101
Home Sparkle,10098651
Kazo,10066997
DressBerry,10088869
Puma,10075957
Silvermerc Designs,10075757
Urban Dog,10070039
Kazo,10074423
Roadster,10064473
Puma,10075927
Schwarzkopf PROFESSIONAL,10092537
Slub,1009552
Newport,10064163
ELLE,10073659
OBSESSIONS,10098807
IMYOUNG,10071365
Roadster,10064483
KLEIO,10098375
Hi RELs,10089527
Bodycare,10089331
GMF,10074153
Voylla,10073929
CASIO,10069529
Roadster,10092101
Oxolloxo,10070721
Roadster,10064533
Roadster,10064509
ELLE,10073649
DressBerry,10098543
Campus,10071093
HERE&NOW,10095221
Femmora,10072523
Kittens,10074451
Louis Philippe,10065453
Kazo,10067013
UCLA,10073401
The Kaftan Company,10074173
IMYOUNG,10071373
Karmic Vision,10132417
Park Avenue,10127521
Mast & Harbour,10115461
Mast & Harbour,10115395
Bonjour,10117221
Alena,10133067
Deco Window,10111395
Mast & Harbour,10115499
Mast & Harbour,10133327
Karmic Vision,10132539
Karmic Vision,10132263
Bodycare,10129431
Archies,10115281
Tokyo Talkies,10127117
Blissta,10127819
GIORDANO,10127787
ADIVA,10132041
Latin Quarters,10134001
Archies,10115197
Flying Machine,10121071
Calvin Klein,10134347
Moda Rapido,10128377
Archies,10115295
DressBerry,10110913
Mast & Harbour,10115507
Flying Machine,10121097
Indian Terrain,10134599
GIORDANO,10133445
RARE,10106755
RARE,10106761
URBAN TRIBE,10110843
GIORDANO,10127781
SOLES,10106941
Lavie,10131799
Truffle Collection,10110931
GAP,10128913
Indian Terrain,10134925
BuckleUp,10108715
Indian Terrain,10134507
Flying Machine,10121081
Roadster,10111323
Archies,10115331
KARATCART,10125217
Calvin Klein,10131759
DressBerry,10110863
Flying Machine,10121125
Flying Machine,10121135
Calvin Klein,10134377
Flying Machine,10121043
Lavie,10131725
Deco Window,10111411
Calvin Klein,10126779
Roadster,10134195
Flying Machine,10121099
GIORDANO,10127795
Priyaasi,10135429
Mine4Nine,10110795
Flying Machine,10124565
Karmic Vision,10132315
CHROME & CORAL,10135797
Genie,10105915
Deco Window,10111403
Bonjour,10117279
Kvsfab,10109023
Lavie,10131613
Karmic Vision,10132369
FAUSTO,10119565
Indian Terrain,10135051
Bonjour,10117245
Mast & Harbour,10115433
Alena,10124883
Bodycare,10129417
Roadster,10125017
Mast & Harbour,10133341
Indian Terrain,10135757
HRX by Hrithik Roshan,10106139
Latin Quarters,10133989
GAP,10128883
Genie,10105897
ADORN by Nikita Ladiwala,10133351
Archies,10115273
Hancock,10128129
Calvin Klein Jeans,10129113
Karmic Vision,10132403
United Colors of Benetton,10110585
HIGHLANDER,10132017
RARE,10106771
Bonjour,10117259
Flying Machine,10121089
VRINDA,10108845
Archies,10115285
Karmic Vision,10132377
Indian Terrain,10135079
Lavie,10131635
Blissta,10127797
Indian Terrain,10134729
Indian Terrain,10134517
Flying Machine,10121137
Karmic Vision,10132537
OBSESSIONS,10132093
FAUSTO,10118903
Archies,10115209
Mast & Harbour,10135541
Flying Machine,10121095
W,10129025
Indian Terrain,10134685
Moda Rapido,1010692
Indian Terrain,10134893
KARATCART,10125225
Secret Temptation,10130747
BuckleUp,10108759
Archies,10115289
Hancock,10128137
HEATWAVE,10111383
Flying Machine,10124579
Archies,10115223
DressBerry,10111123
GIORDANO,10128997
ADORN by Nikita Ladiwala,10133347
GAP,10128915
OBSESSIONS,10132087
FAUSTO,10117101
Qraa Men,10108463
Archies,10115267
Truffle Collection,10110939
Karmic Vision,10132535
Indian Terrain,10134611
Deco Window,10111397
BownBee,10127933
Indian Terrain,10135979
Baggit,10128215
Hancock,10128121
Lavie,10131875
Archies,10115297
HRX by Hrithik Roshan,10106049
Bonjour,10117271
Indian Terrain,10134949
DressBerry,10111115
Flying Machine,10121055
Deco Window,10111393
DressBerry,10110901
Karmic Vision,10132461
Force NXT,10127241
Lavie,10131721
Lavie,10131945
Flying Machine,10124585
HERE&NOW,10133817
Karmic Vision,10132381
Flying Machine,10124645
Flying Machine,10124647
Alena,10133059
URBANE,10106977
Indian Terrain,10134821
Indian Terrain,10134627
Puma,10124997
Priyaasi,10135525
Canary London,10128107
FAUSTO,10129617
RARE,10106757
FAUSTO,10127099
Indian Terrain,10134969
Indian Terrain,10134817
Karmic Vision,10132371
Crocs,10132681
Bodycare,10129425
Indian Terrain,10134897
Levis,10129351
Flying Machine,10124577
Lavie,10131711
Mast & Harbour,10129555
Indian Terrain,10135041
Archies,10115291
Metro,10128009
Indian Terrain,10134699
Priyaasi,10135427
Lavie,10131619
Indian Terrain,10134801
Karmic Vision,10132585
ADORN by Nikita Ladiwala,10133369
Jack & Jones,1010960
Calvin Klein,10126799
fancy mart,10108289
ADORENITE,10121997
ADORENITE,10121825
Karmic Vision,10132567
Jack & Jones,1010941
Flying Machine,10121157
BuckleUp,10108745
Karmic Vision,10132433
Latin Quarters,10128161
Flying Machine,10124567
Archies,10115237
Indian Terrain,10134683
FAUSTO,10117195
Bonjour,10117225
Hancock,10128157
Hypernation,10125011
Bonjour,10117287
Calvin Klein,10131769
HIGHLANDER,10132019
Calvin Klein,10126785
Lavie,10131843
Archies,10115321
Archies,10115277
Pantaloons Junior,10111343
HRX by Hrithik Roshan,10106163
Blissta,10127815
Bonjour,10117227
Flying Machine,10121047
Minions by Kook N Keech,10128963
GIORDANO,10133431
RARE,10106753
Indian Terrain,10134601
Indian Terrain,10135091
GIORDANO,10127791
Lavie,10131617
Archies,10115247
HIGHLANDER,10132015
Flying Machine,10124603
Indian Terrain,10134809
Mast & Harbour,10115579
FAUSTO,10117187
Indian Terrain,10136005
Karmic Vision,10132317
Caprese,10117345
Clovia,10121719
FAUSTO,10119571
Karmic Vision,10132601
ADORENITE,10121929
Alena,10133083
Lavie,10131693
FAUSTO,10111179
Levis,10129345
Mochi,10124871
Flying Machine,10121107
Archies,10115259
Indian Terrain,10135083
ADORN by Nikita Ladiwala,10133353
Flying Machine,10121117
HEATWAVE,10111365
Mast & Harbour,10135149
Flying Machine,10124759
Flying Machine,10124609
Karmic Vision,10132249
HRX by Hrithik Roshan,10106183
SUITLTD,1012779
Vishudh,10127289
Karmic Vision,10132441
Lavie,10131647
Karmic Vision,10132469
Indian Terrain,10136009
Archies,10115235
Indian Terrain,10134705
KARATCART,10125239
Hancock,10128145
HRX by Hrithik Roshan,10106291
GAP,10128873
FAUSTO,10119371
Lavie,10131743
Hypernation,10125009
Flying Machine,10124589
Clovia,10133607
Karmic Vision,10132511
Archies,10115333
Flying Machine,10121065
Archies,10115221
HERE&NOW,10127205
Flying Machine,10124587
fancy mart,10108285
BuckleUp,10108697
Roadster,10110737
IMYOUNG,10108639
FAUSTO,10117065
Archies,10115283
Mochi,10124865
Flying Machine,10121123
GIORDANO,10129009
Flying Machine,10124623
Mast & Harbour,10129611
HEATWAVE,10111367
Lavie,10131815
GAP,10128879
Peter England Casuals,10127543
LOCOMOTIVE,10132025
Priyaasi,10135511
Lavie,10131839
HRX by Hrithik Roshan,10106321
Indian Terrain,10134709
Flying Machine,10124627
Chumbak,10106581
Home Sparkle,10132133
KARATCART,10125235
Tokyo Talkies,10127987
Indian Terrain,10135989
FAUSTO,10129623
Indian Terrain,10135081
Indian Terrain,10135085
Harpa,1010627
Truffle Collection,10111025
Indian Terrain,10134867
Flying Machine,10121085
Calvin Klein,10126783
GIORDANO,10133399
GIORDANO,10127793
Priyaasi,10135485
Flying Machine,10121145
Indian Terrain,10135975
Archies,10115293
ADORENITE,10121853
Minions by Kook N Keech,10128959
Flying Machine,10124767
SOLES,10106915
HRX by Hrithik Roshan,10106299
KARATCART,10125237
Indian Terrain,10135111
ADIVA,10132045
Flying Machine,10121017
HRX by Hrithik Roshan,10106181
Taavi,10132811
Mast & Harbour,10118339
IMYOUNG,10108343
Geroo Jaipur,10127835
Bonjour,10117281
Indian Terrain,10134971
Indian Terrain,10134569
GIORDANO,10127775
Moda Rapido,10128371
Alena,10133061
HEATWAVE,10111361
HRX by Hrithik Roshan,10106229
Flying Machine,10121015
Priyaasi,10135497
Home Sparkle,10132125
Lavie,10131683
HRX by Hrithik Roshan,10106341
Karmic Vision,10132525
Indian Terrain,10134585
Mochi,10124867
Bonjour,10117241
DressBerry,10111121
Home Sparkle,10132123
FAUSTO,10122041
Clovia,10133629
Mast & Harbour,10118375
Bamboo Tree Jewels,10106615
CHROME & CORAL,10135789
HRX by Hrithik Roshan,10106211
Bonjour,10117265
Kappa,1011679
Mast & Harbour,10115427
Indian Terrain,10134875
FAUSTO,10129633
Bamboo Tree Jewels,10106603
Archies,10115213
Archies,10115303
DressBerry,10111105
Truffle Collection,10110977
Archies,10115255
Mast & Harbour,10115483
Alena,10129483
Calvin Klein,10131763
Hancock,10128149
Lavie,10131823
Flying Machine,10124597
Mast & Harbour,10115397
HRX by Hrithik Roshan,10106035
Hancock,10128127
Flying Machine,10121121
KARATCART,10125231
Pantaloons Junior,10111349
Calvin Klein,10126795
Sher Singh,101206
Indian Terrain,10134495
Archies,10115301
Deco Window,10111405
Indian Terrain,10134717
Bamboo Tree Jewels,10106591
DressBerry,10110879
BownBee,10127939
Flying Machine,10121067
Minions by Kook N Keech,10128971
Calvin Klein,10126755
Indian Terrain,10135021
Home Sparkle,10132139
Chumbak,10108331
GIORDANO,10133435
Priyaasi,10135489
Indian Terrain,10134987
Alena,10124891
Clovia,10133695
Karmic Vision,10132425
Indian Terrain,10134631
Taavi,10128407
HEATWAVE,10111371
Kvsfab,10109017
HEATWAVE,10111373
Flying Machine,10121039
HRX by Hrithik Roshan,10106119
HERE&NOW,10126603
FAUSTO,10117203
HRX by Hrithik Roshan,10106063
Flying Machine,10124615
Calvin Klein,10134393
HEATWAVE,10122151
Flying Machine,10121061
Mast & Harbour,10135645
Priyaasi,10135493
Archies,10115279
Archies,10115211
Mast & Harbour,10135633
Morpheme Remedies,10109005
KiddoPanti,10117015
Mast & Harbour,10135557
Calvin Klein,10134397
Karmic Vision,10132347
Indian Terrain,10135019
Flying Machine,10121105
Lavie,10131723
Priyaasi,10135433
Flying Machine,10124649
Truffle Collection,10110987
Flying Machine,10124777
Flying Machine,10124635
Levis,10129343
GIORDANO,10129005
Mast & Harbour,10115431
HRX by Hrithik Roshan,10106011
Kvsfab,10109025
ROMEE,10132047
Flying Machine,10124555
Archies,10115265
Mast & Harbour,10118383
Indian Terrain,10134563
Mast & Harbour,10115403
Flying Machine,10124781
Archies,10115317
Unravel India,10127531
Archies,10115311
BownBee,10127943
Mast & Harbour,10115423
Hancock,10128155
SUITLTD,1012708
Latin Quarters,10133973
Karmic Vision,10132565
HRX by Hrithik Roshan,10106331
Flying Machine,10124545
FAUSTO,10117201
Indian Terrain,10134663
Indian Terrain,10134935
Flying Machine,10124617
Mast & Harbour,10115519
Mast & Harbour,10134221
ADORN by Nikita Ladiwala,10133345
Karmic Vision,10132605
GIORDANO,10133417
Calvin Klein,10134379
Qraa Men,10108481
Flying Machine,10121153
Alena,10129481
Karmic Vision,10132343
Lavie,10131735
Varanga,10108465
RARE,10106749
Bamboo Tree Jewels,10106589
Flying Machine,10121013
Bonjour,10117283
ADORENITE,10121945
Latin Quarters,10134081
Indian Terrain,10134561
Mine4Nine,10110797
ANTS,10134417
Bonjour,10117261
Mast & Harbour,10135587
Flying Machine,10121063
Levis,10129337
Bamboo Tree Jewels,10106613
Mast & Harbour,10135591
ADORENITE,10121943
HERE&NOW,10134173
Indian Terrain,10134469
Mast & Harbour,10129495
Priyaasi,10135473
Archies,10115319
Alena,10133081
Bonjour,10117257
Indian Terrain,10134673
Archies,10115263
Latin Quarters,10134075
Indian Terrain,10134521
Allen Cooper,10132787
FAUSTO,10129533
Priyaasi,10135479
Mast & Harbour,10118365
Flying Machine,10124591
Flying Machine,10124547
Flying Machine,10124601
Flying Machine,10121131
FAUSTO,10119557
Priyaasi,10135499
GIORDANO,10129019
KARATCART,10125249
Mast & Harbour,10115479
RARE,10106763
DressBerry,10110873
Genie,10105909
HRX by Hrithik Roshan,10106047
Force NXT,10127233
KARATCART,10125213
HRX by Hrithik Roshan,10106009
Indian Terrain,10135033
Pure Home and Living,10135877
Mast & Harbour,10135141
Lavie,10131665
HERE&NOW,10106459
Bodycare,10129433
Genie,10105901
Archies,10115339
Priyaasi,10135507
Bamboo Tree Jewels,10106611
ZUSH,10128059
Bonjour,10117255
GIORDANO,10127783
Karmic Vision,10132327
Flying Machine,10124611
Flying Machine,10121115
Karmic Vision,10132571
Mast & Harbour,10135705
Karmic Vision,10132475
Flying Machine,10124775
ComicSense.xyz,10109075
Archies,10115245
Flying Machine,10121109
Flying Machine,10121025
Indian Terrain,10135971
Indian Terrain,10134851
Archies,10115287
Flying Machine,10121083
Mast & Harbour,10135161
HIGHLANDER,10132013
Latin Quarters,10134037
Lavie,10131739
Archies,10115315
Flying Machine,10124633
Archies,10115227
Priyaasi,10135523
GAP,10128911
ZUSH,10128041
Lavie,10131855
IMYOUNG,10108341
Lavie,10131833
HIGHLANDER,10132007
Archies,10115327
Roadster,10134215
DressBerry,10111125
Canary London,10128103
Geroo Jaipur,10127839
AKKRITI BY PANTALOONS,10127231
Flying Machine,10124553
Karmic Vision,10132479
Archies,10115313
Calvin Klein,10126751
GIORDANO,10127765
Genie,10105905
Louis Philippe Sport,10133907
Indian Terrain,10134511
Kappa,1011481
Bonjour,10117223
Flying Machine,10121091
Deco Window,10111401
GAP,10128885
Flying Machine,10124549
FAUSTO,10117143
Monrow,10124829
Minions by Kook N Keech,10128955
Indian Terrain,10134529
Archies,10115249
DressBerry,10110923
Archies,10115309
Mast & Harbour,10115491
Allen Cooper,10132801
Flying Machine,10124593
BuckleUp,10108683
Archies,10115229
Archies,10115275
Archies,10115233
Indian Terrain,10134793
HEATWAVE,10111387
Flying Machine,10124569
Flying Machine,10121029
HRX by Hrithik Roshan,10106069
Mast & Harbour,10135133
Genie,10105935
GIORDANO,10133439
Indian Terrain,10134689
Newport,10129599
HRX by Hrithik Roshan,10106295
Archies,10115225
Lavie,10131621
Indian Terrain,10134483
ZUSH,10128055
Karmic Vision,10132391
RARE,10106751
Priyaasi,10135467
Indian Terrain,10134545
Bonjour,10117285
BuckleUp,10108711
Flying Machine,10121139
Indian Terrain,10134771
Flying Machine,10121141
Archies,10115241
Indian Terrain,10135957
Lavie,10131667
GIORDANO,10128993
HEATWAVE,10111385
Flying Machine,10121101
breya,10125289
Indian Terrain,10134769
Priyaasi,10135465
Mast & Harbour,10133343
Bonjour,10117251
Archies,10115305
RANGMANCH BY PANTALOONS,10107021
Kappa,1011488
Archies,10115323
Indian Terrain,10135087
Archies,10115341
PANAHI,10120903
Flying Machine,10124621
HEATWAVE,10111391
Indian Terrain,10135057
Bonjour,10117231
Priyaasi,10135527
Varanga,10127877
BuckleUp,10108753
Canary London,10128099
Metro,10127995
Calvin Klein,10131789
ADORENITE,10121867
Priyaasi,10135505
Flying Machine,10121079
Calvin Klein Jeans,10129057
Zink London,10113339
Baggit,10128245
Indian Terrain,10134553
Moda Rapido,1010682
Flying Machine,10121033
Mast & Harbour,10135545
BuckleUp,10108709
YASH GALLERY,10108993
Roadster,10134213
ADORN by Nikita Ladiwala,10133363
DressBerry,10111129
Hancock,10128135
Lavie,10131629
Wonder Woman,10127713
FAUSTO,10117157
Levis,10129333
Mast & Harbour,10118379
Karmic Vision,10132253
Newport,10129601
ZUSH,10128045
Deco Window,10111407
Bonjour,10117233
GIORDANO,10127779
United Colors of Benetton,10110431
Indian Terrain,10134465
Flying Machine,10124541
Roadster,10134191
Indian Terrain,10134879
Indian Terrain,10134899
Indian Terrain,10135935
Archies,10115299
KARATCART,10125233
Mast & Harbour,10118369
Melange by Lifestyle,1011625
OBSESSIONS,10132075
Priyaasi,10135457
CERIZ,10111277
Indian Terrain,10134885
Indian Terrain,10135951
Bonjour,10117277
Archies,10115337
Flying Machine,10121113
Newport,10129579
Archies,10115271
Genie,10105911
Indian Terrain,10134551
Indian Terrain,10134613
Hancock,10128147
Archies,10115217
Roadster,10134199
Levis,10129339
Archies,10115253
Mast & Harbour,10129491
HRX by Hrithik Roshan,10106017
BuckleUp,10108723
RARE,10106775
URBANE,10108907
Archies,10115207
Latin Quarters,10134049
Karmic Vision,10132463
Minions by Kook N Keech,10128967
Flying Machine,10124613
IMYOUNG,10108339
Roadster,10134189
Mast & Harbour,10115439
Bonjour,10117289
Geroo Jaipur,10127841
Indian Terrain,10134541
Karmic Vision,10132319
Flying Machine,10124543
United Colors of Benetton,10110415
Unravel India,10127533
Mast & Harbour,10115477
Alena,10124885
YASH GALLERY,10108997
OBSESSIONS,10132063
Indian Terrain,10134623
Mast & Harbour,10135715
YASH GALLERY,10124895
Indian Terrain,10134579
Carrera,10108999
Archies,10115335
Flying Machine,10121111
Karmic Vision,10132291
Archies,10115199
Lavie,10131741
DressBerry,10111111
GAP,10128891
Flying Machine,10121031
Flying Machine,10121023
Taavi,10128417
Priyaasi,10135513
Indian Terrain,10134531
Maniac,10133373
Canary London,10128063
Flying Machine,10124537
Archies,10115201
DressBerry,10133947
Hancock,10128123
Priyaasi,10135503
Maniac,10133395
Calvin Klein,10134381
Archies,10115219
Flying Machine,10124563
GIORDANO,10127769
Newport,10129609
Newport,10129605
Kappa,1011484
Archies,10115231
Flying Machine,10121059
Mast & Harbour,10115385
Roadster,10134197
Roadster,10134193
Mast & Harbour,10115435
Eego Italy,10133239
RARE,10106769
Genie,10105933
Calvin Klein Jeans,10129105
OBSESSIONS,10132103
Alena,10133079
Mine4Nine,10110799
Hancock,10128151
Newport,10129583
HRX by Hrithik Roshan,10106267
DressBerry,10111117
OBSESSIONS,10132059
Deco Window,10111417
ADORENITE,10122027
Indian Terrain,10134577
Eego Italy,10133467
Indian Terrain,10134873
HEATWAVE,10111389
Calvin Klein,10126775
Lavie,10131625
CHROME & CORAL,10135781
Mast & Harbour,10115447
Karmic Vision,10132619
Varanga,10127871
Unravel India,10129397
Archies,10115269
HIGHLANDER,10132005
Bonjour,10117247
Secret Temptation,10130745
FAUSTO,10117217
Flying Machine,10124559
Knotyy,10117033
Lavie,10131825
Oxolloxo,10129565
Home Sparkle,10132131
Priyaasi,10135471
HRX by Hrithik Roshan,10106081
DressBerry,10110859
Alena,10124887
Tokyo Talkies,10127115
Calvin Klein Jeans,10129069
Blissta,10127801
ADORENITE,10121845
Roadster,10125019
Mast & Harbour,10115531
Indian Terrain,10134907
Bonjour,10117239
Morpheme Remedies,10109003
Lavie,10131645
Indian Terrain,10135999
Karmic Vision,10132309
W,10129023
DressBerry,10111131
Indian Terrain,10135107
Truffle Collection,10111007
Indian Terrain,10134861
Lavie,10131751
Archies,10115251
Home Sparkle,10132135
ADORN by Nikita Ladiwala,10133357
Mast & Harbour,10135607
HRX by Hrithik Roshan,10106535
Indian Terrain,10134909
Morpheme Remedies,10109001
Melange by Lifestyle,1011624
Calvin Klein Jeans,10129117
Karmic Vision,10132297
Lavie,10131809
Archies,10115203
Flying Machine,10121053
Alena,10124889
DressBerry,10111107
Flying Machine,10124641
Karmic Vision,10132505
Bodycare,10129421
Karmic Vision,10132559
Deco Window,10111409
Indian Terrain,10134625
Karmic Vision,10132451
Archies,10115239
Taavi,10128409
Indian Terrain,10135963
Flying Machine,10121127
Archies,10115343
Flying Machine,10121057
Flying Machine,10121149
Calvin Klein Jeans,10129079
ADORENITE,10121941
Hancock,10128119
Karmic Vision,10132517
Caprese,10117361
Archies,10115215
Eego Italy,10133217
Karmic Vision,10132311
Flying Machine,10121129
BuckleUp,10108691
Indian Terrain,10135063
GAP,10128901
Roadster,10134187
Bamboo Tree Jewels,10106609
Calvin Klein,10131767
CHROME & CORAL,10125203
Vishudh,10127291
Taavi,10128387
Geroo Jaipur,10127851
Mast & Harbour,10129551
Indian Terrain,10134797
Indian Terrain,10134715
Archies,10115205
Flying Machine,10121049
Campus,10108333
Lavie,10131715
OBSESSIONS,10132065
Calvin Klein Jeans,10129063
Moda Rapido,10128341
Minions by Kook N Keech,10128951
Mast & Harbour,10115391
Canary London,10128089
Latin Quarters,10134083
Eego Italy,10133463
BuckleUp,10108761
ANTS,10134427
ANTS,10134433
Truffle Collection,10111033
Kappa,1011672
Karmic Vision,10132285
Flying Machine,10124625
mf,10133089
Indian Terrain,10134937
Priyaasi,10135469
Genie,10105931
Flying Machine,10121035
Divine Casa,10109097
Karmic Vision,10132493
Flying Machine,10121119
RARE,10106745
Indian Terrain,10135025
Bonjour,10117237
FAUSTO,10129639
Flying Machine,10124581
ADIVA,10132043
Karmic Vision,10132645
Lavie,10131909
Indian Terrain,10134849
Calvin Klein,10134349
Janasya,10108365
KARATCART,10125223
FAUSTO,10129615
Indian Terrain,10135749
Truffle Collection,10111027
Mast & Harbour,10135639
Knotyy,10117025
Janasya,10124949
Priyaasi,10135495
Roadster,10110771
Chemistry,10111141
Lavie,10131659
FAUSTO,10119103
Newport,10129593
Lavie,10131653
Clovia,10133541
Lavie,10131643
Flying Machine,10121021
Alena,10109009
Minions by Kook N Keech,10128953
Archies,10115329
Archies,10115325
Archies,10115243
TREEMODA,10124959
KARATCART,10125229
Indian Terrain,10134901
HIGHLANDER,10132009
Karmic Vision,10132473
AKKRITI BY PANTALOONS,10127229
FAUSTO,10119531
Indian Terrain,10134825
BownBee,10127945
Mast & Harbour,10127321
Mast & Harbour,10115583
ComicSense.xyz,10109079
Flying Machine,10121077
KARATCART,10125241
Flying Machine,10124539
HIGHLANDER,10132021
Hypernation,10125001
GIORDANO,10133419
Priyaasi,10135449
FAUSTO,10117173
Indian Terrain,10134755
Lavie,10131623
Mast & Harbour,10115575
Mast & Harbour,10115487
Force NXT,10127239
GIORDANO,10128977
Flying Machine,10121075
Indian Terrain,10135967
Story@home,10124795
FAUSTO,10117081
Flying Machine,10121147
Flying Machine,10124757
Archies,10115257
Indian Terrain,10135099
Indian Terrain,10135965
Flying Machine,10124599
DressBerry,10111119
CHROME & CORAL,10135775
Priyaasi,10135481
Force NXT,10127235
GIORDANO,10127771
Priyaasi,10135443
Moda Rapido,10128353
Indian Terrain,10134479
Archies,10115261
Chambor,10115017
OBSESSIONS,10132067
Pure Home and Living,10135847
Indian Terrain,10134653
Calvin Klein,10126777
Archies,10115307
Calvin Klein,10126767
Mast & Harbour,10135677
Eego Italy,10133231
HRX by Hrithik Roshan,10106159
Roadster,10134201
ADORENITE,10121933
Genie,10105917
Indian Terrain,10134451
fancy mart,10132171
Genie,10105923
Indian Terrain,10134843
Alena,10133063
Indian Terrain,10135073
Roadster,10144395
Priyaasi,10135509
SELECTED,1010500
Mitera,10144797
Indian Terrain,10150015
Indian Terrain,10152069
Hypernation,10146547
Indian Terrain,10151979
Indian Terrain,10147077
OOMPH,10139027
GAP,10145341
GAP,10145259
Mast & Harbour,10136925
Indian Terrain,10136305
Indian Terrain,10148455
Indian Terrain,10148361
GAP,10145339
Indian Terrain,10148219
Indian Terrain,10152217
Indian Terrain,10146727
Genius,10145685
Indian Terrain,10138399
Indian Terrain,10136283
Indian Terrain,10151433
Indian Terrain,10138611
Indian Terrain,10147533
GAP,10145277
Indian Terrain,10148139
KazarMax,10137993
Indian Terrain,10138771
Chkokko,10143975
Duke,10145733
Indian Terrain,10146695
Indian Terrain,10151957
Indian Terrain,10138297
Indian Terrain,10146729
Cortina,10137863
Puma,10137049
Mast & Harbour,10136749
Indian Terrain,10138629
Puma,10137331
KLEIO,10146535
Indian Terrain,10136163
Indian Terrain,10136535
OddCroft,10146231
Indian Terrain,10138419
GAP,10145011
Indian Terrain,10150597
Indian Terrain,10150463
Indian Terrain,10148167
Club York,10143681
BBLUNT,10137457
Indian Terrain,10136337
DressBerry,10146133
Indian Terrain,10148635
Chkokko,10143857
Puma,10137835
GAP,10145053
Indian Terrain,10136015
GAP,10145269
Puma,10137067
Indian Terrain,10148651
Jewels Galaxy,10139555
GAP,10145047
Indian Terrain,10138301
Molly & Michel,10140265
Puma,10137285
ROMEE,10140057
Indian Terrain,10148147
HIGHLANDER,10144525
Puma,10137127
GAP,10145005
Indian Terrain,10149065
Indian Terrain,10150473
Indian Terrain,10146983
Indian Terrain,10146821
Indian Terrain,10147717
Indian Terrain,10148849
Indian Terrain,10148929
DOROTHY PERKINS,10142295
KLEIO,10146525
The Beauty Co.,10143393
Moda Rapido,10149795
Indian Terrain,10146991
Indian Terrain,10151679
Indian Terrain,10136607
Chkokko,10144077
Mast & Harbour,10136737
Jewels Galaxy,10139557
Puma,10137063
Puma,10137177
Libas,10138057
HIGHLANDER,10144519
Indian Terrain,10136195
Priyaasi,10137607
Roadster,10144353
Puma,10137005
Indian Terrain,10151645
Indian Terrain,10148939
Indian Terrain,10136071
Chkokko,10143837
Puma,10137057
Puma,10137075
Chkokko,10143959
GAP,10144959
Indian Terrain,10138467
Indian Terrain,10151363
Indian Terrain,10147031
Indian Terrain,10138657
KLEIO,10146533
GAP,10145261
Indian Terrain,10147215
Indian Terrain,10147329
Puma,10137143
Indian Terrain,10151361
Indian Terrain,10136049
Chkokko,10144041
MANGO,10143101
Indian Terrain,10138503
Pipa Bella,10137775
Indian Terrain,10149967
Puma,10137085
Indian Terrain,10136353
Jewels Galaxy,10139541
GAP,10145305
GAP,10145079
Indian Terrain,10148983
KLEIO,10146537
GAP,10145343
Indian Terrain,10148859
Libas,10138045
FOSH,10144783
Indian Terrain,10138947
Indian Terrain,10138585
Chkokko,10144141
Indian Terrain,10148873
Indian Terrain,10136423
Indian Terrain,10148021
Indian Terrain,10151417
Puma,10137291
Indian Terrain,10136059
Indian Terrain,10147865
Cortina,10137899
Indian Terrain,10147725
Indian Terrain,10149151
Freehand,1014828
Ed Hardy,1013848
Indian Terrain,10147301
Indian Terrain,10147263
Indian Terrain,10148271
Indian Terrain,10151355
Indian Terrain,10151983
GAP,10145325
Indian Terrain,10138641
Libas,10138139
GAP,10144967
Indian Terrain,10138435
Indian Terrain,10138277
Indian Terrain,10146841
Indian Terrain,10148803
Mast & Harbour,10136787
Indian Terrain,10150441
Indian Terrain,10136417
Indian Terrain,10147243
Indian Terrain,10148617
Aditi Wasan,10137405
Indian Terrain,10136439
Indian Terrain,10147219
Indian Terrain,10146811
Indian Terrain,10149055
Indian Terrain,10138501
Indian Terrain,10138397
Indian Terrain,10146787
Indian Terrain,10148991
Indian Terrain,10151941
Indian Terrain,10136171
Ed Hardy,1013891
Puma,10137297
Indian Terrain,10147321
Chkokko,10144061
Roadster,10144363
Indian Terrain,10147079
HIGHLANDER,10144517
Indian Terrain,10147501
Indian Terrain,10150745
Nike,10139165
Indian Terrain,10136403
Indian Terrain,10151879
KazarMax,10137981
Puma,10137287
OOMPH,10139021
Indian Terrain,10151989
Indian Terrain,10136153
Indian Terrain,10138623
Chkokko,10143745
Chkokko,10143875
Mast & Harbour,10136755
Chkokko,10143927
Puma,10137141
Indian Terrain,10147333
KLEIO,10146501
Indian Terrain,10136023
Indian Terrain,10151671
Indian Terrain,10149997
Puma,10136987
Mast & Harbour,10136659
Roadster,10144293
Aditi Wasan,10137403
Indian Terrain,10148631
Indian Terrain,10151569
Indian Terrain,10147395
Indian Terrain,10136097
Free Authority,10137817
GAP,10145003
Indian Terrain,10149309
KLEIO,10146507
Indian Terrain,10147361
MANGO,10142805
Indian Terrain,10149331
Indian Terrain,10138375
Duke,10145895
OddCroft,10146223
Libas,10138143
Indian Terrain,10147011
Indian Terrain,10147827
Indian Terrain,10151473
MANGO,10142849
Indian Terrain,10136335
Puma,10137169
Akiva,10138221
Molly & Michel,10140259
Roadster,10144361
Indian Terrain,10150147
Indian Terrain,10147175
Indian Terrain,10147147
Indian Terrain,10138823
Puma,10137275
GAP,10145315
Puma,10137187
Indian Terrain,10138575
GAP,10145033
KLEIO,10146497
Indian Terrain,10147981
GAP,10145255
Indian Terrain,10149279
Puma,10137241
Indian Terrain,10138873
Indian Terrain,10138719
Mast & Harbour,10136753
Indian Terrain,10148603
Indian Terrain,10148383
Indian Terrain,10147607
Indian Terrain,10136033
Indian Terrain,10136293
Franco Leone,10137565
Indian Terrain,10150651
Indian Terrain,10138825
Knotyy,10140011
OOMPH,10139009
Chkokko,10143799
Pipa Bella,10137801
Puma,10137037
GAP,10145331
Indian Terrain,10149121
Newport,10137463
Force NXT,10137969
Indian Terrain,10150555
GAP,10144961
Indian Terrain,10147393
Indian Terrain,10148241
Indian Terrain,10148547
Indian Terrain,10138763
Indian Terrain,10138493
Indian Terrain,10147991
GAP,10145253
GAP,10144987
Jewels Galaxy,10145469
Indian Terrain,10138361
Indian Terrain,10138455
Chkokko,10143855
Indian Terrain,10148343
Indian Terrain,10138913
Indian Terrain,10138269
Jewels Galaxy,10139537
Chkokko,10143873
Indian Terrain,10148727
Jewels Galaxy,10145449
Indian Terrain,10136563
Franco Leone,10136639
GAP,10145301
Pipa Bella,10137713
GAP,10144977
Indian Terrain,10148777
Indian Terrain,10150581
Indian Terrain,10148377
Molly & Michel,10140281
Indian Terrain,10148077
Indian Terrain,10148385
Ed Hardy,1013904
Indian Terrain,10147727
Indian Terrain,10148863
Indian Terrain,10136031
Puma,10137235
Pipa Bella,10137687
Indian Terrain,10146839
Indian Terrain,10147875
Puma,10137205
Puma,10137133
Puma,10137129
Indian Terrain,10149429
Indian Terrain,10138565
Indian Terrain,10147437
Indian Terrain,10136201
Indian Terrain,10148337
KazarMax,10137997
GAP,10145295
Indian Terrain,10136115
Indian Terrain,10148423
Mast & Harbour,10136651
Indian Terrain,10151371
Indian Terrain,10147441
Indian Terrain,10136099
Indian Terrain,10136401
Chkokko,10144063
Indian Terrain,10148367
Franco Leone,10137545
Puma,10137185
Indian Terrain,10150181
Indian Terrain,10147605
Indian Terrain,10138679
DOROTHY PERKINS,10141843
Chkokko,10144003
Roadster,10144289
Freehand,1014818
Indian Terrain,10147439
GAP,10145357
Indian Terrain,10138423
SOLES,10146245
Puma,10137359
DOROTHY PERKINS,10142249
Indian Terrain,10149053
Jewels Galaxy,10145445
Indian Terrain,10138555
Indian Terrain,10149241
Indian Terrain,10136409
KLEIO,10146519
Indian Terrain,10147731
Calvin Klein Jeans,10143559
GAP,10145313
Indian Terrain,10138883
OOMPH,10139015
GAP,10145071
Chkokko,10144137
Nike,10139225
Chkokko,10143941
Indian Terrain,10147335
Indian Terrain,10148149
Indian Terrain,10151393
Pipa Bella,10137701
Indian Terrain,10147167
Libas,10138113
Indian Terrain,10149171
Indian Terrain,10152181
Indian Terrain,10147547
Indian Terrain,10148883
Puma,10137341
Chkokko,10143753
GAP,10145061
Puma,10137021
Nike,10139139
Indian Terrain,10148931
Indian Terrain,10138963
Indian Terrain,10147813
Indian Terrain,10149147
Pipa Bella,10137765
Indian Terrain,10138997
Roadster,10144399
Puma,10137245
Indian Terrain,10136123
Puma,10136985
KazarMax,10137987
Indian Terrain,10148997
Puma,10137195
Indian Terrain,10138337
Mast & Harbour,10136711
Libas,10138173
Indian Terrain,10147821
Indian Terrain,10147221
Indian Terrain,10138271
Mochi,10144505
Indian Terrain,10150521
Indian Terrain,10138703
Indian Terrain,10148407
Indian Terrain,10151463
Indian Terrain,10138281
Indian Terrain,10138767
Indian Terrain,10138541
Indian Terrain,10152035
Indian Terrain,10147861
Indian Terrain,10148737
Indian Terrain,10148141
Indian Terrain,10136107
Jewels Galaxy,10139561
Cortina,10137885
Akiva,10138227
Indian Terrain,10138967
OOMPH,10137473
Miss Chase,10137603
Indian Terrain,10150713
Indian Terrain,10150395
Indian Terrain,10148169
Chkokko,10143977
Duke,10145777
Indian Terrain,10147139
Indian Terrain,10138881
Indian Terrain,10148787
Indian Terrain,10147483
Indian Terrain,10149129
Indian Terrain,10148275
Indian Terrain,10150373
Genius,10145683
Molly & Michel,10139791
Indian Terrain,10138859
Indian Terrain,10151673
Indian Terrain,10148807
Mast & Harbour,10136759
Indian Terrain,10150553
Indian Terrain,10136073
Indian Terrain,10136581
Indian Terrain,10138355
Indian Terrain,10147997
KazarMax,10138019
Jewels Galaxy,10139553
Indian Terrain,10147811
Puma,10137363
Indian Terrain,10152151
Indian Terrain,10138927
Chkokko,10143905
Molly & Michel,10139793
Molly & Michel,10139783
Indian Terrain,10136313
Indian Terrain,10147915
Indian Terrain,10151675
Indian Terrain,10149113
Chkokko,10143915
Indian Terrain,10136371
Indian Terrain,10147097
Jewels Galaxy,10145467
Indian Terrain,10148291
Indian Terrain,10136189
Indian Terrain,10147923
Puma,10137357
Indian Terrain,10136257
Indian Terrain,10136281
KazarMax,10138015
Indian Terrain,10148381
Indian Terrain,10138631
SG YUVRAJ,10146617
Indian Terrain,10146681
Indian Terrain,10149461
Jewels Galaxy,10139563
Ed Hardy,1013851
Indian Terrain,10138539
Club York,10144739
GAP,10145041
Indian Terrain,10138739
Mufti,10146581
Indian Terrain,10147977
Roadster,10144485
Indian Terrain,10147373
Mast & Harbour,10136731
Hypernation,10146545
Molly & Michel,10139787
Indian Terrain,10152309
OOMPH,10139001
Pipa Bella,10137645
Indian Terrain,10149243
Indian Terrain,10136411
Chkokko,10143757
Indian Terrain,10148955
Indian Terrain,10138663
Puma,10137191
Indian Terrain,10147809
GAP,10144955
Indian Terrain,10136027
Indian Terrain,10136219
7Rainbow,10140437
Cortina,10137889
Jewels Galaxy,10145397
Duke,10145751
Free Authority,10137815
Indian Terrain,10147561
HIGHLANDER,10144523
GAP,10145045
Indian Terrain,10147095
Indian Terrain,10138353
Indian Terrain,10147833
Chkokko,10143739
HIGHLANDER,10144531
KazarMax,10138033
Chkokko,10143845
Ed Hardy,1013866
OddCroft,10146213
Indian Terrain,10138761
Indian Terrain,10147841
Indian Terrain,10148253
GAP,10145039
Indian Terrain,10138239
HIGHLANDER,10144521
Ed Hardy,1013864
Indian Terrain,10147919
Indian Terrain,10138811
Mitera,10145959
Indian Terrain,10150049
Indian Terrain,10136101
Indian Terrain,10138875
Indian Terrain,10147461
Indian Terrain,10147177
KazarMax,10138029
Indian Terrain,10136035
KazarMax,10138041
Indian Terrain,10138513
OOMPH,10139033
Aditi Wasan,10137399
Puma,10137261
Indian Terrain,10152225
Indian Terrain,10138959
Indian Terrain,10136237
Indian Terrain,10148395
Indian Terrain,10148059
GAP,10145283
Indian Terrain,10151509
Indian Terrain,10138609
Indian Terrain,10136149
Indian Terrain,10147201
Indian Terrain,10147709
Indian Terrain,10138755
Indian Terrain,10138785
GAP,10145019
Indian Terrain,10136525
GAP,10145271
Indian Terrain,10148495
Indian Terrain,10147929
Indian Terrain,10136047
Knotyy,10140023
Jewels Galaxy,10145447
Indian Terrain,10147021
Puma,10137199
Chkokko,10143867
Puma,10137227
Indian Terrain,10138803
Indian Terrain,10152241
beevee,10146033
GAP,10145031
Indian Terrain,10147341
Indian Terrain,10136239
Indian Terrain,10150241
Indian Terrain,10147019
Cortina,10137891
Indian Terrain,10147199
Indian Terrain,10152301
KLEIO,10146529
SG YUVRAJ,10137491
Indian Terrain,10146875
KazarMax,10138039
Chkokko,10143909
Indian Terrain,10149603
Indian Terrain,10136269
Mast & Harbour,10136687
Chkokko,10143765
KazarMax,10138035
Indian Terrain,10136277
Indian Terrain,10136065
FAUSTO,10137521
Indian Terrain,10138463
Indian Terrain,10150247
Molly & Michel,10140257
Puma,10137145
Indian Terrain,10151827
Indian Terrain,10147211
Puma,10137123
Free Authority,10137811
Indian Terrain,10147443
Mast & Harbour,10136893
Indian Terrain,10149437
KLEIO,10146527
Indian Terrain,10138899
Indian Terrain,10138817
Indian Terrain,10148251
Chkokko,10143999
Indian Terrain,10147625
Chkokko,10144007
Duke,10144695
MANGO,10143047
KLEIO,10146511
Indian Terrain,10147653
HERE&NOW,10149831
Freehand,1014825
Indian Terrain,10136081
MANGO,10142469
Jewels Galaxy,10145427
Mast & Harbour,10136965
Annabelle by Pantaloons,1014075
Indian Terrain,10138951
Indian Terrain,10136095
Indian Terrain,10138367
Jewels Galaxy,10145433
Indian Terrain,10138857
Pipa Bella,10137727
Indian Terrain,10136405
Indian Terrain,10136131
Indian Terrain,10136043
Mast & Harbour,10136767
Puma,10137043
GAP,10144983
Mufti,10146575
Indian Terrain,10152201
DOROTHY PERKINS,10141875
GAP,10145333
Indian Terrain,10138645
OOMPH,10139039
Roadster,10144429
Indian Terrain,10148681
Indian Terrain,10146897
Indian Terrain,10136289
Mochi,10144511
Indian Terrain,10136169
Mast & Harbour,10136667
Indian Terrain,10147449
Indian Terrain,10148243
Indian Terrain,10147275
GAP,10145327
Freehand,1014798
GAP,10144985
SG YUVRAJ,10146651
Puma,10137271
Indian Terrain,10138615
Indian Terrain,10149225
Jewels Galaxy,10145395
Indian Terrain,10146855
ROMEE,10140047
MANGO,10142491
Indian Terrain,10147485
7Rainbow,10140435
Indian Terrain,10138579
Indian Terrain,10148441
Duke,10145829
Indian Terrain,10138639
Indian Terrain,10146723
KLEIO,10146515
7Rainbow,10140415
Puma,10137189
Indian Terrain,10147107
Indian Terrain,10151469
Indian Terrain,10148413
Jewels Galaxy,10139539
Indian Terrain,10151459
Chkokko,10143931
Indian Terrain,10147999
Knotyy,10140025
Indian Terrain,10138933
Puma,10137151
Indian Terrain,10136429
Yellow Jeans,1014684
Indian Terrain,10150641
Indian Terrain,10147191
Puma,10137045
Indian Terrain,10148199
Tokyo Talkies,10145885
Indian Terrain,10136105
Indian Terrain,10148345
Shoetopia,10144865
Puma,10137319
Indian Terrain,10138745
Indian Terrain,10138453
Libas,10138055
Indian Terrain,10148921
Puma,10137167
Indian Terrain,10136129
Indian Terrain,10136037
Metro,1013659
Indian Terrain,10147925
Roadster,10144367
GAP,10145065
Puma,10137103
Indian Terrain,10136121
KLEIO,10146517
Franco Leone,10137541
Indian Terrain,10148433
GAP,10145353
Indian Terrain,10138727
Calvin Klein Jeans,10143649
Puma,10137101
Indian Terrain,10147381
Cherry Crumble,10137591
Indian Terrain,10149277
Libas,10138175
Indian Terrain,10136117
Indian Terrain,10138597
Indian Terrain,10138303
Knotyy,10140019
FAUSTO,10137525
Indian Terrain,10138307
ROMEE,10140045
Indian Terrain,10149231
Indian Terrain,10148409
Indian Terrain,10148483
Chkokko,10143817
Indian Terrain,10151895
Roadster,10144357
Indian Terrain,10147127
KLEIO,10146505
Indian Terrain,10148893
KazarMax,10137983
Libas,10138075
Indian Terrain,10151409
Indian Terrain,10148115
Chkokko,10144051
SG YUVRAJ,10137485
Indian Terrain,10138935
Indian Terrain,10138499
Annabelle by Pantaloons,1014042
Chkokko,10143751
Mast & Harbour,10136939
Indian Terrain,10148097
Indian Terrain,10147045
Puma,10137267
Indian Terrain,10152071
Chkokko,10144039
Indian Terrain,10149959
Chkokko,10144143
Indian Terrain,10148957
Indian Terrain,10149105
DOROTHY PERKINS,10142697
Indian Terrain,10146717
Ed Hardy,1013899
Puma,10137097
Chkokko,10143911
Indian Terrain,10136551
Soludos,1014909
Indian Terrain,10148719
Indian Terrain,10149979
Mast & Harbour,10144781
Indian Terrain,10138549
Indian Terrain,10147723
Indian Terrain,10147173
OOMPH,10139025
Chkokko,10143969
GAP,10145043
Indian Terrain,10138515
Indian Terrain,10148213
Indian Terrain,10149019
SG YUVRAJ,10137487
Puma,10137209
Indian Terrain,10138451
Indian Terrain,10148067
GAP,10145021
Indian Terrain,10147755
Libas,10138193
KazarMax,10137995
Indian Terrain,10136271
Jewels Galaxy,10139547
Chkokko,10143887
Indian Terrain,10138829
Indian Terrain,10146823
Indian Terrain,10147729
Indian Terrain,10152143
Puma,10137825
Indian Terrain,10138561
Jewels Galaxy,10145413
OOMPH,10139019
Genius,10145677
Roadster,10144243
Jewels Galaxy,10139533
Indian Terrain,10151881
Calvin Klein Jeans,10143543
Indian Terrain,10146755
Indian Terrain,10147815
Indian Terrain,10150665
Indian Terrain,10151657
GAP,10144991
Indian Terrain,10138711
LOCOMOTIVE,10143661
SOLES,10146253
HIGHLANDER,10144533
Jewels Galaxy,10145451
HIGHLANDER,10144535
Libas,10139057
Tresmode,10144179
Indian Terrain,10136227
Indian Terrain,10147487
Indian Terrain,10151595
Indian Terrain,10136431
Indian Terrain,10149235
Indian Terrain,10136127
GAP,10144973
Indian Terrain,10147715
Indian Terrain,10136251
Indian Terrain,10138593
MANGO,10142529
Mast & Harbour,10136795
Club York,10144113
Puma,10137339
Chkokko,10144027
Indian Terrain,10147697
Indian Terrain,10151501
Indian Terrain,10138793
Puma,10137231
Indian Terrain,10148923
bigbanana,10136447
Puma,10137263
Indian Terrain,10149615
Indian Terrain,10138237
Indian Terrain,10150315
Libas,10138051
Indian Terrain,10138819
KazarMax,10138011
Indian Terrain,10138349
Jewels Galaxy,10145409
Chkokko,10143921
Indian Terrain,10136161
KazarMax,10138013
Indian Terrain,10138647
Duke,10144681
GAP,10145319
HIGHLANDER,10144515
Chkokko,10143775
Indian Terrain,10138489
ROMEE,10140051
Indian Terrain,10151783
The Beauty Co.,10143395
Indian Terrain,10138651
Chkokko,10143865
Jewels Galaxy,10139545
Indian Terrain,10147541
Puma,10137179
Knotyy,10140005
Indian Terrain,10146967
Roadster,10144249
Indian Terrain,10138915
Indian Terrain,10147457
DressBerry,10146165
GAP,10145303
Pipa Bella,10137787
Indian Terrain,10152231
Mast & Harbour,10136655
Puma,10137215
GAP,10145027
Nike,10139721
Roadster,10144267
Living Essence,10146439
Indian Terrain,10149039
Jewels Galaxy,10145421
Roadster,10144349
Indian Terrain,10138953
Chkokko,10143861
Indian Terrain,10148861
Chkokko,10143919
Indian Terrain,10147647
Libas,10138163
Indian Terrain,10150399
MANGO,10142419
GAP,10145243
Indian Terrain,10148943
Indian Terrain,10147465
Indian Terrain,10148503
Indian Terrain,10151553
MANGO,10142757
Pipa Bella,10137683
Indian Terrain,10146877
GAP,10145335
KLEIO,10146509
GAP,10145273
Indian Terrain,10147309
Chkokko,10143785
Indian Terrain,10148389
HERE&NOW,10149807
Indian Terrain,10136435
Franco Leone,10136633
Chkokko,10143839
Cortina,10137869
Indian Terrain,10136139
HIGHLANDER,10144527
Chkokko,10144033
Chkokko,10143955
Cortina,10137871
Chkokko,10143851
Libas,10138107
Indian Terrain,10146933
GAP,10145323
Indian Terrain,10136193
Indian Terrain,10138677
Jewels Galaxy,10139559
Indian Terrain,10147129
Chkokko,10144135
Franco Leone,10137589
Indian Terrain,10147641
SOLES,10146249
Chkokko,10143749
Indian Terrain,10138737
Tokyo Talkies,10145883
DOROTHY PERKINS,10142455
Chkokko,10144139
Puma,10137139
GAP,10145347
Indian Terrain,10148305
Indian Terrain,10136137
Cortina,10137877
Club York,10143683
Indian Terrain,10138387
Nike,10139275
Indian Terrain,10138725
GAP,10145017
Indian Terrain,10150077
Free Authority,10137813
Indian Terrain,10138267
KazarMax,10138037
GAP,10145309
Akiva,10138209
Indian Terrain,10147339
MANGO,10141827
Puma,10137315
Indian Terrain,10151497
LOCOMOTIVE,10144539
Puma,10136993
Chkokko,10143789
Chkokko,10143903
KazarMax,10138003
Duke,10145819
Indian Terrain,10148259
Indian Terrain,10136415
Indian Terrain,10150229
Indian Terrain,10146797
Indian Terrain,10147555
GAP,10145245
Jewels Galaxy,10145463
Indian Terrain,10136381
Indian Terrain,10147383
Chkokko,10143889
FAUSTO,10137533
Indian Terrain,10146969
Chkokko,10143829
Cortina,10137881
Indian Terrain,10136093
Indian Terrain,10150063
Chkokko,10144069
GAP,10145025
Mufti,10146569
Indian Terrain,10136591
Living Essence,10146433
Indian Terrain,10149021
Fastrack,101473
Indian Terrain,10138887
Puma,10137337
Indian Terrain,10136359
Indian Terrain,10138827
Indian Terrain,10138557
Jewels Galaxy,10145411
Roadster,10144323
DOROTHY PERKINS,10142613
Indian Terrain,10136157
Silvermerc Designs,10143707
Indian Terrain,10138791
KLEIO,10146513
GAP,10145029
Indian Terrain,10148781
Jewels Galaxy,10139543
Nike,10139197
GAP,10145329
KLEIO,10146499
Indian Terrain,10138359
Indian Terrain,10136327
Tresmode,10144187
KLEIO,10146521
Honey by Pantaloons,1014078
Jewels Galaxy,10145419
Fastrack,101470
Indian Terrain,10136241
Libas,10138179
Indian Terrain,10148501
HIGHLANDER,10144529
Indian Terrain,10147143
Rex Straut Jeans,10144685
Cortina,10137873
Duke,10145807
Indian Terrain,10151733
HERE&NOW,10149941
Indian Terrain,10138659
Akiva,10138199
Indian Terrain,10136529
KazarMax,10138009
ColorPlus,10173621
Karmic Vision,10167139
Indian Terrain,10155655
Indian Terrain,10155377
Indian Terrain,10157223
hummel,10166847
Indian Terrain,10147871
Bossini,10158487
Da Intimo,10163737
GAP,10157925
Eske,10159501
Indian Terrain,10153301
E2O,10156375
Indian Terrain,10154085
CAVALLO by Linen Club,10162179
Tommy Hilfiger,10176793
Indian Terrain,10155977
Indian Terrain,10155679
Indian Terrain,10157413
GAP,10157963
Tommy Hilfiger,10176737
PRESTO,10163803
Tommy Hilfiger,10176789
Tommy Hilfiger,10167821
Eske,10159505
Karmic Vision,10167165
Indian Terrain,10152431
Indian Terrain,10157125
Indian Terrain,10161147
Indian Terrain,10153845
Kvsfab,10173177
Indian Terrain,10154883
Indian Terrain,10154113
Tommy Hilfiger,10176801
Indian Terrain,10152561
her by invictus,10164463
HERE&NOW,10164429
Indian Terrain,10155241
Indian Terrain,10154847
Tistabene,10161975
Indian Terrain,10154667
boAt,10168427
Vero Moda,1015416
Louis Philippe,10159833
Hypernation,10166573
CAVALLO by Linen Club,10162139
Indian Terrain,10161459
FAUSTO,10159395
Indian Terrain,10154367
Indian Terrain,10154813
Indian Terrain,10153065
DENNISON,10173243
Tommy Hilfiger,10176799
Home Sparkle,10174335
Indian Terrain,10153245
Mufti,10163887
HRX by Hrithik Roshan,10168021
U.S. Polo Assn.,10166905
PRESTO,10163847
Tommy Hilfiger,10176791
CODE by Lifestyle,10169209
Sparx,10166705
Kurti's by Menka,10172905
Indian Terrain,10152413
Indian Terrain,10156041
Indian Terrain,10157537
Indian Terrain,10154189
Indian Terrain,10153155
Mufti,10159033
Indian Terrain,10155525
HRX by Hrithik Roshan,10167951
Flying Machine,10158651
Saree mall,10173331
Tistabene,10161985
Flying Machine,10158633
Indian Terrain,10153217
KazarMax,10158777
Duke,10173851
Indian Terrain,10154043
Forca by Lifestyle,10169393
VALIOSAA,10174685
Fame Forever by Lifestyle,10169237
Forca by Lifestyle,10169401
Kvsfab,10173109
Ginger by Lifestyle,10170489
Tommy Hilfiger,10176755
Indian Terrain,10152475
Indian Terrain,10154251
Mochi,10168239
Iti,10174751
Kvsfab,10173183
Stylee LIFESTYLE,10168463
Indian Terrain,10154921
Indian Terrain,10156139
Mufti,10159037
Indian Terrain,10152343
Indian Terrain,10156109
HERE&NOW,10164325
Indian Terrain,10155907
JAINISH,10162277
Indian Terrain,10153137
Tommy Hilfiger,10176773
Tistabene,10161893
ADIVA,10174119
Mast & Harbour,10169039
Indian Terrain,10155239
Indian Terrain,10155393
Tommy Hilfiger,10176785
DressBerry,10158795
Indian Terrain,10153549
U.S. Polo Assn.,10166887
DENNISON,10173255
Indian Terrain,10156101
DressBerry,10162047
Park Avenue,10164531
Melange by Lifestyle,10169343
Roadster,10159109
CODE by Lifestyle,10169211
Indian Terrain,10154711
Indian Terrain,10155735
Indian Terrain,10154381
Duke,10173885
URBANE,10166487
DressBerry,10156749
Tommy Hilfiger,10176797
hummel,10166343
Vero Moda,1015477
Indian Terrain,10154209
Indian Terrain,10152757
DressBerry,10162667
Indian Terrain,10155919
GAP,10157915
Tistabene,10161987
Cation,10168643
Indian Terrain,10152775
Indian Terrain,10153425
Saree mall,10173357
Indian Terrain,10153449
Tommy Hilfiger,10176725
Indian Terrain,10157243
Indian Terrain,10155631
Indian Terrain,10155935
Flying Machine,10158623
Kraus Jeans,10167911
Saree mall,10173309
Melange by Lifestyle,10169383
Tommy Hilfiger,10167851
Ginger by Lifestyle,10172145
Indian Terrain,10152505
Indian Terrain,10156249
Indian Terrain,10152599
Indian Terrain,10154691
Indian Terrain,10163511
Indian Terrain,10154505
Da Intimo,10163717
Hypernation,1017318
Indian Terrain,10156105
Mufti,10164127
Indian Terrain,10154135
Indian Terrain,10155387
Tistabene,10161995
Kook N Keech Disney,10161551
Vero Moda,1015415
WROGN,10161569
Indian Terrain,10161227
Indian Terrain,10160767
Indian Terrain,10154867
Arrow,10163947
Indian Terrain,10152887
Indian Terrain,10155975
Tistabene,10161943
PRESTO,10163811
GODS,10156877
Disney by Wear Your Mind,10157981
Flying Machine,10158649
Indian Terrain,10152943
Saree mall,10173333
Indian Terrain,10157437
Tommy Hilfiger,10176759
DENNISON,10173297
Indian Terrain,10156075
Indian Terrain,10155067
Vero Moda,1015433
Duke,10156289
E2O,10156389
DressBerry,10158753
Tommy Hilfiger,10176735
Flying Machine,10158645
Indian Terrain,10153057
CAVALLO by Linen Club,10162107
PRESTO,10163819
Kvsfab,10173135
Indian Terrain,10154093
Indian Terrain,10154057
Indian Terrain,10155897
DressBerry,10162411
Kvsfab,10173141
Indian Terrain,10157361
Disney by Wear Your Mind,10157977
Calvin Klein Underwear,10173433
CAVALLO by Linen Club,10162173
Indian Terrain,10154357
Indian Terrain,10154401
Indian Terrain,10153051
Indian Terrain,10153009
Indian Terrain,10155399
GAP,10157919
Indian Terrain,10153239
Indian Terrain,10157295
Indian Terrain,10152839
URBANE,10166485
Indian Terrain,10154887
Disney by Wear Your Mind,10157985
Indian Terrain,10153185
Tommy Hilfiger,10176771
Ayesha,10173197
CAVALLO by Linen Club,10162135
Hypernation,10166565
Kvsfab,10173125
Indian Terrain,10152989
Indian Terrain,10153139
Indian Terrain,10154641
Ginger by Lifestyle,10171295
Indian Terrain,10157133
Indian Terrain,10154909
GAP,10157893
her by invictus,10164461
Hypernation,10166587
DENNISON,10173245
PRESTO,10163831
DressBerry,10162591
Indian Terrain,10155247
E2O,10156631
Newton,10166741
WROGN,10161575
CAVALLO by Linen Club,10162087
Indian Terrain,10153817
Louis Philippe,10159585
Indian Terrain,10155847
Indian Terrain,10153691
Woodland,10158163
Duke,10156293
Indian Terrain,10155833
Soie,10159337
Roadster,10159111
Chkokko,10163631
Fame Forever by Lifestyle,10159213
INDYA,10174207
Kvsfab,10173189
Indian Terrain,10155763
Indian Terrain,10154257
Mufti,10163941
meriggiare,10166677
Indian Terrain,10154643
Ginger by Lifestyle,10170607
Ginger by Lifestyle,10171973
DressBerry,10158717
Bossini,10158259
Indian Terrain,10154523
Bossini,10158301
Indian Terrain,10155529
Ayesha,10173211
Indian Terrain,10153925
Mufti,10164235
Saree mall,10173315
Indian Terrain,10156245
Arrow,10163945
Vero Moda,1015375
Indian Terrain,10152795
Hypernation,10166575
Melange by Lifestyle,10169295
Indian Terrain,10153779
Cation,10168641
Indian Terrain,10152721
Tommy Hilfiger,10176723
E2O,10156555
Indian Terrain,10154327
Indian Terrain,10155261
BIANCA,10163537
PRESTO,10163821
Indian Terrain,10153357
Ginger by Lifestyle,10170283
ColorPlus,10173579
PRESTO,10163789
Indian Terrain,10154331
DressBerry,10156745
Indian Terrain,10156155
SWHF,10174141
Indian Terrain,10152891
PRESTO,10163843
Louis Philippe,10159765
Tistabene,10162013
Melange by Lifestyle,10169289
Indian Terrain,10155335
Vero Moda,1015476
Indian Terrain,10154053
DressBerry,10162363
Tistabene,10161945
Indian Terrain,10157485
Tommy Hilfiger,10176753
E2O,10156391
Karmic Vision,10167137
Indian Terrain,10163517
Kvsfab,10173153
Indian Terrain,10152823
Tommy Hilfiger,10176781
ColorPlus,10173645
Kvsfab,10173119
URBANE,10166481
E2O,10156499
hummel,10166385
Kook N Keech Marvel,10161539
Just Wow,10168521
Canary London,10167249
GAP,10157881
Indian Terrain,10157431
E2O,10156373
Tistabene,10161919
Tistabene,10161959
BIANCA,10163567
Indian Terrain,10153237
GAP,10157877
Tresmode,10174533
Indian Terrain,10163513
Disney by Wear Your Mind,10158013
hummel,10166325
Indian Terrain,10153577
GAP,10157879
DressBerry,10158669
Indian Terrain,10154157
Indian Terrain,10155973
Sparx,10166703
DressBerry,10158661
Indian Terrain,10160921
Kraus Jeans,10167923
Indian Terrain,10155809
Indian Terrain,10153655
Kvsfab,10173123
Indian Terrain,10152799
Indian Terrain,10156147
Indian Terrain,10157425
E2O,10156415
Indian Terrain,10157011
Indian Terrain,10156077
E2O,10156665
Indian Terrain,10152813
WROGN,10161571
Indian Terrain,10153743
PRESTO,10163799
Soie,10159293
Soie,10159259
ColorPlus,10166643
PRESTO,10163833
VALIOSAA,10174691
Monrow,10174725
Indian Terrain,10154339
Indian Terrain,10155521
Tistabene,10161967
Indian Terrain,10152819
Tommy Hilfiger,10176767
Soie,10159287
Indian Terrain,10155765
Golden Peacock,10162339
Vero Moda,1015432
Fame Forever by Lifestyle,10169231
Rosaline,10167087
DressBerry,10158689
Indian Terrain,10156193
Woodland,10158167
Metro,10167925
Vero Moda,1015402
Flying Machine,10158639
Hypernation,10166571
DressBerry,10156751
Karmic Vision,10167151
ONLY,1015996
PRESTO,10163801
Duke,10156295
Kvsfab,10173173
Wildcraft,10166959
ColorPlus,10166637
UCLA,10169103
ColorPlus,10173641
Tommy Hilfiger,10176743
PRESTO,10163837
Tistabene,10161905
Rubans,10161863
DressBerry,10158763
Divine Casa,10174759
DENNISON,10173305
KazarMax,10158783
Indian Terrain,10155217
Indian Terrain,10154695
Indian Terrain,10160819
CAVALLO by Linen Club,10162095
Indian Terrain,10154289
Indian Terrain,10153625
Mufti,10158971
Indian Terrain,10161037
Tistabene,10161961
Indian Terrain,10153363
Indian Terrain,10155343
Indian Terrain,10154951
Indian Terrain,10155571
Indian Terrain,10154709
Tistabene,10161969
Ginger by Lifestyle,10170537
ColorPlus,10166659
Mufti,10164215
BIANCA,10163555
Indian Terrain,10156009
Indian Terrain,10155215
Indian Terrain,10153531
Tommy Hilfiger,10167843
Indian Terrain,10155813
Ginger by Lifestyle,10170363
Indian Terrain,10154149
Indian Terrain,10157423
hummel,10166319
Tistabene,10162009
Indian Terrain,10154385
Indian Terrain,10154291
KazarMax,10158793
Indian Terrain,10155779
Indian Terrain,10153731
Indian Terrain,10154255
Indian Terrain,10154033
U.S. Polo Assn.,10166909
Indian Terrain,10157493
Tistabene,10161921
Indian Terrain,10155661
Indian Terrain,10155059
Indian Terrain,10161373
PRESTO,10163823
BIANCA,10163545
Cherry Crumble,10166765
Da Intimo,10163583
Karmic Vision,10167173
Indian Terrain,10154631
INDYA,10174215
Indian Terrain,10154585
Karmic Vision,10167141
Indian Terrain,10160969
Fame Forever by Lifestyle,10159225
Duke,10156291
Ecko Unltd,10176843
Taavi,10158165
Ginger by Lifestyle,10170243
DressBerry,10162595
Ginger by Lifestyle,10170661
Rubans,10161853
Indian Terrain,10156247
Indian Terrain,10154591
Kvsfab,10173131
Louis Philippe,10159767
Saree mall,10173359
Indian Terrain,10155563
Ecko Unltd,10176819
Voylla,10166625
Tistabene,10161903
Indian Terrain,10154121
Indian Terrain,10156229
DressBerry,10162059
Indian Terrain,10152871
ADIVA,10174111
Park Avenue,10164713
Indian Terrain,10154699
SWHF,10174137
Indian Terrain,10153559
ColorPlus,10173577
Indian Terrain,10155985
Indian Terrain,10153871
Mufti,10159049
Indian Terrain,10156021
Indian Terrain,10155605
Tommy Hilfiger,10176731
HRX by Hrithik Roshan,10167957
Mufti,10163927
PRESTO,10163775
Hypernation,10166593
DressBerry,10162507
Indian Terrain,10153317
Indian Terrain,10153709
Kvsfab,10173127
Kvsfab,10173165
DressBerry,10162531
Indian Terrain,10153901
BIANCA,10163535
Indian Terrain,10154629
Indian Terrain,10155689
Zaveri Pearls,1016231
Flying Machine,10158643
DressBerry,10162061
Wildcraft,10166937
DressBerry,10158665
GAP,10157929
Indian Terrain,10155791
ADIVA,10174117
Indian Terrain,10155483
Indian Terrain,10154441
Indian Terrain,10163499
DressBerry,10158767
Soie,10159331
Kraus Jeans,10167919
Indian Terrain,10155869
Indian Terrain,10155391
Karmic Vision,10167157
Steenbok,10166277
Indian Terrain,10156119
Indian Terrain,10155865
Indian Terrain,10154379
Ecko Unltd,10176823
Tommy Hilfiger,10176769
Indian Terrain,10155979
Karmic Vision,10167195
Disney by Wear Your Mind,10157983
Indian Terrain,10153331
Indian Terrain,10154703
Oxolloxo,10159095
Kvsfab,10173129
Bhama Couture,10173817
ColorPlus,10166645
Tresmode,10174527
DressBerry,10156757
Indian Terrain,10154307
Indian Terrain,10153381
Kvsfab,10173167
PRESTO,10163817
Disney by Wear Your Mind,10158011
Indian Terrain,10155775
Indian Terrain,10154963
Tresmode,10174537
Indian Terrain,10155915
E2O,10156535
hummel,10166793
UCLA,10169125
DressBerry,10158723
Kvsfab,10173163
meriggiare,10166687
Indian Terrain,10154653
Mast & Harbour,10169037
Indian Terrain,10153919
Indian Terrain,10153495
Tistabene,10161937
Mufti,10159021
DressBerry,10162443
CAVALLO by Linen Club,10162145
meriggiare,10166675
Indian Terrain,10154187
Mufti,10159023
Bhama Couture,10173815
Miss Chase,10166985
Indian Terrain,10154411
Ginger by Lifestyle,10170119
Indian Terrain,10157329
E2O,10156579
Soie,10159285
Indian Terrain,10161475
Steenbok,10166289
CODE by Lifestyle,10169191
Indian Terrain,10157199
Tistabene,10161971
Melange by Lifestyle,10169323
Indian Terrain,10155449
Indian Terrain,10154999
GIORDANO,10156303
E2O,10156455
Indian Terrain,10155469
Indian Terrain,10155267
Indian Terrain,10156975
Indian Terrain,10153267
Kurti's by Menka,10172903
ONLY,1017653
Indian Terrain,10152489
Indian Terrain,10153441
Kurti's by Menka,10172971
DressBerry,10162441
Kvsfab,10173151
Indian Terrain,10154977
Indian Terrain,10153287
Indian Terrain,10153389
Tistabene,10161991
Indian Terrain,10157337
Tistabene,10162003
E2O,10156597
Indian Terrain,10153725
Indian Terrain,10155747
Tommy Hilfiger,10176805
Ginger by Lifestyle,10170487
Just Wow,10174713
CUTECUMBER,10159241
Indian Terrain,10153515
Indian Terrain,10155741
CODE by Lifestyle,10169159
Indian Terrain,10153615
Mast & Harbour,10168969
Fame Forever by Lifestyle,10169265
Indian Terrain,10155959
Indian Terrain,10156227
Indian Terrain,10152661
Ecko Unltd,10176829
Tommy Hilfiger,10176747
Indian Terrain,10155445
Soie,10159267
DressBerry,10158715
Voylla,10166627
Tommy Hilfiger,10176803
Park Avenue,10164607
Indian Terrain,10153417
Indian Terrain,10156213
Kvsfab,10173191
Roadster,10158921
Tresmode,10174531
DressBerry,10162391
Flying Machine,10158641
CAVALLO by Linen Club,10162085
Indian Terrain,10152425
Indian Terrain,10155855
Hypernation,10166595
Indian Terrain,10152973
Indian Terrain,10152551
Indian Terrain,10157173
Roadster,10159113
DressBerry,10162697
KazarMax,10158785
Indian Terrain,10155839
Duke,10173883
Ginger by Lifestyle,10170579
DressBerry,10162671
PRESTO,10163853
Vero Moda,1015379
DressBerry,10162601
E2O,10156453
Kvsfab,10173133
Indian Terrain,10153953
DressBerry,10158707
HAMMER,10166833
CODE by Lifestyle,10169177
Melange by Lifestyle,10169269
ColorPlus,10166663
Indian Terrain,10154403
Indian Terrain,10155683
Indian Terrain,10154517
Bhama Couture,10173821
Tistabene,10161927
Tistabene,10162005
Indian Terrain,10157101
Indian Terrain,10154247
Indian Terrain,10153269
Indian Terrain,10161107
Tistabene,10161983
Ginger by Lifestyle,10170215
Duke,10173871
Duke,10173891
Tommy Hilfiger,10176765
Indian Terrain,10153915
Kurti's by Menka,10172997
Ginger by Lifestyle,10170643
Tistabene,10161915
GAP,10157901
Indian Terrain,10154899
Indian Terrain,10155723
Indian Terrain,10155041
Indian Terrain,10155023
ROMEE,10167079
GAP,10157939
UCLA,10169139
Soie,10159305
Ginger by Lifestyle,10172367
Eske,10159509
Indian Terrain,10155427
Mufti,10159039
GAP,10157935
Tistabene,10161981
ColorPlus,10173593
Eske,10167235
Ginger by Lifestyle,10170571
BIANCA,10163543
CAVALLO by Linen Club,10162121
Indian Terrain,10152357
DressBerry,10156755
Indian Terrain,10154281
Fame Forever by Lifestyle,10169253
KazarMax,10158787
Indian Terrain,10153221
Indian Terrain,10153265
Vero Moda,1015439
Tommy Hilfiger,10176745
Bhama Couture,10173805
DressBerry,10162605
Indian Terrain,10160993
BIANCA,10163563
Vero Moda,1015435
Melange by Lifestyle,10169315
DressBerry,10158731
GAP,10157955
Indian Terrain,10153635
FAUSTO,10159405
Ginger by Lifestyle,10170421
Bhama Couture,10173807
Kvsfab,10173143
Tommy Hilfiger,10176783
Soie,10159343
ColorPlus,10166655
U.S. Polo Assn.,10166883
KazarMax,10158781
meriggiare,10166685
Kvsfab,10173157
Arrow,10163919
Tistabene,10161979
Indian Terrain,10153753
ADIVA,10174113
Indian Terrain,10155667
Indian Terrain,10155451
Indian Terrain,10157395
Indian Terrain,10155767
Indian Terrain,10154567
Tistabene,10161907
Indian Terrain,10156145
Mast & Harbour,10169021
Indian Terrain,10154915
Tommy Hilfiger,10176775
Tistabene,10161973
Indian Terrain,10157261
Indian Terrain,10157213
Indian Terrain,10153309
Indian Terrain,10154023
Indian Terrain,10154919
Indian Terrain,10154993
Flying Machine,10158627
Disney by Wear Your Mind,10158053
Indian Terrain,10153073
Indian Terrain,10161101
ColorPlus,10166635
HERE&NOW,10163701
Indian Terrain,10154241
Vero Moda,1015437
Ginger by Lifestyle,10172167
INDYA,10174217
Calvin Klein Underwear,10173389
Tistabene,10161953
Indian Terrain,10152373
Indian Terrain,10155075
Vero Moda,1015382
Indian Terrain,10155207
E2O,10156427
DressBerry,10158755
Tistabene,10161955
Hypernation,10166585
Eske,10167239
Indian Terrain,10154665
Disney by Wear Your Mind,10158051
PRESTO,10163839
Indian Terrain,10153323
DENNISON,10173241
PRESTO,10163827
Indian Terrain,10154031
Indian Terrain,10154211
Hypernation,10166591
PRESTO,10163815
Indian Terrain,10154923
Da Intimo,10163715
Soie,10159263
W,1017271
Indian Terrain,10153397
Newport,10166717
PrettyCat,10166407
Ayesha,10173199
Indian Terrain,10154081
Indian Terrain,10153041
Flying Machine,10158655
Indian Terrain,10153857
Indian Terrain,10155487
ADIVA,10174115
hummel,10166779
Golden Peacock,10162325
Soie,10159303
UCLA,10169137
Hypernation,10166581
Vero Moda,1015438
Mufti,10163871
Indian Terrain,10155027
Roadster,10167311
Kurti's by Menka,10172907
Ginger by Lifestyle,10170913
ColorPlus,10173591
Johnny Bravo by Kook N Keech,10161517
Da Intimo,10163733
Saree mall,10173325
hummel,10166323
Zivame,10164207
Indian Terrain,10153937
Tresmode,10174517
Indian Terrain,10155715
Indian Terrain,10154117
Indian Terrain,10157235
Indian Terrain,10153227
Tistabene,10162001
Ginger by Lifestyle,10169827
Indian Terrain,10153385
Zivame,10164191
GIORDANO,10156313
FabAlley,10166873
Indian Terrain,10163519
Kvsfab,10173195
Indian Terrain,10155005
Ginger by Lifestyle,10170161
Wildcraft,10166971
Divine Casa,10166845
Indian Terrain,10153631
Disney by Wear Your Mind,10157969
Tistabene,10161989
Indian Terrain,10156163
Indian Terrain,10154779
Kurti's by Menka,10172921
Karmic Vision,10167127
Indian Terrain,10153653
Indian Terrain,10153189
Kook N Keech Garfield,10161519
Kook N Keech Marvel,10161531
GAP,10157965
Vero Moda,1015407
Indian Terrain,10156059
Indian Terrain,10154203
Soie,10159299
Indian Terrain,10154107
DENNISON,10173261
Indian Terrain,10154485
Tistabene,10161895
PrettyCat,10166421
Indian Terrain,10161211
HERE&NOW,10166763
Tommy Hilfiger,10176757
Tistabene,10161933
Zivame,10164185
Kvsfab,10173185
Indian Terrain,10161179
Tissu,10173679
ColorPlus,10173567
Indian Terrain,10152769
Tistabene,10161929
Turkish Bath,10156855
GAP,10157931
GAP,10157889
JAINISH,10162275
Tistabene,10161993
HERE&NOW,10163639
Kurti's by Menka,10172957
DressBerry,10162707
Tommy Hilfiger,10176749
ColorPlus,10166673
Indian Terrain,10152991
HERE&NOW,10164333
E2O,10156599
Indian Terrain,10153405
Ginger by Lifestyle,10170319
KazarMax,10158775
Disney by Wear Your Mind,10158049
Ginger by Lifestyle,10170325
Kvsfab,10173145
PRESTO,10163851
Indian Terrain,10153361
Indian Terrain,10153165
Indian Terrain,10154741
Melange by Lifestyle,10169381
Indian Terrain,10155463
Indian Terrain,10152507
Indian Terrain,10153311
E2O,10156659
Mufti,10163899
CAVALLO by Linen Club,10162181
Bhama Couture,10173819
Indian Terrain,10154301
Mast & Harbour,10168965
Indian Terrain,10154639
Ginger by Lifestyle,10170569
E2O,10156691
Indian Terrain,10153445
Indian Terrain,10155415
Tistabene,10162019
Kvsfab,10173187
PRESTO,10163835
Indian Terrain,10155425
Indian Terrain,10154757
KLEIO,10174639
Indian Terrain,10155395
Saree mall,10173367
Indian Terrain,10152835
Indian Terrain,10155459
Nature Casuals,1016061
PRESTO,10163805
Tistabene,10161913
Kvsfab,10173181
Indian Terrain,10152881
JAINISH,10162287
Indian Terrain,10157073
Kvsfab,10173149
Saree mall,10173329
Indian Terrain,10153621
DressBerry,10162523
Indian Terrain,10154879
Indian Terrain,10153483
Indian Terrain,10155851
Indian Terrain,10153439
Indian Terrain,10154221
Indian Terrain,10152903
Tistabene,10161899
Indian Terrain,10154981
Indian Terrain,10153375
U.S. Polo Assn.,10166889
Tommy Hilfiger,10167837
Indian Terrain,10161011
Zaveri Pearls,1016233
DressBerry,10162419
Kurti's by Menka,10172931
Indian Terrain,10154569
PRESTO,10163813
Indian Terrain,10154753
Kvsfab,10173137
Indian Terrain,10154575
Indian Terrain,10154657
Da Intimo,10163575
Kvsfab,10173147
Eske,10167241
Indian Terrain,10152845
Indian Terrain,10153111
Indian Terrain,10155535
Indian Terrain,10153969
Indian Terrain,10153079
VALIOSAA,10174689
Indian Terrain,10153353
Indian Terrain,10155969
Indian Terrain,10154083
Tistabene,10162021
Indian Terrain,10155751
Disney by Wear Your Mind,10158061
Indian Terrain,10155659
Louis Philippe,10159627
Mufti,10158997
Ginger by Lifestyle,10169675
E2O,10156339
Indian Terrain,10152933
Indian Terrain,10153321
Tommy Hilfiger,10176777
GAP,10157913
DressBerry,10158713
Hypernation,10166589
Soie,10159339
KazarMax,10158791
Indian Terrain,10154049
Tresmode,10174507
hummel,10166441
Tistabene,10162011
Ginger by Lifestyle,10170259
Indian Terrain,10153157
Vero Moda,1015488
Karmic Vision,10167145
Ginger by Lifestyle,10172629
Tistabene,10162007
PRESTO,10163855
Kvsfab,10173115
Kurti's by Menka,10172993
Vero Moda,1015395
HRX by Hrithik Roshan,10168033
Tistabene,10161999
Indian Terrain,10155549
DressBerry,10162653
Ginger by Lifestyle,10169931
FAUSTO,10159407
Mufti,10163893
GAP,10157941
Indian Terrain,10153125
Bossini,10158463
Kvsfab,10173171
Ecko Unltd,10176839
DressBerry,10158659
DressBerry,10158739
PRESTO,10163783
Kraus Jeans,10167901
Vero Moda,1015445
BIANCA,10163547
Indian Terrain,10153259
Tommy Hilfiger,10176751
DENNISON,10173235
PRESTO,10163773
Indian Terrain,10155895
Unshaven,10174341
GIO COLLECTION,10180325
WROGN,10187223
AURELIA,10186823
PrettyCat,10180155
AURELIA,10185627
Mast & Harbour,10178677
AURELIA,10185253
Soie,10178563
AURELIA,10185585
YWC,10181609
Style Quotient,10182349
Jack & Jones,10180623
AURELIA,10185303
AURELIA,10186039
Kraft Cellar,10181097
AURELIA,10185479
AURELIA,10185603
HERE&NOW,10177993
AURELIA,10185245
AURELIA,10185371
Saral Home,10182293
AURELIA,10185655
AURELIA,10185899
Lavie,10186105
Style Quotient,10182377
justpeachy,10181023
Puma,10181783
Lavie,10186179
AURELIA,10185083
AURELIA,10185035
Lavie,10186227
Jack & Jones,10180663
AURELIA,10185893
AURELIA,10186017
Lavie,10186113
WROGN,10188221
WROGN,10188153
Kryptic,10180535
AURELIA,10186759
Puma,10181849
WROGN,10187703
WROGN,10187107
AURELIA,10186061
AURELIA,10185365
WROGN,10187873
WROGN,10187491
WROGN,10188449
HERE&NOW,10178009
Puma,10181899
GERUA,10178883
AURELIA,10185017
ANTS,10179241
WROGN,10188293
AURELIA,10185547
Kryptic,10180691
Lavie,10186337
AURELIA,10186813
AURELIA,10186037
WROGN,10187429
HERE&NOW,10177959
BownBee,10179739
justpeachy,10181015
AURELIA,10185231
AURELIA,10185319
Skechers,10185967
Puma,10181945
Style Quotient,10182399
AURELIA,10185583
AURELIA,10185641
AURELIA,10185633
AURELIA,10185995
Studio Voylla,10180399
Bruno Manetti,10181339
Jack & Jones,10180625
Campus,10182143
Lavie,10186921
WROGN,10188253
MBOSS,10182273
Soie,10178571
HERE&NOW,10185667
BownBee,10179601
Kryptic,10180543
GIO COLLECTION,10180315
HERE&NOW,10178013
Taavi,10184937
GIO COLLECTION,10180261
AURELIA,10186747
Lavie,10186399
AURELIA,10185033
YWC,10181607
AURELIA,10185355
SG YUVRAJ,10177627
WROGN,10187319
WROGN,10187599
Invincible,10184389
AURELIA,10185239
GERUA,10178819
AURELIA,10185241
AURELIA,10185353
AURELIA,10185235
WROGN,10187345
AURELIA,10185901
Lavie,10186079
Global Desi,10178959
ONLY,1017695
Alena,10180561
yelloe,10179219
GERUA,10178919
Studio Voylla,10180397
AURELIA,10185169
Lavie,10186601
AURELIA,10185201
AURELIA,10185535
American Crew,10176897
Ecko Unltd,10176855
AURELIA,10185227
AURELIA,10185471
GERUA,10178903
YWC,10181721
AURELIA,10186831
justpeachy,10180933
WROGN,10187343
justpeachy,10180929
Duke,10178077
Harvard,10184183
GIORDANO,10184249
justpeachy,10180989
WROGN,10187129
AURELIA,10185531
YWC,10181677
AURELIA,10185607
justpeachy,10181003
AURELIA,10185377
Lavie,10186319
Puma,10181817
WROGN,10187309
WROGN,10187021
WROGN,10187221
AURELIA,10186033
Lavie,10186717
Lavie,10186413
AURELIA,10186841
Kraft Cellar,10179817
AURELIA,10185369
Puma,10181933
Studio Voylla,10180391
Lavie,10186331
HERE&NOW,10178001
GIO COLLECTION,10180313
CODE by Lifestyle,10177215
Lavie,10186457
AURELIA,10185997
AURELIA,10185267
Skechers,10185955
Lavie,10186309
justpeachy,10181025
AURELIA,10186781
Blisscovered,10182209
WROGN,10187521
Kraft Cellar,10181073
WROGN,10187391
Puma,10181857
Style Quotient,10182617
GIO COLLECTION,10180303
GAP,10180483
justpeachy,10181021
Alina decor,10179341
MANOHARI,10180209
AURELIA,10186775
Puma,10181929
WROGN,10187185
AURELIA,10185565
WROGN,10187587
GERUA,10178905
justpeachy,10180987
AURELIA,10185077
AURELIA,10186057
AURELIA,10185027
AURELIA,10186045
justpeachy,10180941
WROGN,10187447
AURELIA,10186837
WROGN,10188259
Style Quotient,10182621
Kryptic,10180537
WROGN,10187417
Global Desi,10178971
BownBee,10179605
GIO COLLECTION,10180321
Style Quotient,10182317
AURELIA,10185389
AURELIA,10186027
Alina decor,10179309
Lavie,10186943
AURELIA,10185051
AURELIA,10185225
WROGN,10187029
Alina decor,10179289
Kraft Cellar,10177951
Studio Voylla,10180433
Kraft Cellar,10179827
WROGN,10187203
ANTS,10179255
WROGN,10188213
Lavie,10186121
AURELIA,10185599
AURELIA,10186765
Canary London,10178431
Canary London,10178437
Kraft Cellar,10179821
AURELIA,10185045
Aujjessa,10181453
AURELIA,10185545
t-base,10185873
WROGN,10187981
AURELIA,10185313
Alina decor,10179355
BownBee,10179743
Shoetopia,10181387
WROGN,10188263
WROGN,10187181
AURELIA,10185335
Studio Voylla,10180403
FAUSTO,10182581
YWC,10181717
YWC,10181617
WROGN,10188149
Lavie,10186357
Free Authority,10184337
AURELIA,10185441
Taavi,10184943
AURELIA,10185351
WROGN,10188291
Lavie,10186511
GERUA,10178927
AURELIA,10185185
WROGN,10187639
NBA,10180917
Canary London,10178403
AURELIA,10185283
Style Quotient,10182401
justpeachy,10180945
AURELIA,10185329
WROGN,10187585
ONLY,1017710
Lavie,10186475
AURELIA,10185393
YWC,10181725
RUF & TUF,10184139
NBA,10180891
AURELIA,10186769
Lavie,10186411
Lavie,10186265
WROGN,10187421
AURELIA,10185147
justpeachy,10180939
WROGN,10187377
AURELIA,10186013
Jack & Jones,10180621
FAUSTO,10184679
AURELIA,10185465
AURELIA,10185387
SPRAY GROUND,10177689
Alena,10180699
Shoetopia,10181397
Studio Voylla,10180453
AURELIA,10185891
GERUA,10178815
AURELIA,10185061
GAP,10180513
WROGN,10187699
AURELIA,10185179
Kryptic,10180527
WROGN,10187679
MBOSS,10182279
AURELIA,10185425
Style Quotient,10182315
Studio Voylla,10180395
AURELIA,10185597
AURELIA,10186001
Skechers,10185969
AURELIA,10185399
Puma,10181909
Kryptic,10180539
Canary London,10178389
WROGN,10187711
AURELIA,10186011
WROGN,10188077
AURELIA,10185325
GIO COLLECTION,10180309
KLEIO,10185733
WROGN,10188255
AURELIA,10186753
t-base,10185843
AURELIA,10185909
UNKNOWN by Ayesha,10184573
Campus,10182159
AURELIA,10186755
Lavie,10186189
AURELIA,10185401
WROGN,10187555
AURELIA,10185215
AURELIA,10186749
WILD WEST,10185751
Skechers,10185959
AURELIA,10185025
AURELIA,10186807
Lavie,10186501
Lavie,10186307
AURELIA,10185415
WROGN,10187273
AURELIA,10185135
WROGN,10187627
HERE&NOW,10178027
WROGN,10187359
YWC,10181679
AURELIA,10185571
AURELIA,10185591
Lavie,10186123
t-base,10185849
Lavie,10186093
Invincible,10184349
Lavie,10186155
RUF & TUF,10184163
WROGN,10187101
AURELIA,10185059
HERE&NOW,10178085
Canary London,10178459
Puma,10181381
Kryptic,10180685
AURELIA,10185449
NBA,10180895
AURELIA,10185381
AURELIA,10185055
AURELIA,10185611
Kraft Cellar,10181089
HERE&NOW,10178057
GERUA,10178889
AURELIA,10185197
YWC,10181593
AURELIA,10185467
WROGN,10187847
AURELIA,10185439
Style Quotient,10182355
Ecko Unltd,10176849
AURELIA,10186035
Saral Home,10182289
MANOHARI,10180245
AURELIA,10186843
Invincible,10184387
WROGN,10187801
Alina decor,10179297
CODE by Lifestyle,10177419
WILD WEST,10185755
AURELIA,10185625
Lavie,10186389
WROGN,10188295
GAP,10180923
FAUSTO,10186993
WROGN,10188139
Kryptic,10180689
Jack & Jones,10180755
Blisscovered,10182255
AURELIA,10185327
AURELIA,10186005
Kraft Cellar,10179833
Lavie,10186343
WROGN,10187051
WROGN,10187595
Style Quotient,10182351
Lavie,10186573
UNKNOWN by Ayesha,10184583
GAP,10180919
GIO COLLECTION,10180263
justpeachy,10180981
Puma,10181947
Style Quotient,10182323
AURELIA,10185153
HERE&NOW,10178047
AURELIA,10185481
AURELIA,10185331
AURELIA,10185631
AURELIA,10185265
KLEIO,10185729
AURELIA,10186777
YWC,10181647
Jack & Jones,10180669
Lavie,10186491
WROGN,10188229
UNKNOWN by Ayesha,10184569
GERUA,10178841
Puma,10181833
AURELIA,10185081
Pure Play,1018470
PUMA Motorsport,10181779
CODE by Lifestyle,10177521
AURELIA,10186731
Kraft Cellar,10181071
AURELIA,10185023
AURELIA,10185177
Global Desi,10179043
20Dresses,10181189
HERE&NOW,10178041
Kraft Cellar,10179831
AURELIA,10185911
Lavie,10186379
KLEIO,10185821
WROGN,10187769
HERE&NOW,10185677
Global Desi,10179047
Studio Voylla,10180473
AURELIA,10185191
Enamor,10184299
AURELIA,10185557
AURELIA,10185433
BownBee,10179599
Lavie,10186199
HERE&NOW,10178037
SG YUVRAJ,10177629
WROGN,10187119
AURELIA,10185903
YWC,10181687
Lavie,10186203
Jack & Jones,10180615
Kryptic,10180693
Soie,10178585
Studio Voylla,10180477
YWC,10181595
Bhama Couture,10182131
URBANE,10184821
Puma,10181383
AURELIA,10185519
AURELIA,10185041
WROGN,10187279
Lavie,10186603
Lavie,10186405
Puma,10181893
Taavi,10184939
Lavie,10186429
AURELIA,10185907
Lavie,10186469
Duke,10178067
WROGN,10187691
Alena,10180557
Jack & Jones,10180607
Saral Home,10182283
Style Quotient,10182373
WROGN,10188329
Aujjessa,10181463
Campus,10182147
AURELIA,10185163
Puma,10181867
AURELIA,10185915
Saral Home,10182297
Lavie,10186455
Style Quotient,10182397
WROGN,10187797
WROGN,10187097
Saral Home,10182295
AURELIA,10185615
SPRAY GROUND,10177693
Global Desi,10179037
WROGN,10188363
WROGN,10187931
AURELIA,10186735
AURELIA,10186825
AURELIA,10185251
AURELIA,10185447
AURELIA,10185043
Duke,10178063
GAP,10180681
AURELIA,10186023
WROGN,10187435
WROGN,10187013
Bruno Manetti,10181337
HERE&NOW,10177971
UNKNOWN by Ayesha,10184577
Kryptic,10180687
BIANCA,10180149
Puma,10181913
AURELIA,10185931
WROGN,10187267
WROGN,10187815
WROGN,10188545
AURELIA,10185375
AURELIA,10185261
AURELIA,10186015
Puma,10181943
WROGN,10187629
justpeachy,10181019
Lavie,10186329
AURELIA,10185347
AURELIA,10185279
YWC,10181641
Lavie,10186941
WROGN,10187389
Puma,10181385
HERE&NOW,10178029
justpeachy,10180935
YWC,10181635
Lavie,10186589
WROGN,10187951
Aerosoles,1018312
YWC,10181689
Puma,10181911
justpeachy,10181035
justpeachy,10181061
HERE&NOW,10178049
WROGN,10187031
AURELIA,10185913
AURELIA,10185095
Lavie,10186153
WROGN,10187323
AURELIA,10186779
Puma,10181847
HERE&NOW,10177975
Lavie,10186489
Garmin,10184209
Skechers,10185979
WROGN,10187299
AURELIA,10186743
Lavie,10186599
WROGN,10187281
HERE&NOW,10177983
Puma,10181851
t-base,10185875
AURELIA,10185905
Alina decor,10179339
Lavie,10186361
Street Style Store,10182641
AURELIA,10185487
AURELIA,10186827
WROGN,10187335
WROGN,10188425
Lavie,10186129
AURELIA,10186047
Studio Voylla,10180427
Skechers,10185943
Lavie,10186677
WROGN,10187043
Alina decor,10179319
HERE&NOW,10178055
HERE&NOW,10177977
KLEIO,10185731
YWC,10181651
Puma,10181821
YWC,10181701
WROGN,10188171
Duke,10178075
URBANE,10185807
justpeachy,10180971
Lavie,10186481
Aujjessa,10181475
AURELIA,10185461
WROGN,10187243
WROGN,10188243
justpeachy,10180959
AURELIA,10185561
AURELIA,10186021
WROGN,10187583
Street Style Store,10182663
Alina decor,10179351
WROGN,10188063
Alina decor,10179331
Lavie,10186191
GIO COLLECTION,10180299
Garmin,10184211
Lavie,10186699
AURELIA,10185075
WROGN,10187657
AURELIA,10185193
Puma,10181883
WROGN,10187409
AURELIA,10185213
Puma,10181869
AURELIA,10185555
WROGN,10187487
WROGN,10188591
Lavie,10186277
WROGN,10188401
UNKNOWN by Ayesha,10184567
WROGN,10187423
WROGN,10187437
HERE&NOW,10178033
GIO COLLECTION,10180281
AURELIA,10185417
KLEIO,10185741
justpeachy,10180937
AURELIA,10186815
HERE&NOW,10177965
HERE&NOW,10185717
WROGN,10187793
AURELIA,10185427
WROGN,10187245
BownBee,10179597
HERE&NOW,10178031
Soie,10178577
AURELIA,10186739
AURELIA,10185307
WROGN,10188447
AURELIA,10186737
WROGN,10187485
t-base,10185869
WROGN,10187743
AURELIA,10185477
Alina decor,10179283
Alina decor,10179321
Jack & Jones,10180635
Style Quotient,10182369
AURELIA,10185315
Puma,10181895
AURELIA,10185491
GERUA,10178885
WROGN,10187821
YWC,10181605
WROGN,10187365
Kraft Cellar,10181093
Campus,10182145
AURELIA,10185407
Blisscovered,10182231
Jack & Jones,10180761
AURELIA,10185653
AURELIA,10185047
AURELIA,10185271
AURELIA,10186043
Global Desi,10179015
t-base,10185877
AURELIA,10185927
Lavie,10186549
AURELIA,10186019
Style Quotient,10182343
Aujjessa,10181455
AURELIA,10185053
Aujjessa,10181469
AURELIA,10185113
AURELIA,10185161
WROGN,10188237
Lavie,10186713
Aujjessa,10181477
WROGN,10188501
AURELIA,10185419
WROGN,10187047
WROGN,10188047
GAP,10180677
WROGN,10187025
Saral Home,10182299
WROGN,10188111
Blisscovered,10182257
AURELIA,10185395
AURELIA,10185443
Studio Voylla,10180481
WROGN,10187263
Puma,10181785
AURELIA,10185089
GERUA,10178859
AURELIA,10185423
Lavie,10186293
AURELIA,10185141
AURELIA,10185037
AURELIA,10185337
AURELIA,10185379
AURELIA,10185617
AURELIA,10185343
Global Desi,10178967
GERUA,10178873
GERUA,10178901
AURELIA,10185203
Lavie,10186281
NBA,10180899
AURELIA,10185189
KLEIO,10185737
Lavie,10186317
WROGN,10187643
Lavie,10186519
WROGN,10187581
Lavie,10186107
YWC,10181637
WROGN,10187645
AURELIA,10185293
AURELIA,10185273
AURELIA,10185999
AURELIA,10185485
URBANE,10184823
WROGN,10188361
PUMA Motorsport,10181923
AURELIA,10186819
Alina decor,10179353
Studio Voylla,10180431
Canary London,10178427
GAP,10180507
Taavi,10179111
justpeachy,10180983
Puma,10181759
Enamor,10184301
Ecko Unltd,10176853
BERING,10177079
20Dresses,10181205
AURELIA,10186009
Alina decor,10179291
WROGN,10188049
AURELIA,10185317
Style Quotient,10182391
AURELIA,10185281
MBOSS,10182275
AURELIA,10186793
Blisscovered,10182205
AURELIA,10186767
Jack & Jones,10180609
AURELIA,10185323
Studio Voylla,10180441
WROGN,10188589
AURELIA,10185651
Newport,10185781
WROGN,10187445
ether,1018611
AURELIA,10185543
Alvaro Castagnino,10178285
American Crew,10176903
WROGN,10187109
Lavie,10186305
WROGN,10188369
Alina decor,10179275
YWC,10181691
Style Quotient,10182619
AURELIA,10185071
WROGN,10187401
Alina decor,10179293
Alina decor,10179337
WROGN,10187565
AURELIA,10185257
MBOSS,10182277
Lavie,10186495
AURELIA,10186041
AURELIA,10185397
Alom,1018789
WROGN,10187471
ether,10186901
Lavie,10186559
WROGN,10187189
Bhama Couture,10182141
NBA,10180905
WROGN,10187867
WROGN,10187809
GIO COLLECTION,10180277
AURELIA,10186835
Lavie,10186213
Global Desi,10178999
ONLY,1017725
GIORDANO,10184223
AURELIA,10185601
WROGN,10188165
NBA,10180907
Jack & Jones,10180639
AURELIA,10186785
justpeachy,10180943
WROGN,10187087
DOT & KEY,10185759
Style Quotient,10182375
WROGN,10187157
WROGN,10187601
WROGN,10187231
WROGN,10187079
HERE&NOW,10185683
AURELIA,10185219
AURELIA,10186789
Saral Home,10182287
Lavie,10186091
YWC,10181657
WROGN,10188061
Global Desi,10178993
Jack & Jones,10180751
GIO COLLECTION,10180327
Puma,10181809
Style Quotient,10182345
pinwheel,10184327
Lavie,10186679
AURELIA,10186003
AURELIA,10185311
Lotto,10182711
AURELIA,10185123
Studio Voylla,10180387
AURELIA,10185403
AURELIA,10185405
AURELIA,10185111
GERUA,10178887
AURELIA,10185367
CHUTPUT,10178337
WROGN,10187509
Style Quotient,10182333
IZOD,1017837
Lavie,10186487
Lavie,10186159
Skechers,10185971
MANOHARI,10180227
WROGN,10188055
WROGN,10187685
Saral Home,10182301
Kraft Cellar,10181099
WROGN,10187125
WROGN,10188527
AURELIA,10185639
AURELIA,10185563
AURELIA,10186029
WROGN,10187235
WROGN,10187341
Soie,10178575
WROGN,10187655
WROGN,10188269
WROGN,10188279
YWC,10181659
AURELIA,10185629
Alina decor,10179277
WROGN,10188417
Lavie,10186173
Campus Sutra,1017828
WROGN,10187933
AURELIA,10185383
NBA,10180893
Alina decor,10179287
Lavie,10186375
Ecko Unltd,10176851
GIO COLLECTION,10180285
Global Desi,10179075
Lavie,10186185
DOT & KEY,10185765
GERUA,10178863
AURELIA,10185167
COVER STORY,10184619
WROGN,10187459
YWC,10181599
Shoetopia,10184213
AURELIA,10185145
Skechers,10185945
WROGN,10187531
AURELIA,10185173
AURELIA,10186049
AURELIA,10186053
Lavie,10186333
20Dresses,10181211
Lavie,10186551
Lavie,10186247
Enamor,10184303
WROGN,10187455
WROGN,10188393
AURELIA,10185549
AURELIA,10185587
WROGN,10187735
NBA,10180909
KLEIO,10185739
WROGN,10187339
Lavie,10186637
AURELIA,10185165
Taavi,10184935
Style Quotient,10182395
AURELIA,10185373
WROGN,10188645
Global Desi,10179061
AURELIA,10186059
Duke,10178069
Shoetopia,10181395
WROGN,10187347
AURELIA,10185457
AURELIA,10185483
AURELIA,10185589
Ruosh,1018641
Style Quotient,10182347
Puma,10181875
Alina decor,10179335
Blisscovered,10182251
WROGN,10188475
AURELIA,10185919
WROGN,10187311
AURELIA,10185223
Global Desi,10178975
Just Wow,10184313
Ecko Unltd,10176847
Kraft Cellar,10182259
Lavie,10186219
AURELIA,10185567
WROGN,10188411
AURELIA,10185559
Aarika,10177947
NBA,10180901
Kraft Cellar,10179837
HERE&NOW,10177987
HERE&NOW,10178019
AURELIA,10186797
Lavie,10186161
WROGN,10187593
SOLES,10182185
WROGN,10188467
AURELIA,10186803
MBOSS,10182267
Ecko Unltd,10176857
WROGN,10187881
Style Quotient,10182339
HERE&NOW,10177961
Jack & Jones,10180645
HERE&NOW,10178017
Puma,10181823
AURELIA,10185917
Harvard,10184189
AURELIA,10185205
WROGN,10187761
Shoetopia,10181391
HERE&NOW,10185673
AURELIA,10185349
AURELIA,10185593
Jack & Jones,10180753
GIORDANO,10184263
Envy,10184915
AURELIA,10185217
URBANE,10185805
AURELIA,10185299
Harvard,10184185
AURELIA,10185085
GIO COLLECTION,10180275
justpeachy,10181047
WROGN,10187413
AURELIA,10186821
CHUTPUT,10178351
Jack & Jones,10180569
GAP,10180489
AURELIA,10185149
WROGN,10188473
Saral Home,10182285
AURELIA,10185295
AURELIA,10185435
AURELIA,10185183
Studio Voylla,10180407
AURELIA,10185321
WROGN,10187399
Kryptic,10180541
American Crew,10176893
WROGN,10187773
AURELIA,10186799
Soie,10178561
Soie,10178569
Kraft Cellar,10181091
AURELIA,10185125
NBA,10180915
AURELIA,10186055
WROGN,10188227
Forca by Lifestyle,10176915
DOT & KEY,10185761
Saral Home,10182291
Reebok Classic,10178059
Aujjessa,10181471
AURELIA,10185119
Blisscovered,10182223
AURELIA,10185065
FEVER,10184275
WROGN,10187229
WROGN,10187971
Lavie,10186937
WROGN,10187483
t-base,10185863
AURELIA,10185109
Lavie,10186461
AURELIA,10185021
AURELIA,10185015
GERUA,10178913
WROGN,10187753
Puma,10181873
Puma,10181771
Puma,10181885
Global Desi,10179083
HERE&NOW,10185691
WROGN,10187749
WROGN,10188353
AURELIA,10185263
GERUA,10178929
Lavie,10186607
Kryptic,10180533
AURELIA,10185195
Studio Voylla,10180373
Jack & Jones,10180629
Kraft Cellar,10177949
Blisscovered,10182203
JAINISH,10162283
Vero Moda,1015466
Lavie,10186165
JAINISH,10162297
Madame,10194559
W,10206773
C9 AIRWEAR,10193861
U.S. Polo Assn.,10207591
JAINISH,10162295
Franco Leone,10201167
JAINISH,10162291
W,10206909
W,10207091
Parx,10202819
W,10206993
W,10207273
612 league,10197115
Tossido,10202121
WISSTLER,10197809
AURELIA,10190893
W,10207333
Cortina,10202459
W,10207089
Franco Leone,10201271
W,10206829
AHIKA,10189535
W,10206741
Cortina,10202441
Jompers,10208569
AccessHer,10198191
People,10202595
W,10206849
W,10206791
Parx,10203045
Mufti,10197891
Parx,10203013
Cortina,10202429
Oxolloxo,10205731
Mufti,10196005
Roadster,10197693
W,10206987
Cortina,10202509
HERE&NOW,10203335
Cortina,10203313
Yuuki,10203229
Ahalyaa,10200177
Z-ZOOM,10203391
W,10207311
People,10202597
CLAY CRAFT,10196853
Van Heusen Woman,10208703
Blacksmith,10194889
C9 AIRWEAR,10193871
fungus,10196259
Cortina,10202435
W,10206935
W,10207357
U.S. Polo Assn.,10207529
Mufti,10195997
Mufti,10197917
Louis Philippe,10202053
W,10207425
GAP,10205403
Cortina,10203287
Mufti,10196019
HERE&NOW,10196989
HERE&NOW,10197071
EthnoVogue,10197729
Naari,10188719
Z-ZOOM,10203379
AccessHer,10198389
612 league,10197125
W,10207409
People,10206633
People,10202599
Z-ZOOM,10203363
Van Heusen Sport,10202695
W,10206751
Jompers,10208599
W,10206969
W,10207317
W,10206801
AccessHer,10198083
fungus,10196261
Lady Love,10193717
W,10207289
Cortina,10202407
W,10207059
Cortina,10203291
Mufti,10197879
Naari,10188731
Fastrack,10191001
Marks & Spencer,10203469
Chumbak,10193831
Lady Love,10193699
AccessHer,10198209
Miss Chase,10196241
W,10207619
EthnoVogue,10197627
W,10207103
Z-ZOOM,10203387
Cortina,10202467
Van Heusen Woman,10208709
Van Heusen Woman,10202727
NIZA,10197969
Cortina,10202477
Naari,10188817
W,10206857
AHIKA,10189549
Cortina,10202411
Cortina,10203299
W,10207457
Mufti,10197855
AccessHer,10198379
Free Authority,10202759
Parx,10203081
W,10206867
W,10207151
Cortina,10202513
Shoetopia,10189739
W,10206761
W,10206865
Chumbak,10207241
GAP,10205435
Van Heusen Sport,10202633
Naari,10188795
W,10206997
SOJANYA,10202285
Saint G,10203273
Shoetopia,10203175
Oxolloxo,10205749
HIROLAS,10203491
W,10207079
Peter England,10201425
W,10206897
W,10207153
Z-ZOOM,10203381
Z-ZOOM,10203375
W,10207073
Van Heusen Woman,10206081
Cortina,10203293
The Pink Moon,10197583
Parx,10203157
W,10207445
Global Desi,10193971
AccessHer,10198095
Jompers,10208579
W,10206877
W,10207069
Oxolloxo,10205805
Parx,10202961
W,10207045
W,10207265
W,10207353
Parx,10202913
EthnoVogue,10197741
Mufti,10195987
Cortina,10202461
U.S. Polo Assn. Denim Co.,10207577
W,10207479
Madame,10194537
Global Desi,10193991
AURELIA,10190651
AccessHer,10198123
Ahalyaa,10200171
W,10207143
Van Heusen Woman,10208773
W,10206759
Jompers,10208545
W,10207161
Van Heusen Woman,10208659
W,10207455
W,10207037
Cortina,10202491
NIZA,10197989
MISH,10199855
Vozaf,10193893
Oxolloxo,10205645
W,10207139
Marks & Spencer,10206387
W,10207639
Van Heusen,10201669
W,10207383
EthnoVogue,10197727
W,10206827
W,10206833
Global Desi,10193959
Cortina,10202425
INVICTUS,10194977
GAP,10205427
Van Heusen Sport,10207229
W,10207389
Miss Chase,10196221
People,10206643
Madame,10194439
GAP,10205369
Lady Stark,10206239
Mufti,10201133
Louis Philippe Jeans,10202041
Cortina,10202501
C9 AIRWEAR,10193873
Bohemia Crystal,10189701
GAP,10205469
Parx,10202891
AURELIA,10190649
W,10206895
Cortina,10202413
Franco Leone,10201175
EthnoVogue,10197649
Ahalyaa,10200193
MISH,10199945
W,10207485
SOLES,10194835
Monrow,10193793
Naari,10188781
W,10207019
Van Heusen,10201701
HERE&NOW,10197027
W,10207437
Indo Era,10197167
Kazo,10206441
W,10207261
W,10206725
NIZA,10197997
Van Heusen Woman,10206153
Kazo,10206435
Lady Stark,10206259
Sera,10202029
Franco Leone,10202095
Wish Karo,10196911
W,10207159
Jompers,10208575
Yuuki,10203233
W,10206889
Saint G,10203271
Blacksmith,10194895
Parx,10203125
EthnoVogue,10197737
CLAY CRAFT,10196857
Zink London,10196945
W,10207155
Jompers,10208627
Cortina,10202439
U.S. Polo Assn. Denim Co.,10207507
MISH,10199805
W,10206921
Louis Philippe,10202049
Mufti,10197925
SOJANYA,10202297
Z-ZOOM,10203389
GAP,10205395
Jompers,10208617
CALFNERO,10197473
W,10207017
Van Heusen Woman,10206149
Global Desi,10193929
Bohemia Crystal,10189699
Parx,10202831
Forever New,10191467
Jompers,10208567
W,10206959
Cortina,10202479
Louis Philippe,10202063
Parx,10202927
EthnoVogue,10197633
Parx,10203093
U.S. Polo Assn.,10207501
Louis Philippe Sport,10205821
The House of Tara,1020661
Louis Philippe Sport,10205841
Global Desi,10193983
Louis Philippe,10202065
W,10206765
SOJANYA,10205535
Kids Ville,10196893
Bohemia Crystal,10189683
CALFNERO,10197465
C9 AIRWEAR,10193867
W,10207081
C9 AIRWEAR,10193869
W,10206873
AccessHer,10198195
Cortina,10203321
Jompers,10208551
Van Heusen Woman,10208761
W,10207627
Chumbak,10195949
U.S. Polo Assn. Denim Co.,10207589
W,10207009
W,10207399
W,10207035
LA LOFT,10197453
CLAY CRAFT,10196281
Franco Leone,10201261
AccessHer,10198135
GAP,10205365
Bamboo Tree Jewels,10206417
Van Heusen Woman,10208691
Oxolloxo,10205633
Oxolloxo,10205781
The Pink Moon,10197617
W,10207105
Naari,10188713
Cortina,10202399
CLAY CRAFT,10196273
Jompers,10208581
Cortina,10202405
W,10207285
NIZA,10198001
The Chennai Silks,10196325
W,10207023
Z-ZOOM,10203401
fungus,10196257
EthnoVogue,10197661
Kids Ville,10197225
AURELIA,10190887
Global Desi,10193903
Naari,10188845
Global Desi,10193993
Lady Stark,10206235
Van Heusen Woman,10208739
The Pink Moon,10197589
GAP,10205385
W,10207039
VASTRAMAY,10190809
U.S. Polo Assn.,10207505
W,10206727
Cortina,10203275
Van Heusen,10201787
GAP,10205425
SOJANYA,10202283
Kazo,10206445
AccessHer,10198073
SIMON CARTER LONDON,10207559
Marks & Spencer,10206385
Cortina,10202437
AccessHer,10198225
Lady Stark,10206245
W,10206905
Superdry,10191595
W,10206971
W,10207049
W,10207097
Mufti,10197927
V Dot,10205551
MISH,10199959
W,10207063
Franco Leone,10201189
LOCOMOTIVE,1020424
Cortina,10202431
Cortina,10202503
Van Heusen Woman,10208689
Cortina,10202515
HERE&NOW,10197079
Van Heusen Woman,10208737
Free Authority,10196921
Global Desi,10193977
U.S. Polo Assn. Denim Co.,10207499
Fox,1019677
HERE&NOW,10197105
C9 AIRWEAR,10189755
Parx,10202779
AccessHer,10198085
W,10206985
MISH,10199907
Cortina,10203305
C9 AIRWEAR,10193865
Van Heusen Woman,10208725
Louis Philippe,10202061
W,10206893
W,10207371
Van Heusen,10203611
Z-ZOOM,10203383
C9 AIRWEAR,10189759
Mufti,10201137
Van Heusen Woman,10206151
W,10207067
W,10207257
Global Desi,10193961
TREEMODA,10189681
W,10206995
Lady Stark,10196769
People,10202579
NIZA,10198007
Anouk,10191543
AccessHer,10198047
U.S. Polo Assn.,10207493
Cortina,10203323
W,10207043
OFF LIMITS,10193621
Mufti,10195981
Van Heusen Woman,10208663
HERE&NOW,10197067
Van Heusen Woman,10208769
AccessHer,10198207
W,10207007
MISH,10199825
W,10206963
Van Heusen Woman,10208751
Madame,10194117
AHIKA,10189567
Franco Leone,10201247
W,10207599
fungus,10196255
Van Heusen Woman,10208653
W,10207071
Frozen,10201927
W,10206853
C9 AIRWEAR,10193875
Franco Leone,10201293
Blacksmith,10194931
Oxolloxo,10205709
Oxolloxo,10205747
612 league,10197121
Miss Chase,10196237
W,10207263
U.S. Polo Assn.,10207583
People,10202571
Marks & Spencer,10206373
Roadster,10197725
Cortina,10202453
Louis Philippe Sport,10202235
W,10206955
AccessHer,10198061
Z-ZOOM,10203395
W,10207003
SG YUVRAJ,10205527
AccessHer,10198091
Lady Stark,10196753
AHIKA,10189559
Global Desi,10201945
Mufti,10197895
W,10207439
fungus,10196249
Cortina,10202523
DIXCY SCOTT,10189297
Jompers,10208561
Chumbak,10207243
Oxolloxo,10205797
AHIKA,10189455
W,10207167
GAP,10205453
W,10207441
W,10207335
Global Desi,10193967
W,10207141
MISH,10199995
Fastrack,10191059
W,10206869
GAP,10205457
Mufti,10196037
Cortina,10202401
NIZA,10198017
NIZA,10198009
W,10207271
Tossido,10202133
Blacksmith,10194891
WISSTLER,10197815
W,10207077
BEARDO,10203331
Mufti,10197865
Louis Philippe Sport,10205843
VASTRAMAY,10190807
Mufti,10197921
Global Desi,10193941
W,10206979
AccessHer,10198197
W,10206925
Jompers,10208615
W,10207163
Jompers,10208613
Tokyo Talkies,10189591
Mufti,10195979
Blacksmith,10194879
Miss Chase,10196239
KiddoPanti,10203221
Oxolloxo,10205701
Lady Stark,10206233
W,10207169
W,10207341
Lady Love,10193703
W,10206885
Cortina,10203285
W,10206839
W,10207011
AccessHer,10198117
AccessHer,10198199
Van Heusen Sport,10202635
W,10207131
Van Heusen Woman,10208669
W,10206749
Cortina,10203295
Van Heusen Woman,10202721
Cortina,10202415
W,10206769
Cortina,10202465
Oxolloxo,10205759
Oxolloxo,10205637
EthnoVogue,10197665
Global Desi,10193935
Sherlock,10193753
Kids Ville,10196897
Roadster,10203643
W,10207111
Kids Ville,10193689
W,10207391
W,10206973
Van Heusen Woman,10208655
Sera,10202033
Shoetopia,10189741
Free Authority,10202757
Oxolloxo,10205625
Jompers,10208633
People,10202565
Louis Philippe Sport,10205833
AHIKA,10189443
W,10207467
Mufti,10197857
The House of Tara,1020662
W,10206817
Parx,10202827
W,10206723
HERE&NOW,10203337
W,10206939
W,10207051
Van Heusen Woman,10208649
People,10206035
Van Heusen Woman,10208721
Cortina,10203281
Lady Stark,10206221
Bohemia Crystal,10189687
W,10206837
W,10206757
Oxolloxo,10205745
Allen Solly Woman,10206361
Mufti,10195999
HERE&NOW,10203341
Global Desi,10193969
Franco Leone,10201239
HERE&NOW,10203339
Madame,10194489
Franco Leone,10201281
Indo Era,10197159
GAP,10205441
Madame,10194435
Blue Saint,10190669
Madame,10194119
Global Desi,10193987
Cortina,10202419
Z-ZOOM,10203355
Louis Philippe Sport,10205835
Zink London,10196925
Louis Philippe Sport,10205829
W,10207379
Cortina,10202471
Marks & Spencer,10206393
AHIKA,10189523
The Pink Moon,10197593
W,10207099
Saint G,10203269
Lady Stark,10206229
Franco Leone,10201321
W,10206967
Be Indi,10193895
W,10207297
Van Heusen Woman,10208701
AURELIA,10190659
MISH,10199989
Lady Love,10193705
W,10206781
GAP,10205389
Van Heusen Woman,10208717
W,10206793
Parx,10203031
W,10206861
W,10207407
HERE&NOW,10202209
Blacksmith,10194927
W,10207283
W,10206947
SG YUVRAJ,10202279
CALFNERO,10197757
People,10206637
W,10207605
Monrow,10193797
GAP,10205449
W,10206951
W,10206981
Kazo,10206453
SOJANYA,10202291
Ahalyaa,10200191
Oxolloxo,10205641
W,10206841
fungus,10196245
Lady Love,10193709
EthnoVogue,10197637
CLAY CRAFT,10196271
Cortina,10203303
W,10207295
W,10206815
Mufti,10196027
W,10207419
Naari,10188813
SOJANYA,10202281
AHIKA,10189437
FS Mini Klub,1019181
Louis Philippe,10202055
CLAY CRAFT,10196275
W,10207021
W,10206941
Vozaf,10193891
Jompers,10208587
SOJANYA,10202293
HERE&NOW,10197039
W,10207015
W,10206999
EthnoVogue,10197641
Oxolloxo,10205733
Jompers,10208585
W,10206787
Ahalyaa,10200203
W,10207301
Oxolloxo,10205717
W,10207129
Jompers,10208549
GAP,10205439
W,10206975
Van Heusen Woman,10206105
W,10206957
Oxolloxo,10205757
W,10206977
Cortina,10202463
W,10206719
Parx,10203065
Parx,10202973
Free Authority,10193691
W,10206729
Oxolloxo,10202005
Louis Philippe Jeans,10202039
Z-ZOOM,10203349
People,10206005
U.S. Polo Assn.,10207593
W,10206809
Allen Solly,10201843
Blacksmith,10194905
HERE&NOW,10197145
Cortina,10202529
De Moza,1020347
Jompers,10208593
Jompers,10208583
Chumbak,10195965
Z-ZOOM,10203365
GAP,10205463
VarEesha,10207195
W,10206917
AHIKA,10189473
W,10207611
Taavi,10196745
FOSH,10190781
Mufti,10197901
Cortina,10202497
Louis Philippe Sport,10205825
Cortina,10202451
EthnoVogue,10197735
W,10207047
People,10205999
Oxolloxo,10205743
Z-ZOOM,10203373
beevee,10205917
GAP,10205461
Roadster,10197717
Indo Era,10197205
W,10207115
Allen Solly,10201913
Van Heusen Woman,10206177
Louis Philippe Sport,10205837
GAP,10205423
Madame,10194263
AHIKA,10189487
W,10206929
W,10206737
Zelocity,10197603
Van Heusen,10203589
Allen Solly Woman,10206351
W,10206911
CALFNERO,10197463
RANGMANCH BY PANTALOONS,1020500
W,10207433
Z-ZOOM,10203361
Van Heusen Woman,10206131
Oxolloxo,10205751
VarEesha,10207205
U.S. Polo Assn. Denim Co.,10207527
KiddoPanti,10203211
Louis Philippe,10202241
FOSH,10190787
NIZA,10197975
Cortina,10202487
EthnoVogue,10197629
Van Heusen Woman,10202731
Z-ZOOM,10203347
Oxolloxo,10205703
Mufti,10201099
GAP,10205401
Louis Philippe Sport,10205823
Cortina,10202493
Tossido,10202127
Parx,10202763
Z-ZOOM,10203377
Blacksmith,10194937
Jompers,10208595
Cortina,10203315
Cortina,10202507
Marks & Spencer,10206395
Madame,10194461
Fastrack,10191047
Naari,10188811
Peanuts,10193723
W,10207123
W,10207363
W,10207461
U.S. Polo Assn.,10207513
Madame,10194297
W,10207053
GAP,10205391
Z-ZOOM,10203367
U.S. Polo Assn.,10207571
Van Heusen Woman,10208753
Van Heusen Woman,10208729
Mufti,10196011
Rubans,10188947
fungus,10196263
Cortina,10202517
AHIKA,10189581
Marks & Spencer,10206375
W,10206797
Arrow,1019937
W,10206915
Louis Philippe Sport,10205839
Mufti,10196025
FabAlley,10207253
Denizen From Levis,10198331
Mufti,10197893
Cortina,10202403
Naari,10188823
W,10207055
Van Heusen Woman,10208693
NIZA,10198033
AHIKA,10189525
GAP,10205431
Zivame,10195753
W,10207119
MISH,10199967
Z-ZOOM,10203393
Mufti,10197933
W,10207637
W,10207147
Z-ZOOM,10203397
Naari,10188821
Bohemia Crystal,10189697
W,10206717
Cortina,10202421
W,10207465
Van Heusen Woman,10206161
W,10206989
GAP,10205475
W,10206763
W,10207157
VarEesha,10207207
Roadster,10197691
Van Heusen Woman,10208713
Van Heusen Woman,10206093
People,10206635
Z-ZOOM,10203369
Franco Leone,10202105
AccessHer,10198055
Van Heusen Woman,10208735
Marks & Spencer,10206389
W,10206811
Cortina,10202409
Van Heusen Woman,10206073
CLAY CRAFT,10196269
Oxolloxo,10205655
Lady Stark,10206225
People,10206639
Louis Philippe Sport,10205827
W,10206755
Lady Stark,10206203
Jompers,10208603
W,10206807
W,10206953
Cortina,10202447
W,10206835
Ferraiolo,10206625
AHIKA,10189577
U.S. Polo Assn. Denim Co.,10207587
W,10207171
Van Heusen Woman,10206159
Cortina,10203317
Louis Philippe,10202045
GAP,10205415
Van Heusen Woman,10208749
Ahalyaa,10200187
Miss Chase,10196233
MISH,10199865
CALFNERO,10197743
Fox,1019643
MISH,10199919
Cortina,10203289
HERE&NOW,10203333
Global Desi,10193979
Lady Stark,10206217
VASTRAMAY,10190805
W,10207061
Cortina,10202521
INVICTUS,10194979
Van Heusen Sport,10203537
W,10206831
Jompers,10208573
Fastrack,10191057
U.S. Polo Assn.,10207567
AHIKA,10189561
Cortina,10202511
Van Heusen Woman,10208777
W,10207397
Van Heusen Woman,10206143
Z-ZOOM,10203399
Madame,10194611
AccessHer,10198067
AHIKA,10189569
Louis Philippe Sport,10205831
W,10207475
Global Desi,10193951
Louis Philippe,10202069
Madame,10194007
Lady Love,10193715
Cortina,10203309
Van Heusen Woman,10208745
Fastrack,10191015
Van Heusen Woman,10208677
W,10206789
Franco Leone,10201243
AURELIA,10190657
Cortina,10202499
W,10206825
Oxolloxo,10205691
The Pink Moon,10197533
Jompers,10208547
Van Heusen Woman,10206083
Superdry,10191591
W,10206731
Miss Chase,10196235
W,10188711
Cortina,10202483
Jompers,10208559
Saint G,10203267
W,10207087
Oxolloxo,10205689
W,10207337
Parx,10202795
Mufti,10201151
Van Heusen Woman,10202723
W,10207135
AURELIA,10190889
W,10206843
Aujjessa,10190753
W,10206747
OFF LIMITS,10193611
Cortina,10203329
W,10206745
W,10207603
Monrow,10193739
Avira Home,10189673
Franco Leone,10201277
NIZA,10198011
Madame,10194669
Madame,10194221
W,10206743
Lady Stark,10206241
CALFNERO,10197457
Louis Philippe Sport,10196043
Bhama Couture,10190817
W,10207305
Cortina,10202457
W,10206783
W,10207615
Z-ZOOM,10203353
MISH,10199885
Lady Stark,10196749
Van Heusen Woman,10208667
W,10206899
Cortina,10202445
AccessHer,10198177
W,10206813
Franco Leone,10201205
W,10207133
Superdry,10191267
Cortina,10202417
Z-ZOOM,10203371
People,10202585
W,10207029
W,10206785
Mufti,10197943
W,10206943
Van Heusen,10201685
Z-ZOOM,10203357
W,10207309
GAP,10205399
Jompers,10208553
Cortina,10202495
W,10206919
Yaadleen,10189671
GAP,10205445
W,10206879
Cortina,10202469
Bohemia Crystal,10189691
W,10207101
GAP,10205451
Indo Era,10197173
C9 AIRWEAR,10189753
Naari,10188827
Homesake,10196835
Global Desi,10193921
Van Heusen Woman,10206171
Arrow Sport,1019940
People,10206021
Parx,10202953
W,10207031
W,10207431
Bohemia Crystal,10190667
Jompers,10208607
Franco Leone,10201319
Mufti,10197849
SOJANYA,10205533
Blacksmith,10194901
Oxolloxo,10205681
AHIKA,10189453
Cortina,10203277
Mufti,10196003
Cortina,10202531
Jompers,10208597
Lady Love,10193707
Ferraiolo,10189619
Cortina,10202473
SOLES,10194845
C9 AIRWEAR,10189749
W,10207281
OFF LIMITS,10193605
W,10207149
Saint G,10203265
EthnoVogue,10197671
Shoetopia,10203187
HERE&NOW,10202165
Franco Leone,10201213
W,10206735
Naari,10188725
W,10206805
Cortina,10202527
Louis Philippe,10202047
Van Heusen Woman,10208675
Cortina,10202481
Franco Leone,10201283
W,10207013
Franco Leone,10201227
CALFNERO,10197467
W,10207393
Franco Leone,10201235
W,10206887
W,10206961
Kids Ville,10197221
Louis Philippe Jeans,10202037
W,10207057
CLAY CRAFT,10196265
Oxolloxo,10205795
People,10206031
Oxolloxo,10205669
Global Desi,10193915
Peter England Elite,10202611
W,10206901
EthnoVogue,10197657
Miss Chase,10196225
Oxolloxo,10205715
The Pink Moon,10197519
Lady Stark,10206253
AURELIA,10190653
Allen Solly,10201823
The Pink Moon,10197547
Cortina,10202449
Cortina,10202519
Van Heusen,10203625
W,10207109
Madame,10194125
Naari,10188829
W,10206739
Franco Leone,10201207
Fastrack,10190999
Fastrack,10190997
W,10206859
SEIKO,10223363
U.S. Polo Assn. Kids,10213309
TALES & STORIES,10232305
Daily Life Forever52,10231061
The Vanca,1021240
Marks & Spencer,10232419
U.S. Polo Assn. Kids,10212877
U.S. Polo Assn. Kids,10213251
U.S. Polo Assn. Kids,10213191
Roadster,10220587
AND,10233293
U.S. Polo Assn. Kids,10212989
Roadster,10215717
U.S. Polo Assn. Kids,10213313
United Colors of Benetton,10213955
U.S. Polo Assn. Kids,10213169
Roadster,10217273
Raymond,10217119
The Indian Garage Co,10216009
Chhabra 555,10223005
Chhabra 555,10223001
U.S. Polo Assn. Kids,10213385
Voyage,10234737
Roadster,10220737
Allen Solly Woman,10216683
Cortina,10214863
Reebok,10231553
Vishudh,10222647
U.S. Polo Assn. Kids,10212911
SCOUP,10223983
GNIST,10234375
U.S. Polo Assn. Kids,10213219
Biba,10224993
Moda Rapido,10217031
TALES & STORIES,10232161
U.S. Polo Assn. Kids,10212977
Van Heusen,10234809
Cortina,10214879
U.S. Polo Assn. Kids,10213339
Wintage,10222931
Roadster,10220673
W,10234503
United Colors of Benetton,10214321
Ed Hardy,10222809
U.S. Polo Assn. Kids,10213083
Ed Hardy,10222801
U.S. Polo Assn. Kids,10213429
U.S. Polo Assn. Kids,10213407
RAISIN,10232993
U.S. Polo Assn. Kids,10213061
GNIST,10234285
U.S. Polo Assn. Kids,10213237
AASK,10223885
GNIST,10234443
United Colors of Benetton,10213887
U.S. Polo Assn. Kids,10213223
U.S. Polo Assn. Kids,10212967
U.S. Polo Assn. Kids,10212941
U.S. Polo Assn. Kids,10213235
Biba,10224937
FABNEST,10234577
U.S. Polo Assn. Kids,10213315
Signature Sole,10226553
Chhabra 555,10223009
United Colors of Benetton,10219761
U.S. Polo Assn. Kids,10213195
Cortina,10214777
Batman,10231919
U.S. Polo Assn. Kids,10212917
STAR WARS,10231969
U.S. Polo Assn. Kids,10213455
U.S. Polo Assn. Kids,10212885
SWAROVSKI,10225759
U.S. Polo Assn. Kids,10213023
U.S. Polo Assn. Kids,10212893
Signature Sole,10226589
Moda Rapido,10216915
SEIKO,10223353
U.S. Polo Assn. Kids,10213371
U.S. Polo Assn. Kids,10213271
INCOLOR,10213527
Signature Sole,10226687
Cortina,10214809
U.S. Polo Assn. Kids,10212897
Ed Hardy,10222823
Parx,10217131
Reebok,10231589
Van Heusen Woman,10208819
FUGAZEE,10214163
U.S. Polo Assn. Kids,10213307
SHOWOFF,10212039
GNIST,10234331
Voyage,10234757
MIMOSA,10231179
Louis Philippe,10218841
Roadster,10224525
U.S. Polo Assn. Kids,10213389
GNIST,10234425
U.S. Polo Assn. Kids,10213147
Free Authority,10231947
U.S. Polo Assn. Kids,10213377
Reebok Classic,10231557
GNIST,10234481
W,10234523
Voyage,10234753
Van Heusen Woman,10208825
United Colors of Benetton,10213691
Ed Hardy,10222787
Daily Life Forever52,10231051
Moda Rapido,10216941
Cation,10217483
AND,10233285
MIMOSA,10231149
SEIKO,10223361
MSC,10217577
GUESS,10232983
Marks & Spencer,10231445
The Indian Garage Co,10216021
GNIST,10234427
Van Heusen,10234813
Lady Stark,10217589
Roadster,10215849
U.S. Polo Assn. Kids,10212927
RAISIN,10232991
U.S. Polo Assn. Kids,10213231
GUESS,10233401
United Colors of Benetton,10219569
Force NXT,10220751
KAMA AYURVEDA,10231651
Van Heusen Woman,10208789
Daily Life Forever52,10231033
AND,10233297
U.S. Polo Assn. Kids,10213047
United Colors of Benetton,10213825
U.S. Polo Assn. Kids,10213241
Van Heusen Woman,10208781
U.S. Polo Assn. Kids,10213029
Roadster,10220667
SCOUP,10223991
GNIST,10234293
Roadster,10220655
Reebok Classic,10231569
United Colors of Benetton,10219615
Marks & Spencer,10231447
U.S. Polo Assn. Kids,10213227
U.S. Polo Assn. Kids,10212945
U.S. Polo Assn. Kids,10213299
Reebok,10231599
Yaadleen,10213481
ADIDAS Originals,10234017
Metro,10233193
Hancock,10217005
United Colors of Benetton,10213705
BuckleUp,10216693
Ed Hardy,10222793
The Indian Garage Co,10216031
FUGAZEE,10214169
U.S. Polo Assn. Kids,10213401
Daily Life Forever52,10231067
Free Authority,10231949
U.S. Polo Assn. Kids,10213101
Cortina,10214787
U.S. Polo Assn. Kids,10213071
Taavi,10214963
Cortina,10214877
Cortina,10214843
Fusion Beats,10234849
United Colors of Benetton,10213855
Lady Stark,10221405
SEIKO,10223333
Cortina,10214861
Batman,10231913
Denizen From Levis,10212361
GNIST,10234407
GNIST,10234295
U.S. Polo Assn. Kids,10213087
Roadster,10217185
U.S. Polo Assn. Kids,10213115
U.S. Polo Assn. Kids,10213263
Biba,10224967
U.S. Polo Assn. Kids,10213179
Cortina,10214775
U.S. Polo Assn. Kids,10213413
Van Heusen,10234811
United Colors of Benetton,10219791
Van Heusen Woman,10208779
U.S. Polo Assn. Kids,10213229
SWAROVSKI,10225775
W,10234537
bodha,10233189
VASTRAMAY,10214019
fancy mart,10223117
U.S. Polo Assn. Kids,10213333
Free Authority,10231923
bodha,10233161
U.S. Polo Assn. Kids,10212995
U.S. Polo Assn. Kids,10213325
Roadster,10223307
Marks & Spencer,10216767
Daily Life Forever52,10231043
Peora,10224651
GNIST,10234321
U.S. Polo Assn. Kids,10213125
Roadster,10215743
Moda Rapido,10217801
Zink London,10218069
Reebok Classic,10231597
Amante,10216745
United Colors of Benetton,10213857
U.S. Polo Assn. Kids,10213443
HERE&NOW,10224375
Chumbak,10217009
U.S. Polo Assn. Kids,10213093
U.S. Polo Assn. Kids,10212973
W,10234541
Biba,10225009
Park Avenue,10217081
naughty ninos,10231987
SWAROVSKI,10225909
Force NXT,10220765
Daily Life Forever52,10231035
Biba,10225001
AND,10233269
U.S. Polo Assn. Kids,10213095
Ed Hardy,10222805
U.S. Polo Assn. Kids,10213051
U.S. Polo Assn. Kids,10213273
fancy mart,10223095
VASTRAMAY,10214049
Rajesh Silk Mills,10224745
United Colors of Benetton,10213739
Sergio Tacchini,10232533
GNIST,10234417
U.S. Polo Assn. Kids,10213037
United Colors of Benetton,10213837
ADIDAS,10234239
Cortina,10214871
U.S. Polo Assn. Kids,10213337
United Colors of Benetton,10213901
Signature Sole,10226697
Sergio Tacchini,10232527
Campus Sutra,1022304
U.S. Polo Assn. Kids,10212971
Batman,10231905
TALES & STORIES,10232239
GNIST,10234257
U.S. Polo Assn. Kids,10213049
U.S. Polo Assn. Kids,10213205
U.S. Polo Assn. Kids,10213361
Ed Hardy,10222837
Roadster,10220723
Biba,10224935
U.S. Polo Assn. Kids,10213213
Allen Solly Sport,10233021
Krafted with Happiness,10233129
Daily Life Forever52,10231059
Moda Rapido,10216723
U.S. Polo Assn. Kids,10213319
U.S. Polo Assn. Kids,10213403
The Indian Garage Co,10216057
Moda Rapido,10224545
Signature Sole,10226675
ADIDAS Originals,10234247
Ishin,10223417
AND,10233311
Ahalyaa,10222901
Van Heusen Woman,10208821
SEIKO,10223327
Golden Girl,10217961
Cortina,10214885
Batman,10231901
Cortina,10214859
AND,10233307
U.S. Polo Assn. Kids,10213351
RUGSMITH,10232555
U.S. Polo Assn. Kids,10213423
Reebok,10233921
Cortina,10214857
Roadster,10215609
GNIST,10234345
Chumbak,10217013
United Colors of Benetton,10219621
Marks & Spencer,10231439
Marks & Spencer,10231743
Free Authority,10232009
GNIST,10234313
U.S. Polo Assn. Kids,10212879
TALES & STORIES,10232343
United Colors of Benetton,10214005
Krafted with Happiness,10233145
Chhabra 555,10222997
GNIST,10234393
Cortina,10214875
Cation,10223051
Biba,10224973
Shoetopia,10219523
U.S. Polo Assn. Kids,10213297
Free Authority,10231999
U.S. Polo Assn. Kids,10212843
GNIST,10234269
United Colors of Benetton,10214335
United Colors of Benetton,10219643
Miss Chase,10220339
SKAGEN,1022179
W,10234489
U.S. Polo Assn. Kids,10213269
Chhabra 555,10223013
Marks & Spencer,10231419
fungus,10211983
Biba,10224931
United Colors of Benetton,10213867
GNIST,10234465
Cortina,10214785
Cation,10231973
RUGSMITH,10232597
Roadster,10215761
U.S. Polo Assn. Kids,10213143
Van Heusen,10234797
Masculino Latino,10223997
Park Avenue,10217077
SWAROVSKI,10225943
Signature Sole,10226565
Lychee bags,10232399
U.S. Polo Assn. Kids,10213239
U.S. Polo Assn. Kids,10213387
Cortina,10214769
United Colors of Benetton,10213871
Biba,10224989
U.S. Polo Assn. Kids,10213001
The Indian Garage Co,10216049
Roadster,10215615
U.S. Polo Assn. Kids,10212925
RUGSMITH,10232571
Marks & Spencer,10216763
Golden Girl,10217993
U.S. Polo Assn. Kids,10213013
Voyage,10234709
Cortina,10214839
U.S. Polo Assn. Kids,10213335
Biba,10224991
U.S. Polo Assn. Kids,10213245
Van Heusen,10234805
HERE&NOW,10218293
Moda Rapido,10217035
Cortina,10214869
GNIST,10234361
W,10234493
W,10234545
Cortina,10214833
U.S. Polo Assn. Kids,10213267
Roadster,10215783
Reebok,10231567
Ira Soleil,10222637
Parx,10217055
U.S. Polo Assn. Kids,10213329
Van Heusen Woman,10208785
Peora,10224675
W,10234517
U.S. Polo Assn. Kids,10212887
CORSICA,10223285
W,10234535
U.S. Polo Assn. Kids,10213445
Biba,10224933
FABNEST,10234563
U.S. Polo Assn. Kids,10213211
U.S. Polo Assn. Kids,10213431
Vishudh,10222653
Amante,10216749
Wintage,10222929
Wintage,10222921
GNIST,10234473
Roadster,10223315
U.S. Polo Assn. Kids,10213459
Respiro,10216547
U.S. Polo Assn. Kids,10212981
GNIST,10234455
Alvaro Castagnino,10217643
U.S. Polo Assn. Kids,10213045
Peora,10224689
Vishudh,10222651
U.S. Polo Assn. Kids,10213103
U.S. Polo Assn. Kids,10212997
GNIST,10234369
fancy mart,10223101
Ed Hardy,10222811
Voyage,10234761
AND,10233259
MIMOSA,10231171
United Colors of Benetton,10219649
AND,10233359
Lady Stark,10217605
Daily Life Forever52,10231057
Cation,10212829
U.S. Polo Assn. Kids,10212867
HERE&NOW,10224555
Ed Hardy,10222863
U.S. Polo Assn. Kids,10213159
U.S. Polo Assn. Kids,10213109
SEIKO,10223367
Marks & Spencer,10211977
bodha,10233167
U.S. Polo Assn. Kids,10213039
Free Authority,10232011
BuckleUp,10221201
Roadster,10215665
Campus Sutra,1022300
Free Authority,10231925
Free Authority,10232005
U.S. Polo Assn. Kids,10213177
W,10234551
GNIST,10234555
The Indian Garage Co,10216051
GNIST,10234453
GNIST,10234457
U.S. Polo Assn. Kids,10213041
United Colors of Benetton,10219665
MIMOSA,10231163
SEIKO,10223337
GNIST,10234325
U.S. Polo Assn. Kids,10212949
U.S. Polo Assn. Kids,10213183
U.S. Polo Assn. Kids,10213033
U.S. Polo Assn. Kids,10213203
United Colors of Benetton,10213761
U.S. Polo Assn. Kids,10213067
U.S. Polo Assn. Kids,10213119
Peora,10224657
U.S. Polo Assn. Kids,10213021
Disney by Wear Your Mind,10216641
United Colors of Benetton,10213959
Tokyo Talkies,1020984
U.S. Polo Assn. Kids,10213059
U.S. Polo Assn. Kids,10212909
Instacrush,10211853
United Colors of Benetton,10213897
Moda Rapido,10216855
Peora,10224723
SCUDERIA FERRARI,10215877
Ed Hardy,10222855
U.S. Polo Assn. Kids,10213107
Van Heusen Woman,10208891
U.S. Polo Assn. Kids,10213411
Masculino Latino,10224305
Campus Sutra,1022303
U.S. Polo Assn. Kids,10213031
U.S. Polo Assn. Kids,10212901
Anouk,10220371
SKAGEN,1022184
MIMOSA,10231185
INCOLOR,10213551
Daily Life Forever52,10231041
Moda Rapido,10224585
U.S. Polo Assn. Kids,10212963
Cortina,10214771
Marks & Spencer,10231241
Miss Chase,10220349
GNIST,10234327
U.S. Polo Assn. Kids,10213281
Cortina,10214823
Ed Hardy,10222789
W,10234487
Peora,10224643
Jompers,10231811
United Colors of Benetton,10219759
U.S. Polo Assn. Kids,10212935
bodha,10233187
U.S. Polo Assn. Kids,10213217
U.S. Polo Assn. Kids,10213247
United Colors of Benetton,10219749
United Colors of Benetton,10213931
Cortina,10214795
W,10234527
U.S. Polo Assn. Kids,10213277
INCOLOR,10213549
Biba,10224943
MIMOSA,10231153
Cation,10217491
Disney by Wear Your Mind,10216611
AND,10233281
SHOWOFF,10214943
Amante,10216735
Krafted with Happiness,10233157
fancy mart,10223107
U.S. Polo Assn. Kids,10212979
Van Heusen,10234793
U.S. Polo Assn. Kids,10213221
Marks & Spencer,10231721
U.S. Polo Assn. Kids,10213427
FABNEST,10234581
United Colors of Benetton,10214013
U.S. Polo Assn. Kids,10213257
Biba,10224969
Cation,10220891
U.S. Polo Assn. Kids,10213327
U.S. Polo Assn. Kids,10212845
Rajesh Silk Mills,10224741
GNIST,10234329
United Colors of Benetton,10213767
U.S. Polo Assn. Kids,10213063
Cortina,10214883
U.S. Polo Assn. Kids,10213291
Instacrush,10211851
Wintage,10222923
Raymond,10217097
Cation,10231977
AND,10233283
RAISIN,10232995
Krafted with Happiness,10233131
United Colors of Benetton,10214283
Ahalyaa,10222903
Ira Soleil,10222641
GNIST,10234267
Signature Sole,10226629
fancy mart,10223105
Daily Life Forever52,10231045
Respiro,10216523
MIMOSA,10231147
United Colors of Benetton,10213693
Chumbak,10217011
United Colors of Benetton,10219729
Story@home,10216841
Roadster,10215757
W,10234485
Saint G,10211803
SEIKO,10223339
GNIST,10234401
Mast & Harbour,10234843
GIORDANO,10231031
U.S. Polo Assn. Kids,10213035
Besiva,1022503
Ira Soleil,10222619
AND,10233391
Tokyo Talkies,1020977
Rajesh Silk Mills,10224829
U.S. Polo Assn. Kids,10213207
U.S. Polo Assn. Kids,10213019
Biba,10225013
GNIST,10234403
U.S. Polo Assn. Kids,10213365
GNIST,10234305
United Colors of Benetton,10214003
Park Avenue,10217111
SWAROVSKI,10225753
Vishudh,10222655
Wintage,10223319
United Colors of Benetton,10213783
Superman,10232001
Biba,10224949
U.S. Polo Assn. Kids,10213323
U.S. Polo Assn. Kids,10213381
U.S. Polo Assn. Kids,10213353
HERE&NOW,10229193
Reebok,10233999
U.S. Polo Assn. Kids,10213069
Signature Sole,10226457
U.S. Polo Assn. Kids,10213437
Fos Lighting,10211863
Golden Girl,10217969
Biba,10224985
SWAROVSKI,10225783
Voyage,10234725
Cortina,10214773
Roadster,10220617
Biba,10224981
U.S. Polo Assn. Kids,10212855
AND,10233349
U.S. Polo Assn. Kids,10212953
U.S. Polo Assn. Kids,10213225
Cation,10231981
Lady Stark,10217591
GNIST,10234419
United Colors of Benetton,10213939
United Colors of Benetton,10214365
Ahalyaa,10222897
Signature Sole,10226425
Rajesh Silk Mills,10224743
Reebok,10234075
The Indian Garage Co,10216005
U.S. Polo Assn. Kids,10212985
Golden Girl,10217997
Biba,10225011
Signature Sole,10226395
U.S. Polo Assn. Kids,10212933
Force NXT,10220791
Krafted with Happiness,10233139
Besiva,10233459
W,10234491
Van Heusen Woman,10208799
W,10234511
Moda Rapido,10217045
Daily Life Forever52,10231047
FABNEST,10234565
Van Heusen Woman,10208787
U.S. Polo Assn. Kids,10212907
SEIKO,10223359
U.S. Polo Assn. Kids,10212883
U.S. Polo Assn. Kids,10213163
Cortina,10214789
U.S. Polo Assn. Kids,10213419
U.S. Polo Assn. Kids,10213359
U.S. Polo Assn. Kids,10213197
Lady Stark,10221407
Signature Sole,10226437
ADIDAS Originals,10233869
Ed Hardy,10222783
GNIST,10234349
Ed Hardy,10222819
U.S. Polo Assn. Kids,10213233
U.S. Polo Assn. Kids,10213017
SKAGEN,1022192
U.S. Polo Assn. Kids,10212903
RUGSMITH,10232575
U.S. Polo Assn. Kids,10213145
bodha,10233173
GIORDANO,10231009
Respiro,10216459
Roadster,10215661
Vishudh,10222645
INCOLOR,10213525
DailyObjects,10211023
Cation,10212837
U.S. Polo Assn. Kids,10213243
U.S. Polo Assn. Kids,10213027
U.S. Polo Assn. Kids,10213091
FUGAZEE,10214157
Park Avenue,10217089
Roadster,10217181
Roadster,10215727
U.S. Polo Assn. Kids,10213447
Cortina,10214853
Stylee LIFESTYLE,10217567
Krafted with Happiness,10233133
Roadster,10223311
GNIST,10234377
W,10234505
U.S. Polo Assn. Kids,10213151
RUGSMITH,10232591
U.S. Polo Assn. Kids,10213393
GNIST,10234299
GNIST,10234301
Kraft Cellar,10213497
The Indian Garage Co,10216023
Amante,10216741
Ahalyaa,10222893
Marks & Spencer,10224923
INCOLOR,10213529
Force NXT,10220787
U.S. Polo Assn. Kids,10213367
Reebok,10231665
U.S. Polo Assn. Kids,10213439
Peora,10224707
VASTRAMAY,10214041
RUGSMITH,10232625
Superman,10232003
Ed Hardy,10222803
MIMOSA,10231151
W,10234553
Peora,10224671
U.S. Polo Assn. Kids,10212987
Daily Life Forever52,10231053
Rajesh Silk Mills,10224877
U.S. Polo Assn. Kids,10213189
ADIDAS,10232793
U.S. Polo Assn. Kids,10213369
bodha,10233169
Cortina,10214847
Cortina,10214791
United Colors of Benetton,10213913
fancy mart,10223099
Park Avenue,10217063
Biba,10224959
United Colors of Benetton,10219637
Cortina,10214867
W,10234521
Van Heusen Woman,10208783
U.S. Polo Assn. Kids,10212847
Signature Sole,10226609
Allen Solly Woman,10216685
Cortina,10214855
Van Heusen Woman,10208801
Krafted with Happiness,10233155
GNIST,10234409
U.S. Polo Assn. Kids,10213409
U.S. Polo Assn. Kids,10213121
Roadster,10217313
United Colors of Benetton,10219717
U.S. Polo Assn. Kids,10213057
U.S. Polo Assn. Kids,10213137
Cortina,10214815
U.S. Polo Assn. Kids,10213157
U.S. Polo Assn. Kids,10213287
U.S. Polo Assn. Kids,10213099
U.S. Polo Assn. Kids,10213005
Yaadleen,10213475
Cortina,10214813
United Colors of Benetton,10213895
U.S. Polo Assn. Kids,10212913
U.S. Polo Assn. Kids,10212865
Amante,10216747
Cortina,10214797
GNIST,10234447
Ed Hardy,10222859
TALES & STORIES,10232063
GNIST,10234433
GNIST,10234365
AND,10233361
Cortina,10214837
U.S. Polo Assn. Kids,10213077
U.S. Polo Assn. Kids,10213261
Cation,10217495
U.S. Polo Assn. Kids,10213085
TALES & STORIES,10232061
TALES & STORIES,10232253
Parx,10217061
Ed Hardy,10222875
Van Heusen,10234803
The Dry State,10232397
Moda Rapido,10216721
U.S. Polo Assn. Kids,10212929
U.S. Polo Assn. Kids,10213441
Biba,10225003
The Vanca,1021229
U.S. Polo Assn. Kids,10213153
U.S. Polo Assn. Kids,10213011
GNIST,10234437
Ahalyaa,10222917
GNIST,10234259
Cortina,10214805
Van Heusen Woman,10208823
Daily Life Forever52,10231049
Moda Rapido,10216897
The Indian Garage Co,10216055
United Colors of Benetton,10219573
Rajesh Silk Mills,10224827
Force NXT,10220785
Ed Hardy,10222871
Cortina,10214807
Reebok,10232643
Force NXT,10220795
The Indian Garage Co,10216019
fancy mart,10223111
Roadster,10223303
Krafted with Happiness,10233149
Peora,10224709
Signature Sole,10226503
U.S. Polo Assn. Kids,10213321
Signature Sole,10226627
GNIST,10234297
Biba,10224941
AND,10233317
Roadster,10215763
U.S. Polo Assn. Kids,10213379
Chhabra 555,10223021
KAMA AYURVEDA,10231649
Biba,10224995
Peora,10224661
Roadster,10220659
plusS,10231427
Roadster,10215805
GNIST,10234385
U.S. Polo Assn. Kids,10213295
INCOLOR,10213517
U.S. Polo Assn. Kids,10212863
GNIST,10234413
Lady Stark,10217603
The Indian Garage Co,10216039
GNIST,10234387
U.S. Polo Assn. Kids,10213009
Signature Sole,10226495
Roadster,10215645
SEIKO,10223321
U.S. Polo Assn. Kids,10213155
Ed Hardy,10222799
United Colors of Benetton,10214369
U.S. Polo Assn. Kids,10213215
Cortina,10214801
Marks & Spencer,10231729
GNIST,10234441
Shoetopia,10219527
U.S. Polo Assn. Kids,10212857
The Indian Garage Co,10216017
U.S. Polo Assn. Kids,10212861
Reebok,10233861
U.S. Polo Assn. Kids,10213187
GNIST,10234277
U.S. Polo Assn. Kids,10213451
Moda Rapido,10216861
Marks & Spencer,10231817
U.S. Polo Assn. Kids,10213255
U.S. Polo Assn. Kids,10213343
U.S. Polo Assn. Kids,10213293
Sergio Tacchini,10232523
U.S. Polo Assn. Kids,10213383
Roadster,10223309
Peora,10224645
U.S. Polo Assn. Kids,10213421
Ira Soleil,10222623
Ed Hardy,10222883
Raymond,10217093
Roadster,10215759
U.S. Polo Assn. Kids,10213135
AND,10233287
KAMA AYURVEDA,10231653
U.S. Polo Assn. Kids,10213075
Sergio Tacchini,10232539
GNIST,10234383
Peora,10224911
U.S. Polo Assn. Kids,10213311
Clovia,10226147
Van Heusen Sport,10234773
Raymond,10217145
Daily Life Forever52,10231063
Roadster,10220711
Marks & Spencer,10222913
INCOLOR,10213539
Roadster,10215677
U.S. Polo Assn. Kids,10213425
Roadster,10215739
Yaadleen,10213479
Biba,10225005
Disney by Wear Your Mind,10216645
fancy mart,10223121
Cortina,10214831
GNIST,10234273
Biba,10224971
W,10234533
U.S. Polo Assn. Kids,10213415
W,10234515
Signature Sole,10226409
Cortina,10214881
MSC,10217583
Cortina,10214835
Sparx,10216711
W,10234531
SHOWOFF,10230959
INCOLOR,10213519
GNIST,10234351
KARATCART,10214973
U.S. Polo Assn. Kids,10213199
U.S. Polo Assn. Kids,10213345
U.S. Polo Assn. Kids,10212955
boAt,10217835
Ed Hardy,10222869
Krafted with Happiness,10233127
United Colors of Benetton,10214275
VASTRAMAY,10214027
Raymond,10217109
Wintage,10222933
GNIST,10234371
U.S. Polo Assn. Kids,10213079
United Colors of Benetton,10213749
U.S. Polo Assn. Kids,10213185
Roadster,10224509
SCOUP,10223975
U.S. Polo Assn. Kids,10213301
Signature Sole,10226583
Raymond,10217103
Force NXT,10220797
MIMOSA,10231159
Golden Girl,10217967
U.S. Polo Assn. Kids,10212969
Van Heusen,10234801
Ed Hardy,10222821
INCOLOR,10213553
Van Heusen Woman,10234787
The Indian Garage Co,10216025
SHOWOFF,10218063
Golden Girl,10217963
U.S. Polo Assn. Kids,10213395
Ed Hardy,10222797
Moda Rapido,10216863
United Colors of Benetton,10213751
Reebok,10231515
SWAROVSKI,10225727
Ira Soleil,10222635
Golden Girl,10217987
Roadster,10215659
Cortina,10214845
Amante,10216733
Krafted with Happiness,10233137
W,10234549
Wintage,10222927
Krafted with Happiness,10233141
U.S. Polo Assn. Kids,10213003
V Dot,10234771
Wintage,10222919
BuckleUp,10216695
U.S. Polo Assn. Kids,10213303
Cortina,10214873
bodha,10233163
Krafted with Happiness,10233151
United Colors of Benetton,10213677
U.S. Polo Assn. Kids,10213181
Van Heusen Woman,10208809
Cortina,10214803
Amante,10216743
GNIST,10234289
Ed Hardy,10222791
U.S. Polo Assn. Kids,10212957
Peora,10224699
U.S. Polo Assn. Kids,10213265
Reebok Classic,10231603
United Colors of Benetton,10213933
Cortina,10214829
Roadster,10220677
U.S. Polo Assn. Kids,10212919
plusS,10231431
United Colors of Benetton,10213937
Signature Sole,10226467
United Colors of Benetton,10213975
The Indian Garage Co,10216041
RUGSMITH,10232561
Marks & Spencer,10231693
GNIST,10234475
U.S. Polo Assn. Kids,10212943
Respiro,10216525
Moda Rapido,10216989
Makeup Revolution London,10232357
SWAROVSKI,10225789
GIORDANO,10231001
RAISIN,10232997
United Colors of Benetton,10219675
Makeup Revolution London,10232355
Roadster,10223295
ADIDAS,10232649
Ira Soleil,10222621
Force NXT,10220773
Orange and Orchid,10224593
CAPTAIN AMERICA,10231941
U.S. Polo Assn. Kids,10213193
bodha,10233179
United Colors of Benetton,10213845
United Colors of Benetton,10213903
Biba,10224963
RUGSMITH,10232563
United Colors of Benetton,10214307
U.S. Polo Assn. Kids,10213317
Free Authority,10231903
GNIST,10234367
Roadster,10215649
RUGSMITH,10232599
SEIKO,10223347
W,10234495
Biba,10224947
Marks & Spencer,10231789
United Colors of Benetton,10213957
fancy mart,10223103
HERE&NOW,10212051
United Colors of Benetton,10213745
Sergio Tacchini,10232517
ADIDAS,10233965
Chumbak,10217007
SKAGEN,1022177
U.S. Polo Assn. Kids,10212951
Teakwood Leathers,10211875
U.S. Polo Assn. Kids,10212991
GNIST,10234459
Reebok Classic,10232819
Cation,10217479
Ed Hardy,10222829
Cation,10220885
U.S. Polo Assn. Kids,10212923
Cortina,10214779
United Colors of Benetton,10219763
Marks & Spencer,10217147
Daily Life Forever52,10231037
Golden Girl,10217977
U.S. Polo Assn. Kids,10213399
Metro,10233437
U.S. Polo Assn. Kids,10213025
U.S. Polo Assn. Kids,10213253
Rajesh Silk Mills,10224747
HERE&NOW,10224579
Kraft Cellar,10213489
U.S. Polo Assn. Kids,10213373
U.S. Polo Assn. Kids,10213289
INCOLOR,10213531
Ed Hardy,10222831
The Indian Garage Co,10216003
Park Avenue,10217079
KARATCART,10214987
U.S. Polo Assn. Kids,10212937
GNIST,10234397
TALES & STORIES,10232069
U.S. Polo Assn. Kids,10213259
Daily Life Forever52,10231055
United Colors of Benetton,10219663
Cortina,10214827
Biba,10224957
Batman,10231917
fancy mart,10223113
RUGSMITH,10232553
W,10234525
Ponds,10235947
Canary London,10221375
Z-ZOOM,10239485
U.S. Polo Assn. Kids,10212899
GAP,10244311
Ahalyaa,10236149
GAP,10244549
Inc 5,10245891
EK DO DHAI,10247881
Newport,10235383
Palm Tree,10239207
Natilene,10237957
Inc 5,10245919
Inc 5,10245991
OBOW,10236945
Park Avenue,10237213
Gini and Jony,10239079
Basics,10245301
Basics,10245243
ESBEDA,10239559
Inc 5,10246133
HERE&NOW,10245635
TAG EYE,10236611
Aj DEZInES,10239603
GAP,10243545
Proline Active,10237451
Basics,10244953
Flying Machine,10247193
Tommy Hilfiger,10242281
Palm Tree,10239295
Tommy Hilfiger,10242451
GAP,10235405
Inc 5,10246229
Anouk,10239333
FableStreet,10242721
Inc 5,10246065
Flying Machine,10247123
Tommy Hilfiger,10242471
Basics,10245421
FableStreet,10242675
GAP,10244277
Flying Machine,10247287
amraoo,10235645
Van Heusen,10235241
Basics,10245075
Besiva,10237779
Inc 5,10246215
Flying Machine,10247237
Basics,10245393
mf,10236797
Natilene,10238541
U.S. Polo Assn.,10247993
Newport,10235895
GAP,10243523
EK DO DHAI,10247877
Sergio Tacchini,10244177
Varkala Silk Sarees,10238463
Louis Philippe,10241785
Campus,10243989
LilPicks,10236739
Gini and Jony,10239241
Raymond,10237325
Respiro,10241341
Natilene,10237921
Flying Machine,10247189
Flying Machine,10247277
Flying Machine,10247367
Lacoste,10240261
amraoo,10236543
Style Quotient,10237903
Geroo Jaipur,10238709
Maniac,10236761
Palm Tree,10238917
plusS,10238631
Basics,10245037
Basics,10245407
Gini and Jony,10238983
Flying Machine,10247113
Ahalyaa,10236155
Newport,10235899
Flying Machine,10247257
Inc 5,10246037
AURELIA,10239465
GAP,10244327
Flying Machine,10247195
Park Avenue,10237249
ESBEDA,10239557
Soie,10235305
FableStreet,10242647
GAP,10236489
GAP,10244671
Just Wow,10246545
Purple Feather,10236241
Masculino Latino,10245689
FableStreet,10242639
Lacoste,10240213
Basics,10245355
Louis Philippe,10236107
FURO by Red Chief,10243943
Flying Machine,10247115
Campus,10242943
Flying Machine,10247157
GAP,10244513
Flying Machine,10247201
Marks & Spencer,10239781
WESTCLO,10238395
Free Authority,10239607
Louis Philippe Sport,10239525
Campus,10243967
Inc 5,10246003
Flying Machine,10247221
Titan,10246437
Flying Machine,10247233
plusS,10235181
amraoo,10236539
Park Avenue,10237203
HERE&NOW,10237881
People,10239387
amraoo,10235659
FOREVER 21,10242193
COVER STORY,10245441
Titan,10246439
GAP,10244313
Barbie by Many Frocks &,10247443
Marks & Spencer,10241901
V Dot,10238557
GAP,10243483
Park Avenue,10237209
Inc 5,10245971
Varkala Silk Sarees,10238471
Basics,10245045
GAP,10236507
GAP,10244583
Moda Rapido,10245647
Flying Machine,10247311
Basics,10242849
Flying Machine,10247375
Basics,10242855
Marks & Spencer,10239821
Basics,10242847
Khushal K,10247843
Ecko Unltd,10245845
Louis Philippe Sport,10241791
Ahalyaa,10236165
FableStreet,10242617
Varkala Silk Sarees,10238469
Maniac,10236759
Lacoste,10240201
Tommy Hilfiger,10242279
Tommy Hilfiger,10242355
Sergio Tacchini,10244193
Flying Machine,10247337
Inc 5,10245941
Park Avenue,10237283
Rangoli Jaipur,10240057
GAP,10243443
Inc 5,10246011
Basics,10245263
Gini and Jony,10238755
Louis Philippe Sport,10239527
Flying Machine,10247211
Basics,10245069
Gini and Jony,10238977
GAP,10244569
Louis Philippe Sport,10241795
AURELIA,10239461
Inc 5,10245907
FabAlley,10246579
amraoo,10236549
plusS,10238617
Newport,10241845
Palm Tree,10239259
Basics,10245103
Flying Machine,10247357
Inc 5,10245933
Basics,10245191
EK DO DHAI,10247963
Flying Machine,10247365
Flying Machine,10247359
Raymond,10237167
GAP,10244459
Basics,10242853
Respiro,10241355
Park Avenue,10237233
GAP,10244577
FableStreet,10242631
Basics,10244993
Inc 5,10246023
mf,10236803
Newport,10235363
plusS,10238655
Flying Machine,10247299
Rangoli Jaipur,10240153
Flying Machine,10247379
AURELIA,10239445
Flying Machine,10247209
Flying Machine,10247223
Natilene,10237915
I AM FOR YOU,10237377
Sergio Tacchini,10244185
Inc 5,10245977
Marks & Spencer,10241661
GAP,10243467
GAP,10243537
Gini and Jony,10238809
Inc 5,10245985
Flying Machine,10247131
Flying Machine,10247199
Soie,10235325
Campus,10242895
HERE&NOW,10243917
GAP,10243521
HERE&NOW,10245657
Flying Machine,10247325
Global Desi,10246965
Basics,10242859
Oxolloxo,10236233
FableStreet,10242691
Soulflower,10246821
Marks & Spencer,10241877
Marks & Spencer,10242061
Flying Machine,10247203
Global Desi,10247035
EK DO DHAI,10247883
Sergio Tacchini,10244181
Basics,10242833
Van Heusen,10235261
Park Avenue,10237311
AURELIA,10239425
amraoo,10236547
plusS,10238627
Basics,10244935
OFF LIMITS,10244149
Flying Machine,10247273
Basics,10242869
Inc 5,10245959
Flying Machine,10247147
GAP,10244425
AURELIA,10239443
Park Avenue,10237305
Soie,10235349
Lacoste,10241509
Flying Machine,10247275
Zivame,10246499
GAP,10244497
GAP,10244343
Varanga,10235763
Lacoste,10240227
Basics,10245251
plusS,10238577
GAP,10243455
Flying Machine,10247137
Allen Solly Junior,10246523
GAP,10236389
Gini and Jony,10241683
Besiva,10237771
Louis Philippe Jeans,10245525
GAP,10244281
Marks & Spencer,10239853
Louis Philippe Sport,10241771
Marks & Spencer,10241973
GIORDANO,10242761
Hubberholme,10235537
Flying Machine,10247135
Ahalyaa,10236143
Gini and Jony,10239293
Tommy Hilfiger,10242373
Oxolloxo,10239479
Basics,10245197
Flying Machine,10247213
FableStreet,10242609
Sergio Tacchini,10244171
AURELIA,10239449
Flying Machine,10247141
Lacoste,10240299
Rangoli Jaipur,10240123
GAP,10244593
GAP,10244679
Basics,10242865
GAP,10244421
Ecko Unltd,10245819
Lacoste,10241511
Louis Philippe Jeans,10245473
Basics,10245201
Flying Machine,10247207
FableStreet,10242665
Basics,10242873
The Kaftan Company,10236689
AURELIA,10239447
Soie,10235293
Inc 5,10245921
GAP,10244317
Inc 5,10245903
FableStreet,10242723
Tommy Hilfiger,10242407
Barbie by Many Frocks &,10247479
Newport,10235369
Alena,10236639
Newport,10235889
Anouk,10239365
Newport,10237055
Lacoste,10240237
Newport,10235379
Louis Philippe,10236119
Tommy Hilfiger,10242309
WROGN,10238671
Basics,10245105
Natilene,10237951
Basics,10242843
Hubberholme,10235509
Soie,10235345
Ponds,10235945
FableStreet,10242705
Flying Machine,10247133
EthnoVogue,10235413
Kvsfab,10235661
BOLLYGLOW,10236209
Tommy Hilfiger,10242397
Flying Machine,10247159
Ecko Unltd,10245837
Basics,10244957
Sergio Tacchini,10244175
WROGN,10238687
CALFNERO,10244125
Soie,10235301
Inc 5,10245913
Mitera,10237991
Marks & Spencer,10239897
Gini and Jony,10238843
GAP,10236393
Louis Philippe Jeans,10245479
Hubberholme,10235519
Tommy Hilfiger,10242261
CALFNERO,10235563
GAP,10244691
GAP,10244401
Basics,10242875
Flying Machine,10247229
Global Desi,10247025
AURELIA,10239427
Park Avenue,10237327
WROGN,10238673
Inc 5,10245893
AURELIA,10239411
Soie,10235327
AURELIA,10239453
Inc 5,10246115
Soie,10235331
BOLLYGLOW,10236207
Flying Machine,10247121
Flying Machine,10247313
Braun,1024128
Newport,10235355
Flying Machine,10247185
Style Quotient,10237907
BOLLYGLOW,10236211
AURELIA,10239435
Marks & Spencer,10241531
Yuuki,10247655
FableStreet,10242629
Flying Machine,10247315
Gini and Jony,10238887
FableStreet,10242645
Flying Machine,10247295
Basics,10245125
Louis Philippe,10241783
plusS,10235165
plusS,10238571
Basics,10242835
Basics,10242861
Rangoli Jaipur,10240155
Z-ZOOM,10239487
GAP,10244605
GAP,10244581
Inc 5,10246081
WESTCLO,10238421
Flying Machine,10247125
Gini and Jony,10238799
FableStreet,10242641
Proline Active,10237425
Flying Machine,10247227
Besiva,10237785
Gini and Jony,10239005
Inc 5,10246089
Soie,10235337
Braun,1024119
Lacoste,10236025
Gini and Jony,10239063
Campus,10242891
Flying Machine,10247307
AURELIA,10239471
Ahalyaa,10236147
DUGRISTYLE,10247611
HUNTER 1114,10246199
Basics,10245193
Tommy Hilfiger,10242971
FOSH,10236783
Respiro,10241315
FILA,10239617
Palm Tree,10238927
Vastraa Fusion,10238553
Basics,10242871
Lacoste,10241517
Campus,10243959
Soie,10235343
Flying Machine,10247345
FableStreet,10242701
Soie,10235297
Soie,10235317
GAP,10244669
GAP,10244385
Flying Machine,10247155
Flying Machine,10247377
Park Avenue,10237259
Basics,10245417
Inc 5,10246123
Inc 5,10246069
VASTRAMAY,10246637
Park Avenue,10237315
Renka,1024538
Proline Active,10237415
Natilene,10237959
Flying Machine,10247259
Flying Machine,10247251
V Dot,10238569
Ponds,10235951
Campus,10242917
Louis Philippe,10242139
Basics,10244939
Ahalyaa,10236153
Inc 5,10246015
U.S. Polo Assn. Women,10246487
Natilene,10238319
GAP,10236383
Inc 5,10246161
ESBEDA,10239555
Tommy Hilfiger,10242391
GAP,10244325
Gini and Jony,10239099
Antheaa,10236589
Tikhi Imli,10237713
Basics,10245335
AURELIA,10239467
Braun,1024130
Soie,10235351
Flying Machine,10247393
Basics,10245053
Flying Machine,10247397
Global Desi,10246747
Soie,10235311
Basics,10245155
Park Avenue,10237195
amraoo,10235641
Basics,10245271
Monrow,10239497
Wear Your Mind,10247807
Marks & Spencer,10239847
U.S. Polo Assn.,10247989
Besiva,10237783
GAP,10236397
Inc 5,10246145
Soie,10235323
FabAlley,10246583
Ecko Unltd,10245831
plusS,10238599
Mitera,10238701
Soie,10235295
EK DO DHAI,10247875
Gini and Jony,10238981
HUNTER 1114,10246193
Ecko Unltd,10245869
Raymond,10237183
Louis Philippe,10236093
Flying Machine,10247383
GAP,10244483
Campus,10243995
Gini and Jony,10241719
GAP,10244287
FableStreet,10242615
GAP,10244469
GAP,10244303
Titan,10246445
Flying Machine,10247217
Moda Rapido,10241047
Palm Tree,10238793
Flying Machine,10247347
GAP,10244575
BEARDO,10244855
Campus,10243973
Tommy Hilfiger,10242393
Basics,10245343
Inc 5,10245997
Flying Machine,10247267
Besiva,10237777
Lacoste,10235979
Janasya,10234851
GAP,10236405
GAP,10243575
Raymond,10237323
Z-ZOOM,10239491
Flying Machine,10247401
Palm Tree,10238801
Titan,10246505
Just Wow,10246549
ESBEDA,10239561
Flying Machine,10247119
Gini and Jony,10239049
Newport,10241807
CALFNERO,10235561
Flying Machine,10247335
Flying Machine,10247181
Gini and Jony,10238749
EK DO DHAI,10247879
BOLLYGLOW,10236179
Oxolloxo,10236231
SOLES,10235579
Marks & Spencer,10241953
Natilene,10238321
GAP,10243463
Basics,10242863
AURELIA,10239431
Inc 5,10246043
Flying Machine,10247309
GAP,10244301
Home Sparkle,10239619
Tikhi Imli,10237675
Respiro,10241325
Soie,10235333
Yuuki,10247619
WESTCLO,10238413
Natilene,10237917
Basics,10245357
amraoo,10236535
AURELIA,10239423
Newport,10235903
Basics,10245225
Flying Machine,10247109
GAP,10244381
amraoo,10235651
Inc 5,10245961
Tommy Hilfiger,10242537
Moon Dust,10236821
Inc 5,10246001
Inc 5,10246029
Flying Machine,10247143
Natilene,10237967
Gini and Jony,10239187
Flying Machine,10247177
ESBEDA,10239565
Louis Philippe Sport,10241797
Soie,10235321
GAP,10244457
Newport,10235375
amraoo,10236545
FableStreet,10242607
amraoo,10236551
amraoo,10235653
Flying Machine,10247271
Newport,10235371
Antheaa,10236603
Newport,10237003
Basics,10245283
Gini and Jony,10239115
Style Quotient,10237899
FableStreet,10242673
Van Heusen,10239511
Tommy Hilfiger,10242337
amraoo,10235639
Duke,10234889
FableStreet,10242711
Saint G,10235591
GAP,10244525
Soie,10235307
Tommy Hilfiger,10242513
GAP,10243433
Inc 5,10246077
Tikhi Imli,10237729
Basics,10245183
Barbie by Many Frocks &,10245789
Global Desi,10247041
Inc 5,10246415
Hubberholme,10235533
Flying Machine,10247243
Moon Dust,10236829
Basics,10244995
Louis Philippe,10241789
Tommy Hilfiger,10242347
Marks & Spencer,10241569
Natilene,10237931
Inc 5,10246155
Inc 5,10245987
Louis Philippe,10241779
GAP,10244447
FabAlley,10246589
Moda Rapido,10241073
Flying Machine,10247293
plusS,10238663
Campus,10242953
GAP,10236403
amraoo,10235657
Ahalyaa,10236171
Maniac,10236755
Flying Machine,10247235
AURELIA,10239415
GAP,10236385
Kappa,10241411
Marks & Spencer,10239839
Ecko Unltd,10245871
GAP,10244373
Sergio Tacchini,10244179
Tommy Hilfiger,10242321
Inc 5,10246035
Z-ZOOM,10239483
GAP,10244579
The Kaftan Company,10236695
Basics,10245409
GAP,10236439
Basics,10244985
GAP,10243471
GAP,10236475
SG YUVRAJ,10235675
Louis Philippe,10236099
Park Avenue,10237175
GAP,10244683
Inc 5,10245889
Barbie by Many Frocks &,10247471
Park Avenue,10237197
Tikhi Imli,10237653
GAP,10244377
AURELIA,10239455
Ecko Unltd,10245823
Basics,10245227
Global Desi,10246993
amraoo,10235647
V Dot,10238563
Inc 5,10246107
Style Quotient,10237909
Ecko Unltd,10245849
EK DO DHAI,10247885
Basics,10245109
Flying Machine,10247353
Gini and Jony,10241697
Basics,10245413
Ecko Unltd,10245827
Global Desi,10247011
FableStreet,10242709
Louis Philippe Jeans,10245477
Jack & Jones,10235961
Philips,10244851
Louis Philippe,10236115
Flying Machine,10247139
FILA,10239615
Varanga,10235725
Lacoste,10240187
Global Desi,10247017
Globus,10238451
Basics,10245265
Lacoste,10241507
Tommy Hilfiger,10242359
Basics,10245035
Gini and Jony,10238753
amraoo,10246639
Style Quotient,10237901
Newport,10236951
Flying Machine,10247391
FableStreet,10242659
GAP,10244431
Louis Philippe,10236101
Flying Machine,10247363
Braun,1024129
Global Desi,10247039
Ecko Unltd,10245867
U.S. Polo Assn. Women,10246453
Hubberholme,10235523
Soie,10235291
Flying Machine,10247285
Varkala Silk Sarees,10238485
Titan,10246447
Tommy Hilfiger,10242467
Basics,10245121
Antheaa,10236583
AWW HUNNIE,10239385
Newport,10235901
GAP,10236467
Yuuki,10247615
Ecko Unltd,10245853
Basics,10245173
Sergio Tacchini,10244199
Global Desi,10247027
Inc 5,10246085
Flying Machine,10247179
Inc 5,10246159
Barbie by Many Frocks &,10247433
Flying Machine,10247175
GAP,10236459
Barbie by Many Frocks &,10247483
Newport,10235893
Basics,10242857
Basics,10245143
Basics,10245285
Flying Machine,10247343
EthnoVogue,10235421
Newport,10241817
Flying Machine,10247371
Varkala Silk Sarees,10238487
Basics,10245239
Global Desi,10246963
Gini and Jony,10238985
Hubberholme,10235493
Flying Machine,10247263
FableStreet,10242681
Gini and Jony,10239047
Global Desi,10246999
TAG EYE,10236615
Marks & Spencer,10241609
GAP,10243509
Titan,10246435
Basics,10245077
Tommy Hilfiger,10242509
Global Desi,10246959
Louis Philippe,10241801
Inc 5,10245911
Ahalyaa,10236161
Purple State,10236839
United Colors of Benetton,1024110
Gini and Jony,10238823
V Dot,10238561
Lacoste,10241519
Basics,10244959
Gini and Jony,10239257
GAP,10236443
Newport,10235367
Flying Machine,10247395
Louis Philippe Jeans,10245465
Basics,10242829
Saint G,10236559
Campus,10242899
GAP,10243435
Inc 5,10245885
Park Avenue,10237261
Natilene,10237911
Louis Philippe,10236109
ESBEDA,10239563
GAP,10244489
Flying Machine,10247333
Louis Philippe Sport,10241787
U.S. Polo Assn. Women,10246473
Masculino Latino,10245709
Proline Active,10237427
plusS,10238649
Marks & Spencer,10240005
Flying Machine,10247323
Lacoste,10240225
Inc 5,10245937
Marks & Spencer,10241933
Louis Philippe Sport,10241775
GAP,10244371
Inc 5,10246137
Ecko Unltd,10245817
Newport,10235389
Inc 5,10246167
GAP,10244677
Barbie by Many Frocks &,10247475
Flying Machine,10247129
Soie,10235299
Natilene,10237965
Rangoli Jaipur,10240097
Newport,10235907
Louis Philippe,10236113
Braun,1024125
Flying Machine,10247279
Hubberholme,10235539
Flying Machine,10247351
Flying Machine,10247247
Ahalyaa,10236157
TAG EYE,10236609
Soie,10235339
Inc 5,10246111
WESTCLO,10238397
GAP,10244699
Flying Machine,10247265
Ahalyaa,10236169
Basics,10245401
Flying Machine,10247339
Vastraa Fusion,10238555
Rangoli Jaipur,10240049
Louis Philippe,10241793
Basics,10245087
Inc 5,10245917
Flying Machine,10247245
Basics,10245259
Flying Machine,10247183
Marks & Spencer,10239871
Flying Machine,10247331
Gini and Jony,10238849
Kvsfab,10235665
Flying Machine,10247261
Basics,10242883
Flying Machine,10247167
GAP,10243441
Tommy Hilfiger,10242419
GAP,10236433
GAP,10243563
GAP,10243499
Rangoli Jaipur,10240081
AURELIA,10239459
Gini and Jony,10238807
Inc 5,10246009
Inc 5,10245983
Gini and Jony,10238937
Tommy Hilfiger,10242255
FableStreet,10242611
Braun,1024121
Inc 5,10246225
Basics,10245151
Titan,10246443
Marks & Spencer,10241659
Vastraa Fusion,10238549
OBOW,10236939
Ahalyaa,10236141
Kappa,10241405
Rangoli Jaipur,10240085
Inc 5,10245947
Ecko Unltd,10245859
amraoo,10235649
OFF LIMITS,10244145
Park Avenue,10237269
Newport,10235891
Global Desi,10247001
plusS,10238605
Flying Machine,10247197
Tommy Hilfiger,10242329
Style Quotient,10237897
Soie,10235303
BOLLYGLOW,10236183
Rangoli Jaipur,10240047
Basics,10242837
Flying Machine,10247255
GAP,10244595
Soie,10235309
Flying Machine,10247355
AURELIA,10239469
Tommy Hilfiger,10242287
GAP,10243473
Ahalyaa,10236159
Flying Machine,10247389
SOLES,10235583
GAP,10243479
Basics,10245051
Basics,10245139
Basics,10245157
Flying Machine,10247385
OFF LIMITS,10244137
Basics,10245195
Palm Tree,10239045
Varanga,10235727
FableStreet,10242677
Campus,10243987
Basics,10245349
Louis Philippe Jeans,10245515
Louis Philippe Jeans,10245539
Louis Philippe Jeans,10245521
GAP,10236505
AURELIA,10239413
GAP,10244341
Louis Philippe Jeans,10245461
Ecko Unltd,10245865
Global Desi,10246991
Inc 5,10246059
Flying Machine,10247283
Basics,10245093
Gini and Jony,10239073
AURELIA,10239463
Inc 5,10246093
Titan,10246449
Global Desi,10247031
Proline Active,10237431
Tommy Hilfiger,10242395
AURELIA,10239473
GAP,10243457
Flying Machine,10247387
Varanga,10235723
Varkala Silk Sarees,10238505
Style Quotient,10237905
FableStreet,10242679
Basics,10242879
Ecko Unltd,10245857
Campus,10243977
Flying Machine,10247369
BOLLYGLOW,10236177
Smiley World,10244107
Newport,10237073
Basics,10245159
Titan,10246441
Flying Machine,10247169
beevee,10247579
Khushal K,10247853
FableStreet,10242627
WROGN,10238683
FableStreet,10242603
U.S. Polo Assn. Women,10246451
TREEMODA,10235441
GAP,10244443
GAP,10236485
GAP,10244453
Soie,10235319
Campus,10243979
612 league,10244203
GAP,10244695
Renka,1024559
Respiro,10241331
Ecko Unltd,10245825
AURELIA,10239429
AURELIA,10239437
GAP,10244285
GAP,10244681
WESTCLO,10238407
Tommy Hilfiger,10242429
Flying Machine,10247291
Global Desi,10246989
GAP,10244523
Tommy Hilfiger,10242449
amraoo,10235643
Tikhi Imli,10237651
Ahalyaa,10236163
FableStreet,10242685
Louis Philippe Jeans,10245509
FableStreet,10242703
Soie,10235313
U.S. Polo Assn. Women,10246477
Ecko Unltd,10245839
Newport,10235385
Gini and Jony,10239219
Tommy Hilfiger,10242439
Z-ZOOM,10239489
Just Wow,10244003
Inc 5,10246205
Vastraa Fusion,10238547
Newport,10241819
Kidling,10246803
Basics,10245063
Marks & Spencer,10239875
Inc 5,10246425
Basics,10244975
Flying Machine,10247269
Inc 5,10246157
Gini and Jony,10238803
Varkala Silk Sarees,10238493
Gini and Jony,10238833
AURELIA,10239441
Flying Machine,10247149
Lacoste,10241525
Tommy Hilfiger,10242433
Flying Machine,10247215
Global Desi,10247015
Inc 5,10246091
Global Desi,10247005
Inc 5,10245999
U.S. Polo Assn. Women,10246455
Flying Machine,10247253
Basics,10245353
Yuuki,10247649
Wear Your Mind,10247703
Red Tape,10246525
Louis Philippe,10236097
Saint G,10236555
Inc 5,10245935
FableStreet,10242657
Alena,10236641
Gini and Jony,10238907
Varanga,10235761
Gini and Jony,10238979
Rangoli Jaipur,10240109
Flying Machine,10247281
Louis Philippe,10241781
Flying Machine,10247303
WROGN,10238675
Tommy Hilfiger,10242345
Campus,10243983
V Dot,10238567
AURELIA,10239433
Soie,10235347
Tommy Hilfiger,10242289
Mitera,10237987
Newport,10235395
Gini and Jony,10239123
GAP,10236431
Lacoste,10240231
DUGRISTYLE,10247605
Inc 5,10246013
AURELIA,10239409
Flying Machine,10247219
Barbie by Many Frocks &,10247429
U.S. Polo Assn.,10247997
Lavie,10186693
U.S. Polo Assn.,10247985
WROGN,10188579
OddCroft,10257997
WROGN,10187669
Louis Philippe Sport,10249101
Puma,10248341
Twisha,10258525
Puma,10248493
Peter England Casuals,10260403
SG YUVRAJ,10254017
Genius18,10252613
Pepe Jeans,10256887
Raymond,10254613
Pepe Jeans,10257011
Pepe Jeans,10257023
Puma,10253101
Plum,10258381
OddCroft,10257993
Puma,10253605
Pepe Jeans,10256541
Puma,10248649
FabSeasons,10252419
Instacrush,10253753
Pepe Jeans,10257545
U.S. Polo Assn.,10248139
Pepe Jeans,10256565
Genius18,10252621
Pepe Jeans,10256921
Puma,10253071
Genius18,10252619
Pepe Jeans,10256967
Puma,10248387
Puma,10248509
Puma,10248465
Pepe Jeans,10255667
Lapis O Lupo,10249019
Pepe Jeans,10256409
Carlton London,10258609
Pepe Jeans,10255415
Pepe Jeans,10255805
Pepe Jeans,10256631
SG YUVRAJ,10254037
Pepe Jeans,10256507
Puma,10248267
Pepe Jeans,10255633
Twisha,10258517
Flying Machine,10254387
Puma,10253231
Pepe Jeans,10255847
Alcis,10260115
Alcis,10260199
DressBerry,10259835
Pepe Jeans,10256961
Pepe Jeans,10257019
SHINGORA,10253997
Genius18,10252601
Pepe Jeans,10255687
Pepe Jeans,10255833
Pepe Jeans,10256559
OddCroft,10258001
Pepe Jeans,10256885
Puma,10248501
U.S. Polo Assn.,10248051
FabSeasons,10252447
Puma,10253661
SEIKO,10255519
Pepe Jeans,10256511
Lino Perros,10252711
Puma,10248673
Puma,10248337
Pepe Jeans,10255591
Pepe Jeans,10257017
Puma,10248687
Puma,10248203
Alcis,10260149
Pepe Jeans,10256379
Twisha,10260239
Puma,10252775
Puma,10253057
Revlon,1025062
Puma,10248557
Lapis O Lupo,10248977
MomToBe,10259291
Genius18,10252567
Pepe Jeans,10255835
DEYANN,10255057
Woodland,10258861
Pepe Jeans,10256973
Pepe Jeans,10256423
Puma,10248447
MISH,10260567
Nauti Nati,10258421
Alcis,10260135
Puma,10248539
ZUSH,10250607
Pepe Jeans,10255469
Pepe Jeans,10255465
Pepe Jeans,10255793
Pepe Jeans,10256949
Puma,10248411
Puma,10253421
Wish Karo,10250621
Pepe Jeans,10255463
Pepe Jeans,10255839
Saree mall,10258213
Pepe Jeans,10255819
Puma,10248503
FLAVIDO,10252017
Flying Machine,10254399
PUMA Motorsport,10252943
Pepe Jeans,10256929
MomToBe,10259285
Plum,10258359
Puma,10248313
QUIERO,10260343
Pepe Jeans,10255497
Carlton London,10251081
Pepe Jeans,10255487
Pepe Jeans,10255885
Puma,10248485
Pepe Jeans,10255619
Lapis O Lupo,10248955
Alcis,10259963
Pepe Jeans,10256937
Puma,10248425
Tommy Hilfiger,10250803
Inddus,10255037
Pepe Jeans,10255473
Puma,10252845
Alcis,10260043
Puma,10253427
Puma,10253435
Pepe Jeans,10255759
QUIERO,10260313
Pepe Jeans,10256487
Genius18,10252591
Ginger by Lifestyle,10251279
Puma,10248281
Puma,10248663
Pepe Jeans,10255563
Louis Philippe Sport,10248867
Mast & Harbour,10250037
Puma,10248667
Puma,10253599
NEUDIS,10254083
Saree mall,10258127
Pepe Jeans,10257031
DEYANN,10255185
Pepe Jeans,10256457
Pepe Jeans,10255461
Pepe Jeans,10255755
Wild stone,10256709
Lapis O Lupo,10249025
Lapis O Lupo,10248935
Revlon,1025060
HERE&NOW,10258823
Pepe Jeans,10256503
Pepe Jeans,10256467
Eske,10248731
Puma,10248589
Plum,10258367
Puma,10252999
DEYANN,10255189
Genius18,10252473
The Vanca,10256843
Pepe Jeans,10256473
Lapis O Lupo,10248895
Puma,10248335
Pepe Jeans,10255395
Lapis O Lupo,10249075
Puma,10248665
Pepe Jeans,10255677
Pepe Jeans,10256593
U.S. Polo Assn.,10248091
Levis,10250433
Puma,10252869
Puma,10253541
Puma,10253211
Tommy Hilfiger,10250887
Genius18,10252561
Alcis,10259957
Puma,10248671
SG YUVRAJ,10254025
Laceandme,10250643
Marks & Spencer,10251013
Pepe Jeans,10257041
Flying Machine,10254401
Louis Philippe,10259035
Carlton London,10258617
U.S. Polo Assn.,10248037
Puma,10248355
Maybelline,10251869
Pepe Jeans,10257047
Puma,10252799
Carlton London,10251139
Pepe Jeans,10256499
Alcis,10260171
Pepe Jeans,10256879
Puma,10253269
Jompers,10255053
Louis Philippe Sport,10249927
Flying Machine,10254367
SG YUVRAJ,10254023
Alcis,10260179
Pepe Jeans,10256513
SG YUVRAJ,10254021
SG YUVRAJ,10254043
Pepe Jeans,10256465
Inddus,10255013
Woodland,10259631
Pepe Jeans,10255611
MISH,10260563
Revlon,1025056
Saree mall,10258105
Puma,10248605
Louis Philippe Sport,10248789
STREET 9,10256017
Pepe Jeans,10255443
Pepe Jeans,10255511
Alcis,10259997
Pepe Jeans,10255831
Killer,10257411
Louis Philippe Jeans,10249417
Twisha,10260233
Genius18,10252617
Lapis O Lupo,10248967
Genius18,10252509
Pepe Jeans,10255761
Pepe Jeans,10256387
Alcis,10260189
Puma,10248215
Lino Perros,10252693
Pepe Jeans,10255377
SEIKO,10255537
Pepe Jeans,10255699
OddCroft,10258049
Puma,10252795
Pepe Jeans,10255615
Pepe Jeans,10256577
Alcis,10259979
Woodland,10258857
Puma,10248457
Pepe Jeans,10256627
Carlton London,10251057
Tommy Hilfiger,10250831
Puma,10252801
Lino Perros,10252723
Pepe Jeans,10255551
Pepe Jeans,10255695
Puma,10252859
Pepe Jeans,10256873
U.S. Polo Assn.,10248005
Pepe Jeans,10256915
Pepe Jeans,10256479
Pepe Jeans,10255567
Louis Philippe Sport,10248865
Louis Philippe Sport,10248861
Pepe Jeans,10255501
Pepe Jeans,10255577
Pepe Jeans,10255431
Tommy Hilfiger,10250879
Lapis O Lupo,10248881
Pepe Jeans,10257013
Wild stone,10256671
Puma,10253007
Alcis,10260173
Puma,10253055
Moda Rapido,10259671
Pepe Jeans,10255365
Pepe Jeans,10255857
Pepe Jeans,10256993
Pepe Jeans,10256941
Woodland,10259623
Alcis,10260181
Pepe Jeans,10256969
Alcis,10260207
Puma,10248269
Lino Perros,10252731
Alcis,10260197
Pepe Jeans,10256505
Puma,10253145
Tommy Hilfiger,10250809
PUMA Motorsport,10253151
Pepe Jeans,10256439
Lapis O Lupo,10248939
Puma,10248247
Flying Machine,10254409
Genius18,10252609
Puma,10248273
Lapis O Lupo,10249027
Louis Philippe Jeans,10249389
Louis Philippe Sport,10249305
Genius18,10252545
hummel,10259491
Raymond,10254487
Pepe Jeans,10255597
U.S. Polo Assn.,10248003
U.S. Polo Assn.,10248031
OddCroft,10258017
Pepe Jeans,10256469
Moda Rapido,10258911
Lapis O Lupo,10248899
Rain & Rainbow,10251919
Cation,1025447
Pepe Jeans,10255557
Flying Machine,10254365
Jompers,10255047
Louis Philippe Sport,10249115
Pepe Jeans,10256957
STREET 9,10256325
Pepe Jeans,10255727
Campana,10254187
Wild stone,10256697
The Vanca,10256841
Wild stone,10256663
Puma,10253695
Pepe Jeans,10256867
Wild stone,10256717
Puma,10253221
Alcis,10259987
Louis Philippe Sport,10249263
Puma,10248349
hummel,10259467
Pantaloons Junior,10254261
Puma,10252759
Lapis O Lupo,10248885
Puma,10253655
STREET 9,10256055
Flying Machine,10254405
Genius18,10252497
Alcis,10260113
Pepe Jeans,10256543
U.S. Polo Assn.,10248049
ToniQ,10251547
Puma,10253531
Genius18,10252481
Puma,10253617
Wild stone,10256711
Carlton London,10251143
Pepe Jeans,10255739
Plum,10258387
OSHKOSH Bgosh,10255853
Puma,10253265
Pepe Jeans,10255603
Woodland,10258859
Puma,10253041
Pepe Jeans,10255711
FabSeasons,10252453
DEYANN,10255179
Pepe Jeans,10255637
Trend Arrest,10257743
Genius18,10252513
Puma,10248227
DressBerry,10259861
The Vanca,10256829
Pepe Jeans,10255773
Aj DEZInES,10254245
Lino Perros,10252717
Twisha,10260231
Puma,10248321
Puma,10253035
STREET 9,10256035
Puma,10253623
Alcis,10260011
Pepe Jeans,10256629
Saree mall,10258193
Pepe Jeans,10255817
Pepe Jeans,10256947
Lino Perros,10252699
OddCroft,10258011
Tommy Hilfiger,10250829
Pepe Jeans,10256359
SG YUVRAJ,10254045
Wild stone,10256733
U.S. Polo Assn.,10248087
Alcis,10260089
Pepe Jeans,10256361
OddCroft,10258041
Puma,10248155
Pepe Jeans,10255779
Louis Philippe Jeans,10249485
Pepe Jeans,10255841
Twisha,10260245
Pepe Jeans,10257001
Puma,10252989
Qurvii,10252663
Puma,10248531
Puma,10253683
Pepe Jeans,10256905
Pepe Jeans,10255413
Aj DEZInES,10254243
Puma,10248323
Puma,10248405
Louis Philippe Jeans,10249327
Plum,10258385
DEYANN,10255209
Pepe Jeans,10257003
Pepe Jeans,10255429
Pepe Jeans,10255561
Lapis O Lupo,10248969
Eske,10254771
Wild stone,10256723
Pepe Jeans,10255575
Alcis,10259985
Pepe Jeans,10255651
Daily Life Forever52,10248101
Puma,10248479
Puma,10252777
FabSeasons,10252455
hummel,10259457
Flying Machine,10254373
Louis Philippe Jeans,10249153
DEYANN,10255071
Saree mall,10258233
Pepe Jeans,10256493
Pepe Jeans,10255585
Flying Machine,10254397
Wild stone,10256685
Pepe Jeans,10255703
DEYANN,10255205
Pepe Jeans,10255849
Pepe Jeans,10256451
Alcis,10260133
Puma,10248569
Jack & Jones,1025260
Puma,10248161
Alcis,10260203
Woodland,10258865
Puma,10253701
Pepe Jeans,10255411
Alcis,10259961
MISH,10260569
Alcis,10260193
Pepe Jeans,10257029
Alcis,10260123
Puma,10253053
Puma,10252911
Raymond,10254587
Pepe Jeans,10257049
Lapis O Lupo,10248931
OddCroft,10258031
U.S. Polo Assn.,10248021
Pepe Jeans,10255373
Lino Perros,10252697
Genius18,10252487
Puma,10248723
MISH,10260561
Raymond,10254667
Woodland,10259619
FabSeasons,10252445
U.S. Polo Assn.,10248017
Pepe Jeans,10255401
Pepe Jeans,10256617
Puma,10248417
Pepe Jeans,10256861
Twisha,10258533
FabSeasons,10252441
Twisha,10260251
Campana,10254183
SG YUVRAJ,10254039
Woodland,10258853
Pepe Jeans,10255439
Puma,10248261
Eske,10248093
Pepe Jeans,10255743
Moda Rapido,10259675
DEYANN,10255073
Saree mall,10258103
Carlton London,10251115
Lapis O Lupo,10248909
SHINGORA,10253963
Secret Temptation,10259915
Lapis O Lupo,10248889
Louis Philippe Jeans,10249387
Alcis,10260103
Wild stone,10256649
Puma,10253387
Pepe Jeans,10256945
Puma,10248305
Pepe Jeans,10256371
Lapis O Lupo,10248905
Puma,10252957
SG YUVRAJ,10254051
Instacrush,10253725
Genius18,10252555
hummel,10259397
Pepe Jeans,10256963
Flying Machine,10254383
Pepe Jeans,10255641
Alcis,10260143
Pepe Jeans,10255437
U.S. Polo Assn.,10248053
U.S. Polo Assn.,10248147
Pepe Jeans,10255505
Pepe Jeans,10256983
People,10250689
U.S. Polo Assn.,10248141
Puma,10248159
FURO by Red Chief,10250653
U.S. Polo Assn.,10248025
Pepe Jeans,10255477
Mast & Harbour,10250033
hummel,10259443
Louis Philippe Sport,10249279
FabSeasons,10252423
Puma,10253477
Lapis O Lupo,10248971
Pepe Jeans,10256611
QUIERO,10260289
Alcis,10260117
STREET 9,10256015
Saree mall,10258195
Jompers,10255045
Pepe Jeans,10255783
Pepe Jeans,10255663
Puma,10248331
Lino Perros,10252735
Instacrush,10253749
Lapis O Lupo,10248941
STREET 9,10255999
Pepe Jeans,10256433
Genius18,10252519
Pepe Jeans,10256977
Pepe Jeans,10255795
Puma,10253467
Alcis,10260013
Wild stone,10256677
Pepe Jeans,10256931
QUIERO,10260293
Lapis O Lupo,10249015
FabSeasons,10252425
OddCroft,10257979
Louis Philippe Sport,10249215
Puma,10248437
DressBerry,10259879
Lino Perros,10252673
Genius18,10252579
Puma,10253399
Alcis,10260039
DEYANN,10255059
Lapis O Lupo,10248877
DEYANN,10255061
Pepe Jeans,10255441
Divine Casa,10255917
Puma,10248381
Pepe Jeans,10255479
QUIERO,10260323
STREET 9,10256059
Carlton London,10251141
Instacrush,10253773
Puma,10248495
Peter England,10260429
FURO by Red Chief,10250647
Puma,10248659
Puma,10253161
The Vanca,10256847
Puma,10248365
Eske,10254773
Puma,10252805
Plum,10258365
Puma,10248187
Lapis O Lupo,10248915
Puma,10248523
The Vanca,10256827
U.S. Polo Assn.,10248013
Mast & Harbour,10250019
Pepe Jeans,10255659
Puma,10253177
Puma,10252749
Louis Philippe Sport,10249299
Pepe Jeans,10255571
Alcis,10260175
Alcis,10260209
U.S. Polo Assn.,10248001
Twisha,10260221
PUMA Motorsport,10252849
Tommy Hilfiger,10250787
Alcis,10260009
Pepe Jeans,10256991
Raymond,10254589
STREET 9,10255963
QUIERO,10260315
Plum,10258373
DEYANN,10255181
U.S. Polo Assn.,10248063
Louis Philippe Sport,10249517
Aj DEZInES,10254241
Alcis,10260195
Lino Perros,10252725
Puma,10253227
Lapis O Lupo,10248925
Pepe Jeans,10255399
Lapis O Lupo,10248995
Puma,10253097
Pepe Jeans,10256389
Genius18,10252595
DEYANN,10255203
Pepe Jeans,10256557
Pepe Jeans,10256859
Wild stone,10256661
Eske,10254767
Raymond,10254565
Saree mall,10258133
Puma,10252997
Wild stone,10256737
Pepe Jeans,10256401
Puma,10252919
Alcis,10260007
FabSeasons,10252439
Puma,10253241
Pepe Jeans,10256857
Pepe Jeans,10255693
Alcis,10260053
Pepe Jeans,10256485
QUIERO,10260279
Puma,10253469
DEYANN,10255065
Pepe Jeans,10255887
SG YUVRAJ,10254041
Woodland,10258873
Puma,10248373
U.S. Polo Assn.,10248055
Puma,10248721
U.S. Polo Assn.,10248015
Plum,10258369
Puma,10248361
Puma,10248363
Pepe Jeans,10256529
Louis Philippe Jeans,10249491
Wish Karo,10250619
Puma,10253201
Louis Philippe Sport,10249357
Louis Philippe Jeans,10249369
Puma,10253023
Pepe Jeans,10255723
Peter England,10260475
Puma,10248573
Puma,10253569
Lapis O Lupo,10248917
FabSeasons,10252433
Instacrush,10253761
Puma,10248237
Alcis,10259939
Pepe Jeans,10256509
Raymond,10254489
Alcis,10260085
Rain & Rainbow,10251903
Pepe Jeans,10256971
Pepe Jeans,10255861
ULRIC DE VARENS,10251421
Alcis,10260151
Pepe Jeans,10256579
Pepe Jeans,10256461
STREET 9,10255959
Pepe Jeans,10256567
QUIERO,10260309
Pepe Jeans,10255713
Pepe Jeans,10256571
DressBerry,10259877
Instacrush,10253767
Indo Era,10258273
Pepe Jeans,10255837
Puma,10248713
Puma,10253229
Pure Home and Living,10254201
Pepe Jeans,10256599
Divine Casa,10255909
Pepe Jeans,10256639
Jompers,10255043
SHINGORA,10253975
Pepe Jeans,10255825
Plum,10258363
Flying Machine,10254375
Carlton London,10251167
Puma,10252863
Flying Machine,10254403
Pepe Jeans,10256399
Flying Machine,10254379
Pepe Jeans,10256987
MASPAR,10259381
Puma,10253649
Plum,10258405
Pepe Jeans,10256383
Pepe Jeans,10255879
Pepe Jeans,10256435
Wish Karo,10250615
Pepe Jeans,10256985
DEYANN,10255067
ULRIC DE VARENS,10251419
Pepe Jeans,10256525
Pepe Jeans,10256911
Plum,10258355
Puma,10253275
Puma,10252927
Pepe Jeans,10255671
Peter England,10260451
Alcis,10259959
U.S. Polo Assn.,10248153
Avira Home,10252655
Genius18,10252565
Flying Machine,10254369
Alcis,10260057
Pepe Jeans,10256975
Pepe Jeans,10257025
Lino Perros,10252709
Lapis O Lupo,10248879
Pepe Jeans,10255767
SG YUVRAJ,10254049
Pepe Jeans,10256531
OddCroft,10258027
Puma,10248173
Pepe Jeans,10257547
The Dry State,10254135
DressBerry,10259855
Pepe Jeans,10255579
Alcis,10259965
Alcis,10259953
U.S. Polo Assn.,10248023
Alcis,10260021
U.S. Polo Assn.,10248145
Louis Philippe Jeans,10249173
Pepe Jeans,10255375
Pepe Jeans,10255599
DEYANN,10255069
Puma,10248389
Carlton London,10258611
Plum,10258379
OddCroft,10257983
Alcis,10259999
Louis Philippe,10250081
Pepe Jeans,10256581
Pepe Jeans,10255503
Pepe Jeans,10256865
Pepe Jeans,10256613
Pepe Jeans,10255653
PUMA Motorsport,10252855
hummel,10259479
Pepe Jeans,10256445
Pepe Jeans,10255697
STREET 9,10256053
Wild stone,10256675
FabSeasons,10252451
Genius18,10252499
Pepe Jeans,10256955
Pepe Jeans,10256927
Wild stone,10256703
Puma,10248407
Pepe Jeans,10257045
Pepe Jeans,10255379
Cation,1025451
Pepe Jeans,10256979
Pepe Jeans,10256417
Pepe Jeans,10255435
Puma,10253239
Pepe Jeans,10256545
Genius18,10252607
OddCroft,10257999
Puma,10253615
Raymond,10254679
Puma,10248165
Pepe Jeans,10255707
U.S. Polo Assn.,10248029
Puma,10248639
Pepe Jeans,10257007
Wild stone,10256645
Lino Perros,10252729
Tommy Hilfiger,10250797
Pepe Jeans,10255717
Louis Philippe Sport,10248827
Trend Arrest,10257755
Pepe Jeans,10256475
Pepe Jeans,10256889
Puma,10253457
Louis Philippe Sport,10248819
Puma,10253031
Puma,10250447
Pepe Jeans,10255775
Lapis O Lupo,10249047
DEYANN,10255077
Puma,10248297
Pepe Jeans,10255565
Genius18,10252593
BUKKUM,10253857
SG YUVRAJ,10254029
Pepe Jeans,10256863
Lino Perros,10252713
Pepe Jeans,10255407
Saree mall,10258123
U.S. Polo Assn.,10248151
MISH,10260557
The Vanca,10256831
Puma,10248403
Puma,10248487
Lino Perros,10252689
Lapis O Lupo,10249009
Indo Era,10258063
Puma,10248409
Woodland,10258877
Carlton London,10251105
DEYANN,10255177
Plum,10258371
Twisha,10258543
Moda Rapido,10259673
SHINGORA,10253973
Pepe Jeans,10257027
Pepe Jeans,10255481
Pepe Jeans,10256899
Pepe Jeans,10256851
Alcis,10260137
Alcis,10260139
Lapis O Lupo,10248997
Alcis,10259945
Saree mall,10258247
Puma,10253499
Louis Philippe Sport,10249269
Pepe Jeans,10256999
DressBerry,10259831
Louis Philippe Jeans,10249251
Carlton London,10258615
Pepe Jeans,10256903
Nauti Nati,10258409
Twisha,10260227
hummel,10259411
Louis Philippe Sport,10249415
Instacrush,10253775
Plum,10258353
Pepe Jeans,10256981
Pepe Jeans,10257009
Indo Era,10258093
Saree mall,10258235
Puma,10248311
Pepe Jeans,10255553
Maybelline,10251889
Puma,10253017
Plum,10258357
Pepe Jeans,10255789
Puma,10248679
Louis Philippe Sport,10248783
Pepe Jeans,10255639
Genius18,10252563
Puma,10253527
Pepe Jeans,10256595
SG YUVRAJ,10254047
Lino Perros,10252681
Puma,10248375
Flying Machine,10254391
Pepe Jeans,10255507
Pepe Jeans,10256881
Pepe Jeans,10256563
Puma,10252933
Wild stone,10256689
Lapis O Lupo,10249049
Mast & Harbour,10250039
Alcis,10259949
Flying Machine,10254381
Alcis,10260141
MISH,10260581
Puma,10248157
Tommy Hilfiger,10250881
Pepe Jeans,10255409
Puma,10253533
Pepe Jeans,10257543
Pepe Jeans,10256607
ToniQ,10251581
Puma,10248603
FabSeasons,10252443
Nauti Nati,10258413
SG YUVRAJ,10254027
Pepe Jeans,10256421
PUMA Motorsport,10248351
Puma,10253199
Puma,10248579
Alcis,10260105
Pepe Jeans,10256471
Lino Perros,10252719
Carlton London,10251159
Raymond,10254553
Puma,10248491
Pepe Jeans,10255545
Puma,10248301
Alcis,10260033
Pepe Jeans,10255665
Alcis,10260101
Rain & Rainbow,10251915
Flying Machine,10254389
Puma,10248547
Pepe Jeans,10255871
KID1,10255921
hummel,10259427
Pepe Jeans,10256539
U.S. Polo Assn.,10248061
Puma,10253395
Pepe Jeans,10256923
Puma,10253247
Pepe Jeans,10256935
Pepe Jeans,10255851
Pepe Jeans,10255801
SG YUVRAJ,10254019
Pepe Jeans,10255709
PUMA Motorsport,10252837
Pepe Jeans,10255869
Alcis,10260187
Wild stone,10256647
Twisha,10260243
Twisha,10258523
Wild stone,10256739
Alcis,10260047
DressBerry,10259565
Louis Philippe Sport,10249437
Puma,10254057
Puma,10253129
Lapis O Lupo,10249037
Pepe Jeans,10256441
Pepe Jeans,10256385
SG YUVRAJ,10254035
Pepe Jeans,10256497
Raymond,10254593
Pepe Jeans,10256573
QUIERO,10260329
MISH,10260573
Genius18,10252525
SG YUVRAJ,10254031
Indo Era,10258259
Alcis,10260191
SEIKO,10255543
Lino Perros,10252727
Louis Philippe,10250061
Pepe Jeans,10256463
Pepe Jeans,10256997
Pepe Jeans,10255747
STREET 9,10255989
Lapis O Lupo,10249055
Flying Machine,10254385
QUIERO,10260301
Hidesign,10250387
Louis Philippe Sport,10249451
Alcis,10260119
Pepe Jeans,10255601
Puma,10248221
Puma,10253451
Pepe Jeans,10256901
Pepe Jeans,10256917
Indo Era,10258249
U.S. Polo Assn.,10248059
Pepe Jeans,10257037
Pepe Jeans,10256377
Puma,10248703
Puma,10253197
Pepe Jeans,10256895
Alcis,10260055
Pepe Jeans,10255803
Lino Perros,10252701
Puma,10252887
Pepe Jeans,10255771
Pepe Jeans,10256587
Lapis O Lupo,10248959
Pepe Jeans,10256919
Aj DEZInES,10254239
SG YUVRAJ,10254055
Wild stone,10256673
Pepe Jeans,10255705
Moda Rapido,10259677
Peter England,10260409
Pepe Jeans,10256415
Puma,10252789
Jompers,10255051
Saree mall,10258229
Wild stone,10256701
Raymond,10254551
Pepe Jeans,10255751
Pepe Jeans,10255515
U.S. Polo Assn.,10248085
Saree mall,10258099
Saree mall,10258139
Puma,10248553
Lapis O Lupo,10248883
Maniac,10236763
Pepe Jeans,10255513
Levis,10266865
Levis,10266795
Tommy Hilfiger,10250811
Jack & Jones,10235963
Calvin Klein Jeans,10274511
fancy mart,10263793
Calvin Klein Jeans,10268141
Sonari,1026725
Calvin Klein Jeans,10267795
Pepe Jeans,10263929
Jompers,10266019
Sonari,1026809
Levis,10266825
Calvin Klein Jeans,10268007
Parx,10274565
FAUSTO,10263897
Calvin Klein Jeans,10274687
Calvin Klein Jeans,10268295
Calvin Klein Jeans,10274745
Belle Fille,10261951
612 league,10261181
Belle Fille,10261931
Calvin Klein Jeans,10267651
AIGNER,10266661
GUESS,10266601
ONLY,10274079
Calvin Klein Jeans,10267671
Belle Fille,10261863
Pepe Jeans,10262881
Jompers,10266013
DOROTHY PERKINS,10270053
Pepe Jeans,10265059
Sonari,1026811
Vero Moda,10275103
Levis,10266973
Levis,10266809
Calvin Klein Jeans,10268215
Sonari,1026831
Sonari,1027019
Pepe Jeans,10264691
DEYANN,10263333
Levis,10266897
Calvin Klein Jeans,10267851
Flying Machine,10270961
Wrangler,10267095
Sonari,1026719
Puma,10262065
Levis,10266807
Belle Fille,10262005
Levis,10266827
Sonari,1027068
Vero Moda,10275139
Pepe Jeans,10264403
Calvin Klein Jeans,10268137
Puma,10262089
Calvin Klein Jeans,10268121
Mochi,10261755
Sonari,1026765
American Crew,10274785
Jompers,10266005
Ives,10262449
Belle Fille,10261989
Belle Fille,10261917
Calvin Klein Jeans,10268105
ONLY,10273999
Pepe Jeans,10265113
ONLY,10274671
Levis,10266941
Calvin Klein Jeans,10267735
Pepe Jeans,10264207
Calvin Klein Jeans,10268397
fancy mart,10263795
AIGNER,10266637
Calvin Klein Jeans,10268287
Jompers,10266045
Fos Lighting,10263323
Calvin Klein Jeans,10267989
Caprese,10272239
Ahalyaa,10261555
Sonari,1026827
Studio Voylla,10274899
Belle Fille,10262013
Pepe Jeans,10265057
Pepe Jeans,10265153
Pepe Jeans,10265297
Noble Faith,1026434
Miss Chase,10265451
Calvin Klein Jeans,10268159
Sonari,1027018
Tulsattva,10265683
Calvin Klein Jeans,10267881
Mochi,10261763
PURYS,10271987
Sonari,1027090
BownBee,10268827
MISH,10260589
Pepe Jeans,10262853
Sonari,1026847
Pepe Jeans,10262865
Belle Fille,10261891
Puma,10262317
Calvin Klein Jeans,10268387
Metro,10274349
Levis,10266951
Levis,10266859
Mochi,10261731
Pepe Jeans,10264689
Sonari,1026771
SEIKO,10263813
Levis,10266981
BEAT LONDON by PEPE JEANS,10265135
Pepe Jeans,10263185
Levis,10266997
Levis,10266907
Sonari,1026933
Pepe Jeans,10262795
Calvin Klein Jeans,10268089
Jompers,10266011
Chopard,10266625
Levis,10266801
hummel,10271401
Belle Fille,10261913
Puma,10262305
Pepe Jeans,10265441
Calvin Klein Jeans,10268221
Ives,10262387
Levis,10266797
Pepe Jeans,10264839
Pepe Jeans,10264371
Fos Lighting,10263313
Mochi,10261739
Calvin Klein Jeans,10274495
Parx,10274569
Pepe Jeans,10264121
Calvin Klein Jeans,10274441
Calvin Klein Jeans,10267709
Calvin Klein Jeans,10274447
Parx,10274555
Puma,10262345
Levis,10267003
Jompers,10265919
House of Pataudi,10274393
Calvin Klein Jeans,10274489
Levis,10266791
612 league,10261291
ONLY,10273985
Pepe Jeans,10263517
Calvin Klein Jeans,10274525
ether,1027237
Jompers,10265929
Jompers,10266023
fancy mart,10263785
Calvin Klein Jeans,10274743
Calvin Klein Jeans,10267791
Parx,10274623
Studio Voylla,10274905
Vero Moda,10275121
Michael Kors,10266653
Studio Voylla,10274855
Sonari,1026769
Puma,10262125
Levis,10266823
Pepe Jeans,10265139
612 league,10261293
Studio Voylla,10274847
Studio Voylla,10274859
Pepe Jeans,10262879
Sonari,1026777
Belle Fille,10261991
Mochi,10261673
Miss Chase,10265467
Sonari,1026819
Sonari,1027089
Sonari,1026757
Calvin Klein Jeans,10274471
Pepe Jeans,10264273
Levis,10266925
Ira Soleil,10263005
Ira Soleil,10263009
Ives,10262423
DOROTHY PERKINS,10269883
Sonari,1026793
Calvin Klein Jeans,10267899
Saadgi,10264535
Parx,10274563
Sonari,1026918
Sonari,1027083
INVU,10274313
Flying Machine,10270919
ONLY,10266699
Belle Fille,10261993
Saree mall,10266315
Calvin Klein Jeans,10274433
Jompers,10266003
CAT,10265867
Ishin,10263037
Levis,10266979
Mochi,10261773
Calvin Klein Jeans,10267803
Puma,10262311
Pepe Jeans,10262867
ONLY,10274099
Levis,10266917
Jompers,10265999
Sonari,1026711
Calvin Klein Jeans,10274907
Pepe Jeans,10262863
Belle Fille,10261879
Calvin Klein Jeans,10267697
Chopard,10266609
Ishin,10263061
Pepe Jeans,10264231
Calvin Klein Jeans,10268171
Mochi,10261723
Saree mall,10266279
Chopard,10266647
Saadgi,10264575
Calvin Klein Jeans,10267763
Calvin Klein Jeans,10267633
Sonari,1026857
Calvin Klein Jeans,10268461
Calvin Klein Jeans,10268385
American Crew,10274779
Calvin Klein Jeans,10267945
Pepe Jeans,10262947
Sonari,1027086
Mochi,10261713
Calvin Klein Jeans,10267813
Nike,10271357
Ives,10262413
Sonari,1027007
Sonari,1026755
Levis,10266919
Studio Voylla,10274875
fancy mart,10263769
Puma,10262137
Pepe Jeans,10262895
Studio Voylla,10274891
Calvin Klein Jeans,10268463
Pepe Jeans,10265263
Calvin Klein Jeans,10267871
Mochi,10261697
Calvin Klein Jeans,10268335
ONLY,10274051
Ishin,10263095
Calvin Klein Jeans,10268437
Puma,10262169
Calvin Klein Jeans,10268415
Metro,10274339
Saadgi,10264519
Pepe Jeans,10262869
INVU,10274275
Jompers,10265977
Chopard,10266635
Moda Rapido,10266491
ONLY,10266737
Sonari,1027085
Levis,10266841
Saadgi,10264785
ONLY,10266711
Ahalyaa,10261557
Sonari,1026914
Sonari,1026957
Ira Soleil,10263021
Puma,10262323
ONLY,10273997
Belle Fille,10262025
Puma,10262251
Pepe Jeans,10264141
fancy mart,10263773
Calvin Klein Jeans,10268173
Levis,10266883
Calvin Klein Jeans,10267963
612 league,10261317
ONLY,10273991
Sonari,1026998
Sonari,1026904
Sonari,1027058
Flying Machine,10270979
United Colors of Benetton,1027295
Sonari,1027066
INVU,10274279
Calvin Klein Jeans,10274469
Pepe Jeans,10265043
Belle Fille,10261867
ONLY,10266731
Levis,10266813
Calvin Klein Jeans,10268499
Belle Fille,10261921
Pepe Jeans,10263213
Pepe Jeans,10264649
Calvin Klein Jeans,10268555
ONLY,10274069
SEIKO,10263833
American Crew,10274761
Kraus Jeans,10265383
Mochi,10261729
Sonari,1027076
Sonari,1027012
Calvin Klein Jeans,10267917
Calvin Klein Jeans,10267995
Miss Chase,10265487
ONLY,10274065
AIGNER,10266643
Pepe Jeans,10262837
Vero Moda,10275089
612 league,10261619
Sonari,1027002
ONLY,10274013
Calvin Klein Jeans,10267699
Belle Fille,10261849
Belle Fille,10261887
Ahalyaa,10261559
Sonari,1026713
Saadgi,10265419
Marvel by Wear Your Mind,10267513
ESPRIT,10268869
Puma,10262161
Miss Chase,10265445
Jompers,10265985
Pepe Jeans,10262781
Pepe Jeans,10264389
Calvin Klein Jeans,10268249
Levis,10266959
Ishin,10266521
Levis,10266889
Calvin Klein Jeans,10268061
Sonari,1026731
Pepe Jeans,10264215
Pepe Jeans,10264323
Calvin Klein Jeans,10268423
Calvin Klein Jeans,10268003
Puma,10262053
Calvin Klein Jeans,10268477
Pepe Jeans,10263197
Puma,10262109
Twisha,10267589
ONLY,10273987
American Crew,10274765
Sonari,1027074
Puma,10262117
ONLY,10274015
Ira Soleil,10263017
fancy mart,10263807
Calvin Klein Jeans,10267939
Sonari,1027017
Mochi,10261801
Belle Fille,10261963
ESPRIT,10270099
Jompers,10265935
Levis,10266877
Calvin Klein Jeans,10268279
Sonari,1026911
ONLY,10274003
MISH,10260611
Levis,10266893
Sonari,1026703
Levis,10266945
Belle Fille,10262003
Ives,10262407
Calvin Klein Jeans,10268507
Calvin Klein Jeans,10267857
Calvin Klein Jeans,10274503
Pepe Jeans,10264865
Belle Fille,10261927
Pepe Jeans,10265325
Kraus Jeans,10265369
Saree mall,10266329
Calvin Klein Jeans,10268365
Pepe Jeans,10264063
Vero Moda,10275137
CAT,10265887
Levis,10266929
Calvin Klein Jeans,10274477
Calvin Klein Jeans,10268301
Pepe Jeans,10264429
Levis,10267007
Puma,10262143
Calvin Klein Jeans,10267843
Calvin Klein Jeans,10268315
fancy mart,10263783
ONLY,10274419
fancy mart,10263799
Calvin Klein Jeans,10268077
BownBee,10268825
Pepe Jeans,10265133
Calvin Klein Jeans,10268157
Levis,10266863
612 league,10261295
Levis,10266901
Sonari,1027022
Sonari,1026887
Flying Machine,10270903
Pepe Jeans,10264249
Calvin Klein Jeans,10268201
Indian Terrain,10271659
Wrangler,10267097
Flying Machine,10270933
Calvin Klein Jeans,10268809
Levis,10266857
Calvin Klein Jeans,10267681
ONLY,10274101
Calvin Klein Jeans,10274459
Belle Fille,10261985
SEIKO,10263823
Levis,10266949
Sonari,1026994
Flying Machine,10270967
Levis,10266785
ONLY,10274645
Puma,10262259
Pepe Jeans,10265303
Park Avenue,10274603
Pepe Jeans,10264901
Fusion Beats,10261573
Puma,10262085
Sonari,1026987
Sonari,1026981
Vero Moda,10275099
Calvin Klein Jeans,10268119
Miss Chase,10265461
Ishin,10274211
Pepe Jeans,10265231
Calvin Klein Jeans,10268427
Belle Fille,10261907
612 league,10261263
Vero Moda,10275131
ONLY,10274047
ONLY,10274105
ONLY,10274041
ONLY,10266743
Puma,10262307
Belle Fille,10261997
Sonari,1027005
DOROTHY PERKINS,10269809
Vero Moda,10275101
Belle Fille,10261861
Sonari,1027006
Sonari,1026735
ONLY,10266705
Calvin Klein Jeans,10267673
Calvin Klein Jeans,10267785
Calvin Klein Jeans,10268405
Sonari,1027084
Calvin Klein Jeans,10268429
Sonari,1027016
612 league,10261185
Levis,10266789
Pepe Jeans,10263941
Flying Machine,10270963
Calvin Klein Jeans,10268071
Calvin Klein Jeans,10268241
Michael Kors,10266617
Pepe Jeans,10264909
Puma,10262341
Jompers,10266001
Saadgi,10264511
PRITA,10265511
Calvin Klein Jeans,10267905
Studio Voylla,10274867
Pepe Jeans,10264873
ONLY,10274009
Miss Chase,10265469
Calvin Klein Jeans,10268195
Calvin Klein Jeans,10267895
Flying Machine,10270923
ether,1027232
Calvin Klein Jeans,10267885
Fos Lighting,10263311
Levis,10266847
Pepe Jeans,10264633
Sonari,1026991
Saree mall,10266273
Calvin Klein Jeans,10274463
Calvin Klein Jeans,10274461
Sonari,1026705
Sonari,1026926
Calvin Klein Jeans,10274507
DKNY,10266631
Flying Machine,10270971
Levis,10266873
Pepe Jeans,10264655
Calvin Klein Jeans,10267621
ONLY,10274075
fancy mart,10263789
Calvin Klein Jeans,10267849
Pepe Jeans,10263425
Ives,10262421
Priyaasi,10265499
WESTCLO,10274837
Puma,10262107
Calvin Klein Jeans,10268409
Levis,10266937
Puma,10262129
Saadgi,10264513
Puma,10262281
Sonari,1027078
Belle Fille,10261869
Caprese,10272123
Sonari,1026795
Calvin Klein Jeans,10268257
Puma,10262229
Calvin Klein Jeans,10268627
Sonari,1026803
Puma,10262087
Pepe Jeans,10262745
Calvin Klein Jeans,10274475
Satrani,10271953
Pepe Jeans,10264171
Ishin,10263093
FableStreet,10263125
Pepe Jeans,10265109
Levis,10266895
Saadgi,10264565
Studio Voylla,10274851
Flying Machine,10270905
Calvin Klein Jeans,10274465
Calvin Klein Jeans,10268255
ONLY,10273989
Nike,10271347
Studio Voylla,10274903
Calvin Klein Jeans,10274509
Ishin,10263103
SEIKO,10263819
Mochi,10261765
Flying Machine,10270953
Puma,10262083
Sonari,1026709
Kraus Jeans,10265351
Sonari,1026733
Wish Karo,10265433
American Crew,10274777
Wrangler,10267041
Calvin Klein Jeans,10268791
AIGNER,10266603
Calvin Klein Jeans,10274493
Wrangler,10267067
Puma,10262047
Puma,10262071
Flying Machine,10270907
Calvin Klein Jeans,10268321
109F,10261405
Flying Machine,10270955
Levis,10266799
Belle Fille,10261851
Pepe Jeans,10264897
Louis Philippe,10271235
Belle Fille,10261873
SWISS MILITARY,10261367
Sonari,1026805
Saadgi,10265385
Calvin Klein Jeans,10274485
Indian Terrain,10271783
Calvin Klein Jeans,10274521
Sonari,1027073
Pepe Jeans,10262755
Calvin Klein Jeans,10267923
Calvin Klein Jeans,10274455
Sonari,1027020
Saadgi,10264503
612 league,10261265
Ira Soleil,10263013
Sonari,1026716
Sonari,1026813
ONLY,10274029
Mochi,10261719
naughty ninos,10266239
Saree mall,10264741
Sonari,1026707
Belle Fille,10261847
Calvin Klein Jeans,10267679
Carven,10266773
Calvin Klein Jeans,10268467
Pepe Jeans,10265261
Wild stone,10261449
Ishin,10266547
beevee,10266241
Belle Fille,10261843
Sonari,1026717
Russell Athletic,1026423
Calvin Klein Jeans,10267805
Stupid Cupid,10272013
ONLY,10274043
Jompers,10266059
Calvin Klein Jeans,10268147
612 league,10261205
Pepe Jeans,10264113
Calvin Klein Jeans,10268715
Sonari,1027088
AIGNER,10266623
Pepe Jeans,10264983
Pepe Jeans,10264931
Calvin Klein Jeans,10268117
Levis,10266837
Levis,10266819
Pepe Jeans,10265171
Sonari,1026699
Pepe Jeans,10263143
Levis,10266913
Calvin Klein Jeans,10268439
Miss Chase,10265489
Belle Fille,10262017
Puma,10262289
Levis,10266903
Sonari,1026853
Sonari,1027075
Pepe Jeans,10263181
Pepe Jeans,10263145
Puma,10262159
Metro,10274341
Levis,10266835
fancy mart,10263801
Calvin Klein Jeans,10267743
Pepe Jeans,10263399
Calvin Klein Jeans,10268329
Calvin Klein Jeans,10267767
ether,1027236
Levis,10266871
Twisha,10267605
Sonari,1026845
ONLY,10274081
Sonari,1026741
Sonari,1026875
American Crew,10274755
Parx,10274547
Wish Karo,10265431
Calvin Klein Jeans,10267983
612 league,10261219
Sonari,1027014
Sonari,1026901
American Crew,10274781
Ishin,10266533
Miss Chase,10265465
GUESS,10266619
Calvin Klein Jeans,10268041
Sonari,1027080
Pepe Jeans,10265137
Vero Moda,10275107
INVU,10274295
Sonari,1026753
Belle Fille,10261845
Sonari,1027008
Pepe Jeans,10265177
Laceandme,10261595
Pepe Jeans,10262843
Mochi,10261721
612 league,10261607
Bvlgari,10266621
Pepe Jeans,10265199
